label,Centroid-0,Centroid-1,bbox-0,bbox-1,bbox-2,bbox-3
1,115.09985935302392,872.662447257384,99,858,132,889
2,407.7928759894459,688.9234828496042,391,673,426,706
3,610.4332627118644,771.854872881356,594,754,628,790
4,731.4311111111111,906.9788888888888,715,890,751,923
5,879.5288356909684,191.9575625680087,863,176,899,211
6,893.1821771009588,1039.1381838691484,869,1014,917,1065
7,944.0366972477065,1261.4512093411176,925,1243,968,1285
