label,Centroid-0,Centroid-1,bbox-0,bbox-1,bbox-2,bbox-3
1,175.85211267605635,308.4976525821596,157,286,198,335
2,710.8710359408034,915.4122621564482,692,900,732,932
3,902.2449922958398,1060.9060092449922,888,1047,919,1076
4,983.635294117647,1191.5228758169935,972,1172,996,1212
