label,Centroid-0,Centroid-1,bbox-0,bbox-1,bbox-2,bbox-3
1,410.8580060422961,695.3761329305136,395,681,427,710
2,583.4897739504844,766.5069967707212,567,749,601,785
3,716.9171428571428,903.6228571428571,701,890,733,918
4,880.280701754386,191.6809210526316,863,176,900,210
5,886.319587628866,1039.9931271477662,870,1022,903,1059
