label,Centroid-0,Centroid-1,bbox-0,bbox-1,bbox-2,bbox-3
1,123.782722513089,817.1282722513089,111,799,138,837
2,577.2256559766764,87.11603498542274,555,59,604,120
3,577.7085590465872,1279.5124593716143,560,1260,595,1299
4,700.725888324873,910.0253807106599,688,892,715,930
5,818.2411194833154,625.3153928955867,800,609,838,643
