label,Centroid-0,Centroid-1,bbox-0,bbox-1,bbox-2,bbox-3
1,575.3540621865596,154.06318956870612,563,130,589,179
2,712.3995006242197,898.5680399500624,696,883,729,915
3,880.4536312849162,192.5754189944134,864,177,900,212
