label,Centroid-0,Centroid-1,bbox-0,bbox-1,bbox-2,bbox-3
1,40.20546810273405,572.4888152444076,24,551,60,596
2,76.29078014184397,1181.3205673758864,61,1166,93,1197
3,206.9450337512054,839.7213114754098,190,821,226,860
4,266.1701492537313,315.18407960199005,251,296,285,338
5,700.4363177805801,913.6267339218159,687,895,714,934
6,1030.9261603375528,1198.6181434599157,1020,1183,1040,1214
