label,Centroid-0,Centroid-1,bbox-0,bbox-1,bbox-2,bbox-3
1,220.676603432701,669.3206865401987,202,650,241,692
2,433.3844061650045,693.0045330915684,414,675,455,713
3,460.3881673881674,1094.3333333333333,447,1078,475,1112
4,474.16711590296495,1239.1253369272238,457,1224,492,1254
5,584.469723183391,390.3356401384083,561,372,609,411
6,705.476846057572,911.8635794743429,692,894,720,932
7,886.1646623496762,1059.0111008325625,864,1045,911,1077
8,880.3091787439613,192.92874396135267,865,177,899,212
9,934.1322603219035,1021.6095171448566,912,1001,959,1045
