label,Centroid-0,Centroid-1,bbox-0,bbox-1,bbox-2,bbox-3
1,39.256175663311986,572.7959743824337,24,552,58,597
2,76.02262443438914,1181.6214177978884,61,1167,92,1197
3,205.03690369036903,840.4815481548155,188,821,225,862
4,271.04928909952605,317.78578199052134,254,300,292,339
5,700.50563204005,913.6633291614518,687,895,714,934
