label,Centroid-0,Centroid-1,bbox-0,bbox-1,bbox-2,bbox-3
1,446.951912568306,717.9344262295082,431,698,465,739
2,711.67087276551,915.5720294426919,696,895,728,937
3,784.6666666666666,922.576,758,891,812,955
4,886.3200859291085,1055.8388829215896,864,1043,910,1070
5,881.1468110709988,194.05415162454872,866,178,900,213
