label,Centroid-0,Centroid-1,bbox-0,bbox-1,bbox-2,bbox-3
1,110.96449704142012,1196.5917159763314,98,1176,125,1218
2,122.58788774002954,871.0369276218612,108,856,138,887
3,332.7105666156202,700.4494640122512,313,678,353,723
4,408.1055634807418,690.3252496433666,393,675,424,707
5,604.0531349628055,772.9564293304994,587,756,623,791
6,657.0144267274108,588.6393318147304,636,570,682,609
7,724.9343065693431,908.3169968717414,707,891,745,925
8,879.4369266055046,192.23050458715596,863,176,898,211
9,884.1587462082912,1036.6016177957533,869,1015,901,1059
