label,Centroid-0,Centroid-1,bbox-0,bbox-1,bbox-2,bbox-3
1,296.44220572640506,861.2990455991517,278,845,318,880
2,426.0266808964781,713.9284951974387,403,699,448,729
3,446.86036519871107,931.8249194414608,429,912,466,953
4,607.6742738589212,999.1856846473029,590,983,626,1017
5,693.293006993007,951.6636363636363,673,930,715,976
6,702.0231578947369,905.2431578947369,687,885,718,927
