label,Centroid-0,Centroid-1,bbox-0,bbox-1,bbox-2,bbox-3
1,84.88125,1221.8234375,71,1208,100,1236
2,524.1788617886178,937.4587688734031,506,920,542,957
3,714.5422045680239,919.6077457795432,695,905,737,937
4,880.9133425034388,195.59284731774414,867,180,898,214
