label,Centroid-0,Centroid-1,bbox-0,bbox-1,bbox-2,bbox-3
1,121.14229765013054,871.9686684073107,105,858,139,889
2,409.55274261603375,684.6399437412095,393,670,427,700
3,604.8172790466733,752.424031777557,587,735,624,771
4,731.3541226215644,908.7241014799155,713,893,752,925
5,877.8031674208145,194.4185520361991,861,178,897,213
6,890.4784876140808,1038.7066492829206,869,1016,913,1061
7,952.5368802902055,1279.1487303506651,937,1263,970,1296
8,1030.4354838709678,1125.7137096774193,1019,1111,1040,1141
