label,Centroid-0,Centroid-1,bbox-0,bbox-1,bbox-2,bbox-3
1,113.91346153846153,1099.6875,88,1081,144,1119
2,362.3858858858859,798.4129129129129,347,786,380,813
3,543.4177583697234,1051.0072780203784,528,1036,560,1067
4,575.2647444298821,1271.8230668414155,559,1255,593,1288
5,719.4635416666666,888.65625,702,875,737,904
6,798.5820591233436,1040.1223241590214,777,1023,822,1056
7,820.6270136307311,629.2441140024783,805,613,838,645
8,1013.4973319103522,1276.521878335112,992,1262,1036,1293
