label,Centroid-0,Centroid-1,bbox-0,bbox-1,bbox-2,bbox-3
1,39.22526934378061,1179.2840352595495,19,1164,61,1197
2,46.10679611650485,1235.8941747572815,29,1218,66,1256
3,175.56517412935324,646.1771144278607,157,629,196,666
4,422.76785714285717,1272.2507142857144,400,1253,449,1292
5,448.6495659037096,933.1878453038674,428,913,471,955
6,701.7015151515152,961.9545454545455,687,948,717,978
7,717.4198782961461,886.9411764705883,698,872,740,904
8,907.3810143042913,1087.3355006501952,890,1072,924,1106
9,1019.756043956044,1273.335531135531,1001,1251,1040,1298
