label,Centroid-0,Centroid-1,bbox-0,bbox-1,bbox-2,bbox-3
1,414.5895450145208,642.5188770571152,393,627,438,660
2,495.4610123119015,1269.3789329685362,477,1257,515,1282
3,703.3621794871794,909.3151709401709,689,889,719,930
4,811.8783542039356,624.5277280858676,793,607,833,645
5,836.9074221867518,508.71827613727055,814,492,862,526
6,858.3615257048093,925.3355444997236,838,898,886,954
