label,Centroid-0,Centroid-1,bbox-0,bbox-1,bbox-2,bbox-3
1,111.69732704402516,1099.5283018867924,90,1081,137,1119
2,361.4019746121298,799.5528913963328,346,786,379,816
3,552.2131287297527,1052.4407502131287,530,1034,573,1072
4,565.2154654654655,1271.9984984984985,536,1257,596,1289
5,718.8843441466855,888.9788434414669,702,876,736,904
6,797.5979274611399,1040.5626943005182,776,1024,821,1057
7,826.0024183796857,628.5441354292624,810,612,843,645
8,1011.8287234042554,1277.0031914893616,990,1262,1034,1293
