label,Centroid-0,Centroid-1,bbox-0,bbox-1,bbox-2,bbox-3
1,121.94362416107383,871.0469798657718,106,857,140,887
2,411.0520393811533,684.2841068917019,395,669,428,700
3,604.144385026738,752.2181818181818,587,735,622,770
4,732.010460251046,908.6485355648535,713,892,753,925
5,879.2919540229885,193.8793103448276,863,178,898,212
6,889.4331306990881,1036.8115501519758,870,1015,913,1061
7,953.7276119402985,1278.9427860696517,938,1263,970,1296
8,1031.4273204903677,1124.5288966725043,1022,1106,1040,1143
