label,Centroid-0,Centroid-1,bbox-0,bbox-1,bbox-2,bbox-3
1,201.84582743988685,816.5671852899576,190,799,216,835
2,570.4167507568113,95.22704339051464,555,77,590,117
3,579.7307001795332,1280.427289048474,563,1259,600,1305
4,702.9421661409043,913.7928496319663,689,893,718,935
5,821.118301314459,627.5520728008089,802,611,842,645
