label,Centroid-0,Centroid-1,bbox-0,bbox-1,bbox-2,bbox-3
1,580.4108695652174,763.5728260869565,564,747,599,782
2,711.089179548157,900.9643281807372,695,885,729,917
3,880.1060267857143,192.390625,863,176,900,211
4,886.0184956843403,1040.2663378545005,870,1023,903,1058
