label,Centroid-0,Centroid-1,bbox-0,bbox-1,bbox-2,bbox-3
1,135.32064128256513,813.9058116232464,118,796,156,834
2,579.0168119551681,82.80074719800747,553,58,604,108
3,580.2531172069826,1276.2605985037405,564,1258,596,1293
4,654.3175,617.6075,634,600,678,637
5,701.4633204633204,909.1518661518661,688,891,715,929
6,816.2509881422925,625.3221343873518,797,610,836,643
