label,Centroid-0,Centroid-1,bbox-0,bbox-1,bbox-2,bbox-3
1,174.7465224111283,811.5378670788253,162,796,188,829
2,712.1036717062635,913.9481641468683,698,894,728,936
3,779.232770745429,931.2004219409283,747,892,810,970
4,880.9567430025445,194.1259541984733,866,178,899,213
