label,Centroid-0,Centroid-1,bbox-0,bbox-1,bbox-2,bbox-3
1,129.72809278350516,1098.5914948453608,112,1083,149,1112
2,362.20373027259683,799.1119081779053,346,786,380,815
3,552.4168421052632,1050.7122807017545,531,1028,575,1073
4,564.3359264497878,1275.001414427157,535,1259,596,1291
5,718.9698630136986,888.8123287671233,702,876,736,904
6,777.5671641791045,926.9692164179105,761,903,795,952
7,801.9019607843137,1044.6596638655462,784,1032,821,1058
8,835.0562293274531,630.1433296582139,819,612,852,649
9,1011.2983706720978,1277.2423625254582,990,1262,1034,1294
