label,Centroid-0,Centroid-1,bbox-0,bbox-1,bbox-2,bbox-3
1,564.3472429210134,129.7377049180328,549,115,581,145
2,712.1270236612702,899.0224159402242,696,884,729,916
3,880.5660173160173,192.42532467532467,863,176,900,211
