label,Centroid-0,Centroid-1,bbox-0,bbox-1,bbox-2,bbox-3
1,411.0027777777778,695.5777777777778,395,680,428,712
2,583.3155694879832,767.5047021943574,567,750,602,787
3,714.2608695652174,904.3573369565217,698,890,731,919
4,880.2288503253797,192.33405639913232,863,176,900,211
5,886.077267637178,1039.9204927211647,869,1022,904,1059
