label,Centroid-0,Centroid-1,bbox-0,bbox-1,bbox-2,bbox-3
1,475.9677211103938,1232.1065203357005,454,1208,496,1260
2,599.8916437098255,360.35169880624426,580,343,623,381
3,701.7734806629834,909.3038674033149,686,894,719,925
4,885.7424931756142,1060.5550500454958,862,1047,911,1076
5,881.4186575654153,193.24687144482365,865,177,901,212
6,933.8973927670311,1021.6324642556771,914,1004,957,1042
