label,Centroid-0,Centroid-1,bbox-0,bbox-1,bbox-2,bbox-3
1,107.46945606694561,776.2937238493724,85,756,129,796
2,296.9245463228271,862.0305635148042,278,845,318,881
3,428.19338235294117,714.225,400,698,458,731
4,602.6738660907127,1013.9946004319654,587,997,621,1033
5,643.381880733945,522.7350917431193,627,506,662,541
6,686.0427426536064,950.540071237756,660,924,712,982
7,703.1322645290581,905.4238476953908,686,886,721,926
