label,Centroid-0,Centroid-1,bbox-0,bbox-1,bbox-2,bbox-3
1,48.287303058387394,1179.0101946246525,28,1162,70,1198
2,450.10889443059017,934.3399833748961,431,914,471,956
3,593.7751605995718,986.0738758029978,576,970,614,1004
4,703.2793733681463,963.4760661444734,685,944,723,985
5,703.3062568605927,894.5861690450055,689,874,718,915
6,910.1627620221948,1073.5388409371146,886,1052,936,1095
7,995.688293370945,1057.425952045134,976,1034,1017,1082
