label,Centroid-0,Centroid-1,bbox-0,bbox-1,bbox-2,bbox-3
1,713.0366379310345,916.8297413793103,698,897,729,938
2,880.4918256130791,195.224795640327,867,179,897,214
