label,Centroid-0,Centroid-1,bbox-0,bbox-1,bbox-2,bbox-3
1,576.5669125395153,755.1822971548999,560,738,595,774
2,712.1869618696187,899.0627306273062,696,883,729,915
3,879.1648998822144,192.34628975265016,863,177,898,211
4,887.2046511627907,1040.4313953488372,870,1022,904,1059
5,891.7377777777778,1226.2124444444444,872,1208,914,1247
