label,Centroid-0,Centroid-1,bbox-0,bbox-1,bbox-2,bbox-3
1,115.90564292321925,1197.2442183163737,100,1176,136,1221
2,123.10378681626929,871.4137447405329,108,856,139,888
3,333.31976313841596,701.4515173945226,314,677,355,724
4,408.77507598784194,690.1200607902736,394,676,425,705
5,604.8120805369127,772.6398210290828,588,756,623,790
6,657.9503311258278,588.989238410596,639,571,680,610
7,721.7447447447447,910.6896896896897,702,896,744,928
8,880.1007667031763,192.15991237677986,863,176,899,211
9,886.9355116079106,1034.3869303525366,869,1014,909,1058
