label,Centroid-0,Centroid-1,bbox-0,bbox-1,bbox-2,bbox-3
1,296.6166868198307,864.0870616686819,279,851,317,879
2,445.94147843942505,934.9168377823408,427,915,466,956
3,603.0061162079511,997.4169215086646,585,981,622,1016
4,695.6140240050537,953.9955780164245,674,931,719,980
5,703.5653082549634,905.123301985371,688,885,720,927
6,748.2164179104477,1028.431592039801,731,1011,766,1047
7,909.973037747154,1073.249251048532,882,1051,936,1099
