label,Centroid-0,Centroid-1,bbox-0,bbox-1,bbox-2,bbox-3
1,324.44713870029096,680.8933074684772,307,663,344,701
2,525.8841463414634,1362.9520905923346,505,1345,549,1383
3,696.0702846975089,330.3612099644128,677,312,718,351
4,703.4978586723769,909.6391862955032,689,889,718,931
5,747.6164079822616,894.3303769401331,732,878,766,913
6,812.3336330935252,624.9856115107914,794,607,834,645
7,950.1930080116533,741.0924981791698,930,720,972,765
8,999.0592885375494,30.610671936758894,979,16,1022,49
