label,Centroid-0,Centroid-1,bbox-0,bbox-1,bbox-2,bbox-3
1,34.307377049180324,1178.6926229508197,13,1161,58,1198
2,49.05931495405179,1236.499582289056,32,1215,68,1259
3,174.83368869936035,643.6556503198294,157,626,195,664
4,448.6166982922201,931.388045540797,429,913,470,951
5,456.16268980477224,1273.17859725235,435,1254,479,1294
6,579.6170520231213,960.0057803468208,563,946,597,975
7,717.6902834008097,886.9514170040486,698,871,740,904
8,1016.6766784452296,1270.4849823321554,999,1251,1036,1292
