label,Centroid-0,Centroid-1,bbox-0,bbox-1,bbox-2,bbox-3
1,119.069640914037,873.752992383025,103,854,137,895
2,332.43822222222224,698.5724444444445,315,681,353,719
3,408.5547652916074,689.2076813655761,393,674,425,706
4,611.9321862348178,772.7692307692307,594,756,631,792
5,731.0780065005417,906.931744312026,714,890,750,924
6,879.4026258205689,191.57439824945294,863,175,899,211
7,885.4619883040936,1036.1072124756336,869,1016,905,1058
8,943.6068965517242,1246.5551724137931,924,1232,965,1262
