label,Centroid-0,Centroid-1,bbox-0,bbox-1,bbox-2,bbox-3
1,326.7280701754386,732.4147869674185,313,713,342,750
2,409.4896373056995,690.793609671848,389,670,429,711
3,568.375,730.7406716417911,550,713,588,750
4,658.9681978798586,758.206124852768,639,744,680,773
5,731.397616468039,907.2513542795233,715,890,750,925
6,880.7470588235294,195.6070588235294,865,179,899,214
7,888.9948071216617,1039.927299703264,869,1019,910,1062
8,947.5776470588236,615.5541176470588,931,600,966,633
9,952.7706692913385,1271.2450787401574,937,1252,969,1292
