label,Centroid-0,Centroid-1,bbox-0,bbox-1,bbox-2,bbox-3
1,78.04347826086956,1221.7890499194848,59,1201,100,1245
2,92.225935828877,1179.9010695187167,77,1163,107,1198
3,520.5632295719844,938.9727626459144,502,922,542,956
4,713.3417593528817,918.8584428715875,694,904,735,936
5,880.0537190082645,194.61019283746558,866,179,897,213
