label,Centroid-0,Centroid-1,bbox-0,bbox-1,bbox-2,bbox-3
1,479.17836812144213,1233.2447817836812,458,1210,500,1262
2,600.8552995391705,359.0783410138249,583,341,623,381
3,882.6407222914072,1065.3561643835617,858,1047,911,1086
4,881.6434977578475,193.207399103139,865,177,901,212
5,922.0171171171171,1020.0162162162162,904,1001,942,1042
