label,Centroid-0,Centroid-1,bbox-0,bbox-1,bbox-2,bbox-3
1,84.64762741652021,1162.4894551845343,67,1142,104,1185
2,102.20934256055364,787.5925605536332,86,765,120,813
3,213.8923076923077,504.9095022624434,197,485,234,529
4,700.0263435194942,927.0158061116965,681,911,721,943
5,818.8594741613781,1261.713508612874,801,1243,839,1282
6,990.8546423135464,1194.5319634703196,970,1176,1013,1216
