label,Centroid-0,Centroid-1,bbox-0,bbox-1,bbox-2,bbox-3
1,132.70736434108528,816.2519379844962,116,798,153,838
2,577.3976293103449,86.07435344827586,553,56,603,120
3,578.0404135338346,1281.2161654135339,560,1259,597,1304
4,653.1600985221675,617.6847290640394,632,600,677,638
5,701.4418901660281,910.3154533844189,689,892,715,930
6,817.7957746478874,625.258551307847,799,609,838,643
