label,Centroid-0,Centroid-1,bbox-0,bbox-1,bbox-2,bbox-3
1,577.8109504132232,752.5113636363636,560,736,597,771
2,711.7478260869565,898.5627329192547,695,883,728,915
3,879.6330376940133,192.33370288248338,863,176,899,211
4,889.952913008779,1225.5498802873105,869,1205,912,1247
5,886.8333333333334,1039.9950980392157,870,1022,904,1058
