label,Centroid-0,Centroid-1,bbox-0,bbox-1,bbox-2,bbox-3
1,313.42962962962963,654.7022222222222,297,641,330,670
2,451.1764705882353,1109.28797190518,434,1087,471,1132
3,481.1757836508912,1240.4935464044254,461,1215,504,1266
4,572.5949570815451,1324.2210300429185,549,1297,597,1351
5,705.1238938053098,904.3834808259587,690,891,722,919
6,885.8732517482517,1059.1923076923076,862,1044,911,1075
7,881.7212581344902,193.68438177874185,865,177,901,212
