label,Centroid-0,Centroid-1,bbox-0,bbox-1,bbox-2,bbox-3
1,408.59789750328514,693.011826544021,392,677,426,710
2,593.2254697286013,756.2849686847599,576,739,612,775
3,668.6143092105264,924.9103618421053,649,906,691,947
4,709.5389016018306,910.4645308924485,691,895,729,928
5,880.1453175457481,191.4908503767492,863,175,900,210
6,886.6337741607324,1038.5544252288912,869,1019,905,1059
