label,Centroid-0,Centroid-1,bbox-0,bbox-1,bbox-2,bbox-3
1,36.62227602905569,576.2530266343825,25,556,51,597
2,202.08240534521158,833.9977728285078,188,815,218,855
3,278.2491935483871,321.291935483871,258,301,302,342
4,701.2357512953367,912.1670984455959,689,894,715,932
