label,Centroid-0,Centroid-1,bbox-0,bbox-1,bbox-2,bbox-3
1,155.2134328358209,982.0,139,970,173,995
2,315.5306781485468,807.4564047362755,296,791,336,825
3,424.23339483394835,646.7841328413284,400,629,449,666
4,449.8435114503817,784.449427480916,425,772,476,797
5,487.31349782293177,1313.6632801161104,473,1297,501,1331
6,516.2995555555556,817.4097777777778,497,800,538,836
7,747.2463851937537,667.3227299016772,714,650,780,691
8,841.3348554033486,1052.7762557077626,825,1040,859,1066
