label,Centroid-0,Centroid-1,bbox-0,bbox-1,bbox-2,bbox-3
1,408.20553359683794,693.1660079051384,392,677,425,710
2,589.3792735042736,755.3344017094017,572,739,607,773
3,655.635807860262,803.2131004366812,636,786,679,824
4,705.8858725761772,916.4465373961219,679,892,733,942
5,880.1193866374589,192.07557502738226,863,176,900,211
6,886.9077868852459,1038.610655737705,869,1019,905,1059
