label,Centroid-0,Centroid-1,bbox-0,bbox-1,bbox-2,bbox-3
1,136.68525896414343,813.9183266932271,119,797,157,834
2,550.3679435483871,425.41733870967744,528,412,574,439
3,580.3673130193906,84.61274238227146,554,57,605,111
4,578.4405594405595,1277.5244755244755,561,1258,595,1296
5,654.7578589634664,617.9133389974511,635,600,677,638
6,700.3527918781726,909.8083756345178,688,892,715,930
7,812.8445945945946,625.8629343629343,794,610,833,644
