label,Centroid-0,Centroid-1,bbox-0,bbox-1,bbox-2,bbox-3
1,150.30182599355533,89.24274973147153,134,73,170,109
2,524.3290949887809,1359.3709798055347,503,1340,548,1381
3,573.2663125948407,205.0257966616085,550,188,600,225
4,701.9416983523447,906.6210392902408,689,888,716,927
5,758.5919208573785,869.0544105523495,740,849,778,891
6,812.2036529680365,625.3013698630137,794,607,833,646
7,987.800925925926,1312.1890432098764,966,1294,1012,1332
