label,Centroid-0,Centroid-1,bbox-0,bbox-1,bbox-2,bbox-3
1,562.2964509394573,742.9133611691022,546,725,581,764
2,616.3937547600914,673.8004569687738,594,656,641,693
3,711.6759847522236,898.5387547649301,695,883,728,915
4,878.7497076023392,191.9578947368421,863,176,898,211
