label,Centroid-0,Centroid-1,bbox-0,bbox-1,bbox-2,bbox-3
1,148.00132802124833,85.50730411686587,133,70,166,103
2,512.6730769230769,1271.224358974359,493,1258,533,1285
3,525.3863287250384,1359.8087557603687,504,1341,548,1381
4,577.9860703812317,201.62316715542522,551,186,609,218
5,701.9596354166666,906.1236979166666,690,888,716,926
6,753.2584053794428,873.0826128722382,735,856,774,892
7,811.7298277425203,625.1949229374434,794,607,833,646
8,983.2462509865825,1313.9818468823994,963,1296,1007,1337
