label,Centroid-0,Centroid-1,bbox-0,bbox-1,bbox-2,bbox-3
1,173.98021308980213,816.9756468797565,161,802,188,834
2,712.5289699570816,917.1469957081545,698,897,728,939
3,880.8722826086956,194.66847826086956,867,179,898,213
4,997.1428571428571,1328.0714285714287,978,1315,1017,1343
