label,Centroid-0,Centroid-1,bbox-0,bbox-1,bbox-2,bbox-3
1,578.1466524973432,757.3719447396387,562,740,596,776
2,713.061936936937,900.7274774774775,696,884,730,919
3,878.5702576112412,191.78337236533957,863,176,898,211
4,886.9084913437757,1224.8598516075845,867,1207,910,1246
5,885.582183186951,1040.7779171894604,870,1023,901,1059
