label,Centroid-0,Centroid-1,bbox-0,bbox-1,bbox-2,bbox-3
1,187.26731198808636,921.8339538346985,169,899,209,946
2,519.5993975903615,79.644578313253,502,62,540,100
3,546.081001472754,419.3321060382916,518,403,577,436
4,657.868544600939,615.825352112676,636,601,682,633
5,700.6466069142125,908.3521126760563,687,890,714,928
6,811.2895970009372,626.1546391752578,793,608,832,646
