label,Centroid-0,Centroid-1,bbox-0,bbox-1,bbox-2,bbox-3
1,261.4381384790011,788.5754824063564,244,770,278,807
2,451.9837606837607,714.6940170940171,432,696,476,738
3,712.8222923238696,915.6445846477392,698,895,728,937
4,791.0833710919801,914.1377435432714,764,884,821,947
5,886.1435132032148,1056.7152698048221,865,1044,908,1071
6,881.2407643312102,194.8127388535032,866,179,899,214
