label,Centroid-0,Centroid-1,bbox-0,bbox-1,bbox-2,bbox-3
1,115.97411198073449,1097.8470800722457,87,1078,149,1116
2,362.2378223495702,799.3438395415473,346,786,380,815
3,551.362056480811,1051.5249818971758,530,1029,572,1072
4,565.0850290697674,1274.1845930232557,536,1259,596,1291
5,719.3720279720279,889.406993006993,703,876,736,905
6,777.529,926.497,761,904,795,950
7,798.6519774011299,1042.502824858757,778,1027,821,1058
8,831.982476635514,629.7885514018692,815,613,849,647
9,1012.1005128205128,1277.3620512820512,990,1262,1035,1294
