label,Centroid-0,Centroid-1,bbox-0,bbox-1,bbox-2,bbox-3
1,350.8886554621849,497.9306722689076,332,474,371,524
2,512.6212962962964,944.6277777777777,492,923,529,967
3,713.1343434343435,918.6626262626263,693,904,735,936
