label,Centroid-0,Centroid-1,bbox-0,bbox-1,bbox-2,bbox-3
1,153.11360448807855,87.47826086956522,135,75,172,101
2,524.3748427672956,86.11823899371069,509,70,542,104
3,566.7872340425532,206.48103607770582,547,190,590,225
4,701.5012953367876,906.839378238342,689,888,715,927
5,752.750816993464,869.187908496732,733,850,775,890
6,810.5610438024231,625.3355079217148,793,607,831,646
7,986.34,1315.9460869565216,967,1298,1008,1336
