label,Centroid-0,Centroid-1,bbox-0,bbox-1,bbox-2,bbox-3
1,125.01891252955083,872.4657210401891,109,857,144,890
2,409.40281690140847,684.7183098591549,393,670,426,700
3,604.8647830474268,779.1120080726539,588,761,624,798
4,731.3459516298633,908.4815983175605,713,892,752,925
5,878.7953757225433,193.74913294797688,863,178,898,212
6,890.2671480144404,1040.179302045728,868,1014,914,1066
7,951.6015283842795,1277.3362445414848,935,1260,970,1295
