label,Centroid-0,Centroid-1,bbox-0,bbox-1,bbox-2,bbox-3
1,124.18988902589396,1174.462392108508,107,1157,141,1190
2,410.682119205298,693.4490066225165,394,678,428,710
3,585.4234693877551,766.5244897959184,568,749,604,786
4,881.0612244897959,191.95810955961332,864,176,901,211
5,886.0352564102565,1038.590811965812,869,1019,904,1059
