label,Centroid-0,Centroid-1,bbox-0,bbox-1,bbox-2,bbox-3
1,128.38412408759123,1177.1277372262773,110,1159,149,1198
2,408.98056994818654,693.7176165803108,392,678,427,711
3,586.1978835978836,760.1047619047619,569,744,605,778
4,655.1426174496644,802.3674496644295,636,784,677,823
5,707.8393977415308,912.1417816813049,679,894,739,931
6,880.6573275862069,192.11099137931035,864,176,900,211
7,887.3336798336799,1038.4885654885654,869,1019,906,1058
