label,Centroid-0,Centroid-1,bbox-0,bbox-1,bbox-2,bbox-3
1,187.85533184190902,921.738255033557,168,900,211,945
2,515.5700431034483,78.27693965517241,499,62,536,99
3,544.6420454545455,420.62571022727275,516,403,574,441
4,582.7137637028014,81.70280146163216,562,69,604,95
5,657.778,613.418,635,600,682,627
6,700.2222222222222,908.2528735632184,687,890,714,928
7,811.0103675777568,626.1950989632422,793,609,831,646
