label,Centroid-0,Centroid-1,bbox-0,bbox-1,bbox-2,bbox-3
1,109.60620525059666,1202.4494828957836,94,1174,126,1232
2,408.1150895140665,692.8810741687979,392,677,426,710
3,593.9471458773785,754.3255813953489,577,737,612,773
4,642.9966583124478,926.0768588137009,624,908,666,948
5,717.0921568627451,907.6980392156863,697,892,739,925
6,879.4730728616685,192.1932418162619,862,176,899,211
7,885.7350859453994,1038.8291203235592,868,1020,904,1059
