label,Centroid-0,Centroid-1,bbox-0,bbox-1,bbox-2,bbox-3
1,440.41654978962134,706.7321178120617,424,693,458,721
2,454.4143790849673,1101.3346405228758,435,1089,474,1115
3,704.4902255639098,904.4796992481203,689,891,721,919
4,879.9051522248244,192.70608899297423,864,177,899,212
