label,Centroid-0,Centroid-1,bbox-0,bbox-1,bbox-2,bbox-3
1,17.163403106009454,1158.5847400405132,0,1131,45,1180
2,44.46474953617811,1234.2551020408164,30,1210,59,1260
3,387.0996805111821,1095.158466453674,365,1072,410,1121
4,455.6181678214011,1269.186297151655,439,1245,475,1294
5,511.2629416598192,1098.8578471651601,491,1081,534,1120
6,560.681598062954,993.3075060532688,549,973,574,1015
7,719.6529680365297,890.5251141552511,703,874,737,907
8,740.3036211699165,1340.7168059424328,722,1323,760,1361
9,1017.2691717791411,1277.631134969325,998,1256,1040,1299
