label,Centroid-0,Centroid-1,bbox-0,bbox-1,bbox-2,bbox-3
1,326.88581952117863,738.2274401473296,309,715,347,758
2,410.16791979949875,690.2138680033416,390,668,430,712
3,567.9420889348501,718.0506721820062,551,701,587,737
4,658.262668918919,754.964527027027,639,735,681,775
5,728.0393617021276,905.6244680851064,709,890,749,922
6,833.7719298245614,503.79605263157896,817,488,852,522
7,881.576167076167,194.33046683046683,866,179,899,212
8,888.1245928338762,1040.685667752443,869,1020,909,1063
9,950.9116972477065,1284.241972477064,935,1268,968,1302
