label,Centroid-0,Centroid-1,bbox-0,bbox-1,bbox-2,bbox-3
1,115.02763561924257,867.5772773797339,98,850,133,886
2,407.729216152019,689.7743467933492,391,673,427,709
3,614.0122574055158,772.826353421859,597,756,632,791
4,731.7285407725321,908.4431330472103,714,892,752,925
5,880.1280353200883,193.3830022075055,863,177,899,212
6,893.6553672316384,1039.9418079096044,870,1014,917,1066
7,948.254930606282,1271.8685171658144,928,1251,971,1295
