label,Centroid-0,Centroid-1,bbox-0,bbox-1,bbox-2,bbox-3
1,137.81913875598087,814.0200956937799,121,795,156,836
2,549.0161812297735,428.3656957928803,528,411,573,449
3,579.8034310221586,80.64188706218728,555,56,602,103
4,579.0411311053984,1276.3714652956298,563,1258,594,1294
5,653.9659574468085,618.9787234042553,634,602,677,639
6,700.5082802547771,910.2980891719745,687,892,714,930
7,811.7619047619048,626.2922502334267,792,610,833,645
