label,Centroid-0,Centroid-1,bbox-0,bbox-1,bbox-2,bbox-3
1,94.43388429752066,1300.2669421487603,74,1282,119,1321
2,116.8270509977827,711.5639320029564,94,690,142,735
3,128.2144578313253,839.5373493975903,107,816,148,862
4,131.44398340248964,1105.496265560166,108,1090,157,1125
5,383.0067243035543,1095.8001921229586,366,1074,401,1118
6,509.4887892376682,780.6890881913304,496,766,525,797
7,718.655672823219,887.8245382585752,702,874,736,903
8,865.6630843632456,982.0080601826975,846,953,886,1013
9,988.0045632333768,1044.1245110821383,966,1022,1014,1068
