label,Centroid-0,Centroid-1,bbox-0,bbox-1,bbox-2,bbox-3
1,120.89240972733973,871.9852616064849,101,850,143,896
2,259.6845289541919,498.02592912705273,241,480,281,520
3,409.87118193891104,684.8897742363878,393,670,428,701
4,606.4487562189055,773.2009950248756,588,756,626,792
5,643.89125,719.43875,631,700,658,740
6,731.6230598669623,906.8425720620843,715,890,750,924
7,879.8678223185266,192.56663055254606,863,176,899,211
8,888.2022382094325,1036.5267785771382,869,1015,911,1061
9,952.0224171539961,1275.930799220273,934,1259,972,1296
