label,Centroid-0,Centroid-1,bbox-0,bbox-1,bbox-2,bbox-3
1,296.25,117.66388888888889,278,100,318,138
2,457.4139590854392,689.5222623345367,440,671,474,707
3,492.6568551510457,741.3129357087529,472,720,515,765
4,702.4555084745763,907.6705508474577,688,887,717,929
5,858.9757653061224,941.3086734693877,837,917,886,968
