label,Centroid-0,Centroid-1,bbox-0,bbox-1,bbox-2,bbox-3
1,112.64475627769572,1098.2525849335302,88,1080,140,1117
2,362.25985401459855,798.621897810219,347,785,380,814
3,552.2014331210191,1051.68550955414,530,1032,574,1071
4,565.7512839325018,1272.3499633162141,537,1257,597,1289
5,719.4817415730337,888.6544943820224,703,876,736,904
6,780.4323529411764,920.2573529411765,767,904,795,938
7,798.6615044247787,1041.004424778761,778,1025,821,1057
8,829.3279445727483,628.6073903002309,813,612,847,646
9,1012.5218783351121,1276.4770544290288,991,1261,1035,1293
