label,Centroid-0,Centroid-1,bbox-0,bbox-1,bbox-2,bbox-3
1,532.978560490046,1355.9004594180703,519,1341,549,1370
2,586.4515570934255,199.57785467128028,560,185,615,216
3,675.1614629794826,322.66726137377344,655,306,699,342
4,702.227621483376,906.6764705882352,690,888,717,927
5,745.5541795665634,884.1547987616099,728,867,765,903
6,811.651268115942,625.0045289855072,794,607,833,646
7,988.0964912280701,1305.9780701754387,972,1292,1005,1321
8,992.4506172839506,28.046296296296298,974,12,1013,47
