label,Centroid-0,Centroid-1,bbox-0,bbox-1,bbox-2,bbox-3
1,175.70157938487117,306.8744804655029,158,287,198,331
2,711.0245989304813,915.311229946524,693,899,731,932
