label,Centroid-0,Centroid-1,bbox-0,bbox-1,bbox-2,bbox-3
1,123.79015240328253,873.5756154747949,108,857,141,892
2,410.04817518248177,683.4554744525548,394,669,427,699
3,605.1432720232333,768.4530493707648,587,751,624,787
4,731.8949579831933,908.328781512605,713,892,753,925
5,878.4390804597701,193.7919540229885,862,178,897,212
6,891.4642409033877,1037.2446675031367,869,1014,914,1060
7,953.2665862484921,1276.422195416164,936,1261,971,1293
