label,Centroid-0,Centroid-1,bbox-0,bbox-1,bbox-2,bbox-3
1,84.55744680851063,1160.484255319149,68,1139,102,1184
2,103.06782334384857,781.9739747634069,85,761,124,807
3,214.253984063745,502.9930278884462,198,485,234,525
4,701.5512820512821,925.5042735042736,683,910,723,942
5,813.4659776055125,1256.6856158484065,795,1238,834,1278
6,989.8807266982623,1194.3112164297,969,1176,1012,1215
