label,Centroid-0,Centroid-1,bbox-0,bbox-1,bbox-2,bbox-3
1,41.200819672131146,574.8555327868852,24,557,61,595
2,76.9047619047619,1179.5421245421246,60,1162,94,1197
3,207.0125,839.4104166666667,190,823,227,859
4,700.1952440550689,913.6608260325406,687,895,714,934
