label,Centroid-0,Centroid-1,bbox-0,bbox-1,bbox-2,bbox-3
1,173.4564606741573,813.8609550561798,160,798,188,832
2,476.61867088607596,1069.136075949367,461,1056,493,1083
3,711.9882854100107,915.779552715655,697,896,728,937
4,781.7699346405228,920.0287581699347,767,902,797,939
5,886.6911157024794,1054.3646694214876,863,1042,911,1068
6,880.7764227642276,194.63956639566396,866,179,898,213
