label,Centroid-0,Centroid-1,bbox-0,bbox-1,bbox-2,bbox-3
1,116.23322332233224,864.4169416941694,100,848,135,883
2,256.9145496535797,491.0923787528868,243,473,274,511
3,612.0068426197458,770.2844574780058,595,752,631,789
4,731.0043572984749,906.9596949891068,714,890,750,924
5,879.6153846153846,191.06390532544378,863,175,899,209
6,888.4438860971525,1034.536013400335,870,1014,911,1058
7,949.3277591973244,1272.7282608695652,930,1254,972,1295
