label,Centroid-0,Centroid-1,bbox-0,bbox-1,bbox-2,bbox-3
1,116.7144385026738,866.0663101604279,100,849,135,885
2,408.0726329442283,688.1621271076524,392,672,426,706
3,612.96875,772.0260416666666,596,756,632,790
4,731.8406889128095,907.3057050592034,714,891,752,924
5,880.1719817767654,192.3382687927107,864,176,899,211
6,889.0328,1034.8584,869,1014,912,1058
7,949.3367108339828,1272.4497272018707,929,1253,973,1295
