label,Centroid-0,Centroid-1,bbox-0,bbox-1,bbox-2,bbox-3
1,84.4647619047619,1161.1780952380952,67,1142,102,1182
2,106.44558823529412,791.1036764705882,89,768,125,816
3,150.1968503937008,1123.2588582677165,132,1107,171,1142
4,701.5497787610619,920.9103982300885,685,904,720,938
5,831.0813953488372,1269.6805745554036,812,1246,854,1292
6,986.7523452157599,1183.8527204502814,965,1169,1011,1200
