label,Centroid-0,Centroid-1,bbox-0,bbox-1,bbox-2,bbox-3
1,186.00922509225092,113.85332103321034,170,94,205,138
2,617.054114994363,669.8647125140925,601,654,635,688
3,712.23,898.08375,696,883,729,915
4,879.0643985419198,191.13122721749696,863,176,898,210
