label,Centroid-0,Centroid-1,bbox-0,bbox-1,bbox-2,bbox-3
1,327.48284960422166,737.3403693931399,310,713,348,758
2,409.6701388888889,690.8611111111111,390,670,429,711
3,570.4784353059177,724.6068204613841,553,707,589,744
4,660.2834008097166,758.7004048582996,639,743,682,776
5,729.9162191192266,906.8925886143932,712,890,750,923
6,859.4078014184397,530.9408983451536,843,515,877,549
7,880.4493975903614,194.68915662650602,865,179,898,213
8,886.8569009314141,1039.648602878916,868,1019,908,1063
9,954.2207943925233,1287.306074766355,938,1271,971,1304
