label,Centroid-0,Centroid-1,bbox-0,bbox-1,bbox-2,bbox-3
1,17.83097643097643,1160.2343434343434,0,1132,46,1181
2,44.925138632162664,1234.6691312384473,31,1211,60,1260
3,389.8002812939522,1102.5900140646977,369,1081,411,1127
4,459.78025241276913,1265.9636228656273,437,1247,485,1284
5,512.1135091926459,1100.243804956035,492,1082,535,1122
6,563.4574074074075,976.5148148148148,550,941,583,1016
7,716.4559118236473,886.943887775551,698,870,737,904
8,738.0667267808836,1342.9981965734896,720,1324,758,1364
9,1016.3714859437752,1273.863453815261,998,1247,1040,1299
