label,Centroid-0,Centroid-1,bbox-0,bbox-1,bbox-2,bbox-3
1,119.45901639344262,872.1639344262295,105,858,136,888
2,410.88409703504044,684.7964959568733,394,669,428,700
3,599.6266924564796,748.0986460348163,582,730,619,768
4,732.0754716981132,907.8909853249476,713,892,753,924
5,878.5347222222222,193.70486111111111,863,177,897,212
6,889.590391908976,1038.0714285714287,867,1015,912,1060
7,953.7302709069494,1279.8327444051827,938,1263,970,1299
8,1032.918918918919,1132.7172557172557,1024,1112,1040,1152
