label,Centroid-0,Centroid-1,bbox-0,bbox-1,bbox-2,bbox-3
1,408.19891745602166,693.0838971583221,392,677,425,710
2,591.6151385927506,754.8059701492538,575,738,610,773
3,651.0919037199125,793.1673960612692,629,781,675,807
4,691.3331680713932,918.0580069410015,659,895,729,944
5,880.0834224598931,191.44598930481283,863,175,900,210
6,886.8002081165453,1038.7752341311134,869,1020,905,1059
