label,Centroid-0,Centroid-1,bbox-0,bbox-1,bbox-2,bbox-3
1,72.20876288659794,1183.6778350515465,56,1167,89,1201
2,702.145966709347,913.6376440460948,690,895,716,934
3,836.682320441989,1277.3922651933701,821,1262,854,1293
