label,Centroid-0,Centroid-1,bbox-0,bbox-1,bbox-2,bbox-3
1,32.84926787252369,1178.2024117140397,11,1161,56,1197
2,49.39858490566038,1238.2468553459119,33,1216,68,1263
3,175.7289088863892,642.5939257592801,158,625,195,662
4,446.82211055276383,930.3105527638191,428,913,466,950
5,458.5090645395214,1273.9093546047861,438,1254,481,1295
6,717.820564516129,887.203629032258,698,872,740,905
7,1016.6501677852349,1271.1031879194632,999,1250,1035,1294
