label,Centroid-0,Centroid-1,bbox-0,bbox-1,bbox-2,bbox-3
1,179.5836092715232,796.8634105960265,159,779,202,817
2,572.4844398340249,745.9854771784233,555,730,592,765
3,614.9169491525424,674.7661016949153,595,657,637,695
4,712.4170731707317,898.7987804878048,696,883,729,916
5,879.4598370197905,192.1105937136205,863,177,899,211
6,889.487256371814,1227.0307346326836,867,1204,913,1250
