label,Centroid-0,Centroid-1,bbox-0,bbox-1,bbox-2,bbox-3
1,85.7483164983165,1162.3392255892256,69,1141,104,1185
2,214.51383399209487,501.199604743083,199,482,234,523
3,704.9490238611713,921.1572668112798,687,905,725,937
4,809.1858407079646,1254.1007488087134,787,1233,831,1276
5,989.8906624102154,1195.6911412609736,969,1178,1013,1216
