label,Centroid-0,Centroid-1,bbox-0,bbox-1,bbox-2,bbox-3
1,21.012358393408856,1254.351184346035,7,1232,36,1277
2,92.11675126903553,625.6781725888325,75,609,113,646
3,113.94885177453027,156.2526096033403,98,139,134,177
4,283.7361904761905,1041.5333333333333,266,1023,304,1061
5,496.11742424242425,1380.453282828283,478,1367,516,1392
6,604.0450581395348,84.29941860465117,587,72,621,98
7,712.7162162162163,891.3851351351351,696,877,729,907
8,731.3038548752835,763.3179138321996,700,741,763,787
9,1020.8310657596372,1275.8877551020407,1000,1263,1040,1290
