label,Centroid-0,Centroid-1,bbox-0,bbox-1,bbox-2,bbox-3
1,120.68260511129431,1199.9810387469086,103,1178,141,1223
2,123.4396782841823,871.632707774799,109,856,139,889
3,331.82686567164177,697.3537313432836,319,681,347,714
4,409.5361527967258,690.6302864938608,394,676,427,707
5,607.3336956521739,767.1978260869565,591,750,625,785
6,659.403112840467,587.4731517509728,638,568,683,609
7,721.9798590130916,910.036253776435,702,895,744,927
8,880.2518134715026,191.84145077720208,863,175,900,211
9,887.6140195208518,1034.340727595386,869,1013,909,1058
