label,Centroid-0,Centroid-1,bbox-0,bbox-1,bbox-2,bbox-3
1,712.3743781094528,899.0472636815921,696,884,729,916
2,879.730946882217,192.61431870669745,864,177,899,212
