label,Centroid-0,Centroid-1,bbox-0,bbox-1,bbox-2,bbox-3
1,106.44919278252611,1173.744539411206,90,1155,127,1196
2,525.6442477876107,939.3176991150442,506,920,547,960
3,714.4203187250996,918.6364541832669,696,901,735,937
4,880.6295264623956,194.9540389972145,867,179,897,213
