label,Centroid-0,Centroid-1,bbox-0,bbox-1,bbox-2,bbox-3
1,115.67134831460675,873.313202247191,100,858,132,890
2,410.08187919463086,687.8456375838927,393,674,429,704
3,610.1081349206349,771.0545634920635,593,752,629,790
4,731.6350762527234,907.5675381263617,715,891,751,924
5,879.4284188034188,192.20405982905982,862,176,899,211
6,893.4042198778457,1039.64686285397,869,1014,917,1066
7,945.5430968726163,1264.4706331045004,926,1244,968,1287
