label,Centroid-0,Centroid-1,bbox-0,bbox-1,bbox-2,bbox-3
1,713.5521978021978,899.4958791208791,697,886,730,915
2,880.7574750830565,193.05426356589146,864,177,900,212
