label,Centroid-0,Centroid-1,bbox-0,bbox-1,bbox-2,bbox-3
1,57.23843782117164,1175.7081192189105,35,1162,80,1190
2,299.9025423728813,865.4689265536723,286,848,313,884
3,450.27130434782606,934.8756521739131,431,916,472,957
4,592.8146551724138,988.9719827586207,576,972,611,1008
5,708.5538568450313,966.9749826268242,686,945,734,990
6,704.2816455696203,906.9715189873418,690,886,719,928
7,911.0024375380865,1073.7154174283974,887,1052,937,1096
8,996.2949152542373,1058.0583050847458,977,1034,1017,1083
