label,Centroid-0,Centroid-1,bbox-0,bbox-1,bbox-2,bbox-3
1,256.94736842105266,789.2539242843952,238,770,276,809
2,451.5280898876405,713.6248919619707,432,694,475,737
3,712.4377682403433,914.8605150214593,698,894,727,936
4,790.7475633528265,915.488791423002,768,885,816,946
5,885.9704209328783,1056.0864618885096,865,1043,908,1071
6,881.2976629766298,193.68511685116852,866,178,900,213
