label,Centroid-0,Centroid-1,bbox-0,bbox-1,bbox-2,bbox-3
1,574.2678936605317,151.83742331288343,562,128,587,177
2,712.4062893081762,898.7987421383648,696,884,729,915
3,879.8296382730455,192.2683780630105,864,177,899,211
