label,Centroid-0,Centroid-1,bbox-0,bbox-1,bbox-2,bbox-3
1,442.3209302325581,706.2511627906977,427,693,459,720
2,455.5668841761827,1108.2601957585644,435,1090,478,1128
3,715.4894578313254,899.8192771084338,700,886,732,915
4,880.4078014184397,192.8841607565012,865,177,899,212
