label,Centroid-0,Centroid-1,bbox-0,bbox-1,bbox-2,bbox-3
1,297.6056179775281,865.414606741573,281,849,315,886
2,450.73102094240835,939.3979057591623,426,917,474,960
3,597.7244680851064,995.327659574468,581,979,616,1014
4,696.2591876208897,957.8820116054159,675,934,717,985
5,703.3558606124604,906.0116156282999,689,886,719,928
6,911.0192546583851,1077.127950310559,887,1056,937,1099
7,1002.2052830188679,1066.2777358490566,984,1045,1023,1090
