label,Centroid-0,Centroid-1,bbox-0,bbox-1,bbox-2,bbox-3
1,70.56055734190782,1186.5755627009646,54,1168,89,1207
2,700.6279069767442,913.3178294573644,687,895,715,933
3,836.319775596073,1276.273492286115,819,1263,854,1291
