label,Centroid-0,Centroid-1,bbox-0,bbox-1,bbox-2,bbox-3
1,155.58231707317074,1125.1737804878048,137,1108,174,1145
2,705.8299246501615,914.9451022604951,688,897,726,935
3,828.661680911681,1266.633190883191,806,1243,850,1292
4,993.0292056074767,1183.6717289719627,973,1171,1015,1199
