label,Centroid-0,Centroid-1,bbox-0,bbox-1,bbox-2,bbox-3
1,173.778125,815.1265625,161,800,188,832
2,711.9926160337553,915.6930379746835,696,896,729,937
3,886.7195496417605,1053.7881269191403,863,1041,911,1068
4,880.7638522427441,194.09366754617415,866,178,898,213
