label,Centroid-0,Centroid-1,bbox-0,bbox-1,bbox-2,bbox-3
1,297.1904340124004,118.04517271922055,277,100,321,136
2,312.0615514333895,547.7824620573356,294,530,336,571
3,456.19465648854964,691.970737913486,438,676,473,707
4,492.0128617363344,742.2692926045016,472,720,514,763
5,702.8167539267016,907.0219895287958,688,887,719,929
6,855.8050373134329,941.1138059701492,838,920,876,964
7,886.0206611570248,11.62396694214876,871,0,904,27
