label,Centroid-0,Centroid-1,bbox-0,bbox-1,bbox-2,bbox-3
1,16.71801242236025,1246.247204968944,3,1228,30,1265
2,281.9375,1035.619642857143,264,1017,302,1057
3,462.55707395498393,457.36897106109325,442,438,485,479
4,500.1077844311377,222.84910179640718,480,210,521,238
5,605.9099526066351,85.84928909952606,585,70,630,105
6,709.9054146675805,768.9328307059629,688,749,734,792
7,704.6131805157593,895.5300859598854,689,881,721,910
8,785.1980609418282,636.3379501385042,769,622,803,652
9,1019.7692307692307,1275.6010989010988,998,1262,1040,1290
