label,Centroid-0,Centroid-1,bbox-0,bbox-1,bbox-2,bbox-3
1,174.43252032520326,817.1934959349594,161,803,189,833
2,712.6070287539936,917.283280085197,698,897,728,939
3,881.103078982597,194.45515394912985,867,178,898,213
4,999.2838479809976,1329.5106888361045,979,1316,1020,1345
