label,Centroid-0,Centroid-1,bbox-0,bbox-1,bbox-2,bbox-3
1,109.54624781849913,775.3045375218151,89,757,133,797
2,296.7352941176471,860.9274509803921,277,845,319,880
3,427.5782848151062,717.8623131392604,404,701,453,737
4,494.8668941979522,748.3708759954494,481,729,510,769
5,609.3540106951872,1020.1882352941177,593,1003,627,1040
6,627.970457902511,523.1211225997046,604,508,656,542
7,702.8515789473685,907.4621052631579,688,887,718,929
