label,Centroid-0,Centroid-1,bbox-0,bbox-1,bbox-2,bbox-3
1,18.335839598997495,1246.703007518797,4,1229,33,1266
2,112.79807692307692,156.4732905982906,97,139,133,177
3,281.617316017316,1042.9290043290043,265,1022,301,1067
4,465.38958097395243,462.28086070215176,450,445,483,481
5,604.017808219178,84.36986301369863,587,70,621,99
6,713.091037402964,767.5652787579393,692,748,736,790
7,714.2818590704647,891.1469265367316,698,879,731,906
8,777.0554821664465,918.7173051519154,760,903,795,936
9,1021.0034324942792,1275.7677345537757,1000,1262,1040,1290
