label,Centroid-0,Centroid-1,bbox-0,bbox-1,bbox-2,bbox-3
1,237.34400826446281,600.827479338843,221,583,256,620
2,327.31713554987215,728.9002557544757,315,710,342,747
3,408.5631431244153,689.9289055191769,389,671,428,710
4,588.8044052863436,746.5180616740088,571,728,608,768
5,656.6796769851951,758.6823687752355,639,745,675,774
6,731.3358288770054,907.5272727272727,713,891,752,924
7,878.927536231884,194.01932367149757,863,178,897,212
8,887.9067854694997,1039.559287183002,866,1017,910,1063
9,953.2672872340426,1279.2539893617022,938,1264,969,1295
