label,Centroid-0,Centroid-1,bbox-0,bbox-1,bbox-2,bbox-3
1,19.575862068965517,45.632183908045974,0,33,42,59
2,296.3308056872038,118.11374407582939,279,100,317,139
3,458.2389277389277,688.6317016317016,442,670,476,709
4,494.05281385281387,741.8580086580087,475,723,515,763
5,703.6932907348242,908.9946751863685,690,888,719,930
6,853.0643660333462,944.3121364870104,825,910,881,977
