label,Centroid-0,Centroid-1,bbox-0,bbox-1,bbox-2,bbox-3
1,118.5675306957708,871.8403819918144,103,857,136,888
2,245.56294200848657,596.5516265912305,230,583,263,612
3,410.3868974042027,685.9233621755253,392,670,428,701
4,597.367405978785,747.4127290260367,579,730,617,765
5,657.2857142857143,761.3564493758669,640,748,676,776
6,731.9266450916937,908.0021574973031,714,892,752,924
7,877.7653890824622,194.0150987224158,862,178,896,212
8,889.5512483574245,1039.0768725361368,867,1016,912,1062
9,953.371467025572,1278.8707940780619,938,1264,970,1295
