label,Centroid-0,Centroid-1,bbox-0,bbox-1,bbox-2,bbox-3
1,712.5914893617021,917.2893617021276,698,897,728,939
2,880.9645776566757,194.7534059945504,867,179,898,213
