label,Centroid-0,Centroid-1,bbox-0,bbox-1,bbox-2,bbox-3
1,174.02134146341464,816.3673780487804,161,801,189,833
2,712.2887249736565,916.422550052687,697,896,729,938
3,881.2578947368421,194.37236842105264,867,178,899,213
4,894.6632200886263,1055.0206794682422,878,1043,913,1068
