label,Centroid-0,Centroid-1,bbox-0,bbox-1,bbox-2,bbox-3
1,38.5283203125,1178.8662109375,18,1163,60,1197
2,47.63942307692308,1236.3365384615386,31,1218,67,1257
3,176.17307692307693,645.3178137651822,158,628,197,665
4,449.74002849002846,1274.4878917378917,428,1255,474,1295
5,449.1601809954751,932.4063348416289,429,914,471,953
6,579.9607843137255,962.3897058823529,562,948,600,979
7,718.3518705763397,887.2376137512639,699,872,741,905
8,908.941585535466,1087.988873435327,893,1073,924,1106
9,1018.4683760683761,1271.7076923076922,1001,1252,1038,1294
