label,Centroid-0,Centroid-1,bbox-0,bbox-1,bbox-2,bbox-3
1,294.3472850678733,862.4445701357466,275,847,314,878
2,451.38363171355496,935.9539641943734,432,917,472,957
3,597.6321839080459,992.6302681992337,581,974,617,1013
4,707.4044890162369,969.4885386819484,683,940,733,999
5,703.94375,905.24375,689,885,719,927
6,912.9938440492476,1074.4028727770178,890,1053,937,1096
7,1001.0024469820555,1060.2030995106036,983,1039,1022,1083
