label,Centroid-0,Centroid-1,bbox-0,bbox-1,bbox-2,bbox-3
1,203.23504273504273,819.7364672364672,191,803,217,838
2,567.9329268292682,94.90142276422765,551,78,588,115
3,572.757909215956,1281.7661623108665,561,1263,585,1301
4,702.1782700421941,913.6223628691984,688,893,717,935
5,822.4901574803149,629.5570866141733,804,612,844,648
