label,Centroid-0,Centroid-1,bbox-0,bbox-1,bbox-2,bbox-3
1,182.37245508982036,917.2275449101796,170,897,197,937
2,521.5912778904666,79.44320486815415,506,60,540,102
3,561.4780361757106,421.76356589147287,542,409,582,434
4,701.6829896907217,907.0850515463917,689,889,716,927
5,749.4057104913678,866.2669322709163,725,844,774,888
6,811.3345656192237,625.8022181146026,794,607,832,646
