label,Centroid-0,Centroid-1,bbox-0,bbox-1,bbox-2,bbox-3
1,410.6189024390244,683.3216463414634,395,669,427,698
2,607.2202729044834,760.1052631578947,590,743,627,779
3,731.9767932489451,908.1666666666666,713,892,753,925
4,878.632967032967,194.35824175824175,862,178,897,213
5,890.7713414634146,1038.408536585366,868,1014,913,1062
6,952.4822085889571,1277.1374233128834,936,1262,970,1294
