label,Centroid-0,Centroid-1,bbox-0,bbox-1,bbox-2,bbox-3
1,125.9020568070519,872.460333006856,109,855,146,893
2,328.0150891632373,713.8641975308642,315,696,343,732
3,410.00132625994695,684.9588859416446,393,670,428,701
4,610.7004132231405,775.1188016528926,594,758,629,794
5,731.3762162162162,907.56,714,891,751,924
6,879.4435294117648,192.70470588235295,864,177,898,211
7,891.7903856903298,1039.6126327557295,868,1014,916,1066
8,952.5995694294941,1275.8880516684608,935,1259,972,1294
