label,Centroid-0,Centroid-1,bbox-0,bbox-1,bbox-2,bbox-3
1,179.24,490.02476190476193,162,472,200,511
2,414.9387947269303,641.9604519774011,391,626,440,658
3,453.91911764705884,694.8958333333334,441,676,469,716
4,494.1980198019802,1269.052333804809,476,1257,513,1282
5,702.0418781725888,906.9682741116751,689,889,717,927
6,811.0849141824751,624.1201445347787,793,606,833,644
7,826.4677307425399,502.53435114503816,794,485,860,521
8,857.4948202315661,928.2937233394272,837,905,882,954
