label,Centroid-0,Centroid-1,bbox-0,bbox-1,bbox-2,bbox-3
1,175.30535714285713,308.8544642857143,158,290,196,331
2,348.64497041420117,501.1301775147929,333,480,369,527
3,507.7270718232044,946.2066298342542,489,930,525,966
4,713.3243523316062,918.2735751295337,694,903,735,936
5,879.4183381088825,195.37249283667623,865,180,896,213
