label,Centroid-0,Centroid-1,bbox-0,bbox-1,bbox-2,bbox-3
1,607.6882051282051,755.545641025641,590,738,626,774
2,632.7153729071538,704.8325722983258,618,690,648,721
3,732.5659978880676,907.480464625132,714,892,754,924
4,878.8453865336659,193.1845386533666,863,178,897,211
5,891.4221961244862,1038.9953024075162,869,1014,914,1065
6,953.4235159817351,1277.0308219178082,937,1260,971,1295
