label,Centroid-0,Centroid-1,bbox-0,bbox-1,bbox-2,bbox-3
1,117.02702702702703,1206.8591318591318,100,1185,136,1231
2,409.94941634241246,691.2879377431907,393,676,428,708
3,601.6642784032754,759.6028659160696,585,742,620,779
4,661.0327272727272,581.1224242424242,646,563,679,599
5,721.4416749750748,909.7258225324028,701,894,744,927
6,880.529665587918,192.29018338727076,864,176,900,211
7,887.3191278493558,1037.804757185332,869,1018,906,1058
8,952.0454545454545,1237.28125,935,1225,971,1252
