label,Centroid-0,Centroid-1,bbox-0,bbox-1,bbox-2,bbox-3
1,257.37547892720306,788.5574712643678,238,771,280,809
2,451.292618629174,712.4938488576449,431,693,474,734
3,711.8485499462943,915.375939849624,697,895,726,937
4,792.4965714285714,915.6337142857143,772,891,815,942
5,884.4751445086705,1056.6589595375722,864,1043,905,1072
6,880.8076923076923,193.5483870967742,866,177,899,213
