label,Centroid-0,Centroid-1,bbox-0,bbox-1,bbox-2,bbox-3
1,130.13003663003664,1177.217032967033,112,1158,151,1199
2,409.97331460674155,693.0252808988764,394,678,427,709
3,586.2027168234065,762.3113897596656,568,746,606,780
4,656.6551966292135,802.1172752808989,633,784,683,822
5,705.841225626741,910.6727019498608,691,895,723,927
6,881.5131717597471,191.26027397260273,864,175,901,210
7,886.9269067796611,1038.6430084745762,869,1020,905,1058
