label,Centroid-0,Centroid-1,bbox-0,bbox-1,bbox-2,bbox-3
1,328.8703703703704,704.1880341880342,316,687,344,721
2,408.97435897435895,689.0455840455841,393,675,426,705
3,610.1030927835052,771.7742268041237,593,754,629,791
4,731.3579978237215,907.4417845484222,714,890,750,925
5,879.6437768240344,192.0,863,176,900,211
6,886.8642086330935,1036.9676258992806,869,1017,908,1060
7,942.8735632183908,1251.4703801945182,923,1234,966,1271
