label,Centroid-0,Centroid-1,bbox-0,bbox-1,bbox-2,bbox-3
1,574.5247813411079,144.46501457725947,551,113,596,182
2,712.40125,899.115,696,884,729,916
3,879.9168591224019,191.9284064665127,863,176,900,211
