label,Centroid-0,Centroid-1,bbox-0,bbox-1,bbox-2,bbox-3
1,18.319502074688796,48.439834024896264,0,33,40,67
2,170.53686934023287,499.4476067270375,156,484,188,518
3,408.05959684487294,642.5617879053461,384,624,432,660
4,457.987091222031,694.2254733218589,441,674,477,717
5,494.2304964539007,743.6950354609929,475,726,515,765
6,702.9399141630902,908.8948497854077,689,888,717,930
7,810.6376554174068,624.00621669627,792,606,832,644
8,856.5370967741935,941.5494623655914,831,919,885,967
