label,Centroid-0,Centroid-1,bbox-0,bbox-1,bbox-2,bbox-3
1,258.7762237762238,772.5014985014985,246,750,273,797
2,462.40718915733646,1369.9888037713613,440,1346,486,1392
3,542.7619047619048,1119.9550264550264,523,1099,561,1144
4,741.4121892542101,1244.7032878909383,718,1224,763,1264
5,792.0213592233009,615.3456310679612,775,595,812,638
6,948.7576961271102,724.7303872889771,928,692,972,755
