label,Centroid-0,Centroid-1,bbox-0,bbox-1,bbox-2,bbox-3
1,23.652765185856754,1347.7470534904805,7,1329,45,1371
2,264.8606965174129,774.7972636815921,250,758,282,792
3,610.7395015363605,1028.4216456128372,579,993,642,1069
4,662.4995515695067,991.1919282511211,643,973,684,1009
5,673.6246819338422,58.8676844783715,656,45,693,75
6,755.0244097639055,1242.532212885154,717,1216,797,1271
7,891.3271983640082,1339.5040899795501,874,1321,910,1361
8,924.7979145978153,703.6817279046674,899,670,949,734
