label,Centroid-0,Centroid-1,bbox-0,bbox-1,bbox-2,bbox-3
1,259.630417007359,767.1896974652494,245,740,275,796
2,583.7321428571429,1027.9763824884792,561,1003,607,1053
3,577.2727272727273,71.77272727272727,564,50,591,94
4,625.943415122684,1137.5683525287932,597,1111,657,1166
5,627.6220275344181,1071.4355444305381,614,1052,642,1092
6,683.0640949554896,1097.3080118694363,659,1075,707,1120
7,932.3606364172068,735.1661756040071,908,709,959,758
8,945.2713068181819,457.2713068181818,931,443,962,473
