label,Centroid-0,Centroid-1,bbox-0,bbox-1,bbox-2,bbox-3
1,258.7444976076555,771.977990430622,245,749,273,797
2,464.7203893996755,1372.6338561384532,435,1349,494,1392
3,531.1787234042553,1123.3982978723404,514,1102,554,1146
4,559.4269230769231,989.7525641025641,542,975,579,1003
5,746.2989449003517,1244.337631887456,729,1225,763,1263
6,947.3683862433862,721.4246031746031,930,698,968,751
