label,Centroid-0,Centroid-1,bbox-0,bbox-1,bbox-2,bbox-3
1,263.548,768.544,247,746,283,795
2,602.5794633642931,1120.3849329205366,574,1096,633,1146
3,836.1951053704962,732.8164513936098,812,710,859,757
4,849.1670741646292,1168.6976365118173,829,1147,873,1188
5,925.4968058968059,712.0800982800982,897,683,954,748
6,922.7039800995025,347.0771144278607,902,326,945,369
7,955.6340740740741,445.5274074074074,941,431,972,461
