label,Centroid-0,Centroid-1,bbox-0,bbox-1,bbox-2,bbox-3
1,281.46853741496597,750.5272108843537,261,731,303,771
2,318.9576365663322,13.892976588628763,302,0,340,33
3,566.3937888198758,1255.8670807453416,549,1239,584,1273
4,582.4258893280632,1054.9229249011858,564,1037,602,1076
5,630.184858044164,1150.6895899053627,608,1127,651,1179
6,755.9173708920188,1010.061971830986,734,994,777,1028
7,903.1093406593407,745.5115384615384,880,721,925,774
8,997.7316810344828,201.0635775862069,980,185,1017,219
