label,Centroid-0,Centroid-1,bbox-0,bbox-1,bbox-2,bbox-3
1,285.7956903431764,750.0335195530727,264,730,309,771
2,573.3632183908046,1263.2973180076629,549,1239,598,1289
3,582.9905303030303,1058.097537878788,564,1041,604,1080
4,630.4383275261324,1153.8752613240417,608,1133,651,1179
5,766.8748748748749,1009.3023023023023,747,992,786,1027
6,904.0093808630394,746.0581613508443,881,724,929,767
7,998.2010928961748,201.47978142076502,980,185,1018,219
