label,Centroid-0,Centroid-1,bbox-0,bbox-1,bbox-2,bbox-3
1,32.85172109443954,597.9408649602824,10,581,58,617
2,264.8398474737846,770.5738798856054,248,752,285,792
3,315.8157894736842,358.0238486842105,294,341,340,377
4,630.1984389072351,1018.2089462623836,584,989,675,1056
5,743.4962248322148,1245.0348154362416,709,1222,780,1273
6,875.5956917978459,614.4954432477216,855,596,897,635
7,934.1149758454106,723.792270531401,910,693,961,751
