label,Centroid-0,Centroid-1,bbox-0,bbox-1,bbox-2,bbox-3
1,16.311332503113324,469.08592777085926,3,451,32,489
2,325.20054694621695,725.739288969918,302,710,351,744
3,579.6459383753502,1076.32324929972,554,1052,608,1100
4,910.006678539626,808.2515583259127,874,789,948,831
5,996.9753363228699,202.96860986547085,980,187,1016,221
