label,Centroid-0,Centroid-1,bbox-0,bbox-1,bbox-2,bbox-3
1,123.23809523809524,1270.3809523809523,104,1252,142,1291
2,258.9732065687122,771.1650821089023,245,745,273,799
3,273.1008339651251,328.185746777862,252,309,298,351
4,548.5156322911806,991.4867008866075,521,960,576,1021
5,602.4047058823529,1175.7823529411764,586,1161,622,1194
6,666.3970877607242,1152.1499409681228,638,1110,701,1194
7,739.7823485415108,1246.6499626028422,714,1228,763,1267
8,937.3795681063123,616.062292358804,919,597,959,638
9,948.0504041844983,723.3133618640038,928,688,971,756
