label,Centroid-0,Centroid-1,bbox-0,bbox-1,bbox-2,bbox-3
1,263.48625294579733,768.4862529457973,247,747,283,795
2,561.0,1006.1658163265306,546,989,576,1025
3,607.7701863354038,1125.7586512866017,584,1105,632,1147
4,643.2592592592592,1059.2349206349206,629,1037,658,1083
5,832.7918401332223,732.496253122398,813,714,856,754
6,839.753209700428,1168.9600570613409,825,1153,855,1186
7,933.7542857142857,718.89,913,689,955,750
