label,Centroid-0,Centroid-1,bbox-0,bbox-1,bbox-2,bbox-3
1,12.19359331476323,451.0612813370474,0,436,29,469
2,263.48934356351236,767.5771526001705,247,747,283,792
3,560.8853868194842,1011.3495702005731,548,994,573,1030
4,608.952952952953,1124.3953953953953,588,1105,631,1145
5,642.7062146892655,1057.6858757062148,629,1036,657,1080
6,844.4081081081081,1164.8972972972972,822,1144,868,1188
7,931.5048409405256,717.6977869986168,911,687,954,749
8,955.8109375,443.275,942,429,971,459
