label,Centroid-0,Centroid-1,bbox-0,bbox-1,bbox-2,bbox-3
1,20.611672278338943,729.648709315376,3,715,41,748
2,51.17578947368421,107.0578947368421,34,90,72,127
3,107.39616613418531,128.68157614483493,88,114,130,145
4,261.8126540673788,770.5020542317174,246,750,282,796
5,575.7764771460423,993.8913043478261,544,971,608,1020
6,789.4,1023.27,775,1004,805,1043
7,952.9281396910678,721.4022834116857,934,698,975,750
