label,Centroid-0,Centroid-1,bbox-0,bbox-1,bbox-2,bbox-3
1,262.1206322795341,768.5657237936772,245,748,282,793
2,473.846921797005,958.5099833610649,455,936,494,981
3,537.6020015396459,1001.2994611239415,518,979,558,1024
4,603.4071729957806,1163.4409282700421,587,1146,622,1183
5,891.4102920723227,545.8539638386649,876,532,909,562
6,919.353021978022,618.8489010989011,908,601,932,638
7,940.6784582893347,1287.3790918690602,915,1264,973,1309
8,948.8666146645866,716.9921996879875,929,697,970,739
