label,Centroid-0,Centroid-1,bbox-0,bbox-1,bbox-2,bbox-3
1,262.53407510431157,765.5514603616134,246,740,283,794
2,521.9523582658409,987.3039542639352,498,956,545,1024
3,582.329178470255,1026.340509915014,560,1001,605,1052
4,606.0574488802337,1157.856864654333,589,1140,625,1177
5,637.9934747145188,1059.0657966286026,616,1031,660,1088
6,661.9935483870968,1118.4187683284458,640,1092,686,1148
7,888.4343891402715,552.4514831573655,858,531,920,575
8,933.8075117370892,740.1729264475744,914,720,955,761
