label,Centroid-0,Centroid-1,bbox-0,bbox-1,bbox-2,bbox-3
1,95.37871524448705,547.7593480345158,81,526,112,572
2,265.46531100478467,769.7918660287081,249,754,284,787
3,373.9866008462623,1245.1438645980254,352,1224,398,1268
4,593.1860559383867,1048.62707742197,564,1019,623,1077
5,700.5055038103302,1000.9305673158341,679,982,725,1020
6,759.379761904762,1240.4476190476191,741,1226,779,1256
7,907.568345323741,723.6479616306955,883,693,927,761
8,981.8460451977401,1326.7485875706216,965,1314,1000,1340
