label,Centroid-0,Centroid-1,bbox-0,bbox-1,bbox-2,bbox-3
1,90.51417769376181,125.97069943289225,72,107,112,148
2,263.5966810966811,770.8304473304473,246,749,285,797
3,561.048463356974,989.0106382978723,543,972,582,1005
4,599.9232914923291,987.557880055788,585,971,616,1005
5,688.4119804400978,1222.7775061124694,663,1199,714,1248
6,783.6477174849268,1018.3204134366925,765,1000,804,1038
7,849.3532182103611,996.342229199372,829,978,872,1018
8,880.9787781350483,1032.9787781350483,860,1010,904,1057
9,954.5825385179751,723.4225972120323,937,701,976,750
