label,Centroid-0,Centroid-1,bbox-0,bbox-1,bbox-2,bbox-3
1,18.66588419405321,795.4491392801252,1,773,40,820
2,140.3409691629956,213.98942731277532,120,198,165,235
3,188.96351575456052,567.7388059701492,169,550,214,590
4,264.1434634974533,769.0195246179966,247,749,284,793
5,570.8434113946173,1018.4365606431318,537,985,600,1053
6,611.8840909090909,1122.8954545454546,593,1104,631,1142
7,641.0458383594693,1057.6839565741857,629,1037,654,1079
8,930.9577464788732,716.0361298224127,908,682,955,751
9,956.7506459948321,441.8255813953488,942,426,974,459
