label,Centroid-0,Centroid-1,bbox-0,bbox-1,bbox-2,bbox-3
1,261.3411371237458,768.2951505016722,245,748,282,793
2,471.9935379644588,956.6171243941842,453,935,492,979
3,537.4898403483309,1000.6095791001451,518,977,557,1025
4,602.2081165452654,1163.5941727367326,586,1146,621,1183
5,698.3782576321668,210.74906924795235,678,191,723,233
6,891.4053295932679,544.8934081346423,876,531,909,561
7,942.3799185888738,1285.350067842605,915,1265,973,1307
8,948.1818181818181,716.9043478260869,929,697,970,739
