label,Centroid-0,Centroid-1,bbox-0,bbox-1,bbox-2,bbox-3
1,53.69331983805668,108.03846153846153,36,91,75,128
2,105.02482621648461,127.08738828202581,84,113,129,144
3,261.89014539579966,770.0662358642973,246,749,282,796
4,576.5216138328531,994.0409221902017,544,972,608,1020
5,751.6866141732283,1238.5275590551182,739,1223,767,1254
6,790.7667386609071,1022.5593952483802,775,1001,807,1044
7,952.9828937990021,721.2230933713471,935,699,975,748
