label,Centroid-0,Centroid-1,bbox-0,bbox-1,bbox-2,bbox-3
1,261.3089564502876,767.6680361544783,245,747,281,793
2,472.3230158730159,955.4595238095238,453,934,493,978
3,537.7086092715232,998.9919058130979,518,976,557,1023
4,599.7841726618705,1162.988694758479,583,1145,619,1182
5,702.9298860648554,220.07274320771253,685,201,724,241
6,819.2732240437158,613.8401639344262,801,600,838,628
7,892.0312075983718,544.9036635006785,876,530,910,561
8,933.8126888217523,1278.7049345417925,913,1263,953,1297
9,949.0142954390742,716.5398230088496,928,696,974,740
