label,Centroid-0,Centroid-1,bbox-0,bbox-1,bbox-2,bbox-3
1,18.87089947089947,465.96931216931216,3,448,38,487
2,324.321911632101,725.5770964833183,301,709,350,744
3,576.5005405405406,1076.3637837837837,551,1054,604,1100
4,576.020320855615,1268.5422459893048,557,1250,597,1289
5,654.1023809523809,38.69642857142857,636,24,675,56
6,909.7135278514589,807.5667550839964,873,788,947,830
7,967.828146143437,971.0121786197565,953,954,984,989
8,996.5096153846154,201.21033653846155,980,185,1015,219
