label,Centroid-0,Centroid-1,bbox-0,bbox-1,bbox-2,bbox-3
1,264.928338762215,765.0814332247558,246,745,287,789
2,584.7690721649484,1037.8778350515463,559,1013,607,1070
3,711.1429906542056,1006.1514018691589,693,987,730,1025
4,738.59181897302,170.31505657093123,721,150,760,194
5,914.430894308943,748.6492450638792,901,728,929,771
6,987.1236777868186,1328.013832384052,966,1310,1010,1347
