label,Centroid-0,Centroid-1,bbox-0,bbox-1,bbox-2,bbox-3
1,25.25509433962264,1348.382641509434,7,1326,46,1373
2,30.324651162790698,594.7804651162791,11,578,53,616
3,267.7359307359307,773.8329004329005,249,755,288,794
4,314.0803357314149,352.30575539568343,293,340,336,366
5,628.5068956544367,1013.9274004683841,577,977,678,1052
6,753.2364075714861,1245.0970600080548,713,1222,796,1271
7,892.1896907216495,1341.8680412371134,876,1322,910,1364
8,930.362691736764,715.6615536862939,907,686,956,744
