label,Centroid-0,Centroid-1,bbox-0,bbox-1,bbox-2,bbox-3
1,326.4698703279939,730.8520213577422,300,711,355,753
2,419.75136911281487,225.7393209200438,401,210,441,244
3,579.0290570175439,1271.5252192982457,556,1247,603,1297
4,614.3369803063457,1155.7275711159737,597,1139,634,1175
5,727.0674318507891,1040.751793400287,713,1024,741,1058
6,788.3671957671958,1001.7015873015873,771,986,808,1020
7,895.5953224663359,605.5237420269312,874,585,918,626
8,931.2310106716886,784.0257376020088,909,762,957,810
9,997.3139158576051,201.92340884573895,980,186,1017,220
