label,Centroid-0,Centroid-1,bbox-0,bbox-1,bbox-2,bbox-3
1,75.14619883040936,412.3784461152882,53,397,102,433
2,226.3596268023749,347.68617472434266,205,329,249,368
3,257.91064257028114,769.5542168674699,244,747,272,794
4,471.4439834024896,947.5753803596127,458,931,485,966
5,545.0482233502538,998.380076142132,521,979,573,1021
6,584.6928864569084,947.8331053351574,562,927,610,970
7,611.5197916666667,272.99375,594,256,632,293
8,737.25,1278.1286549707602,715,1259,762,1299
9,947.5555014605648,727.657740993184,926,696,970,759
