label,Centroid-0,Centroid-1,bbox-0,bbox-1,bbox-2,bbox-3
1,260.3842940685046,767.7669172932331,246,741,276,796
2,535.2090209020902,1005.8327832783278,518,986,551,1027
3,583.2849430113977,1028.7942411517697,557,1004,607,1052
4,627.0612244897959,1118.1102040816327,612,1101,643,1136
5,868.6337135614702,566.9594423320659,849,554,889,581
6,910.4792299898683,577.6231003039513,888,564,934,594
7,923.0022956841138,721.7603305785124,895,690,954,751
8,949.4731774415405,454.292984869326,935,439,966,471
