label,Centroid-0,Centroid-1,bbox-0,bbox-1,bbox-2,bbox-3
1,17.15006468305304,464.8771021992238,1,449,35,483
2,324.15099715099717,727.7008547008547,303,711,348,747
3,487.5427872860636,603.9926650366748,471,589,506,621
4,571.6086956521739,1066.1671195652175,555,1051,589,1082
5,679.1528964862298,21.30579297245964,660,3,702,42
6,996.2077502691066,202.010764262648,979,186,1016,221
7,1019.6654632972322,694.7545126353791,999,682,1040,708
