label,Centroid-0,Centroid-1,bbox-0,bbox-1,bbox-2,bbox-3
1,263.25,769.5168439716313,245,751,284,792
2,584.8814887365328,1037.7948090107739,559,1013,609,1071
3,712.4460227272727,1008.4299242424242,694,991,732,1026
4,738.9066317626528,171.11605584642234,721,150,760,195
5,760.7003154574132,1232.108832807571,745,1220,777,1246
6,914.7381738173817,749.5203520352035,902,728,930,773
7,986.8313856427379,1325.2495826377296,965,1307,1011,1346
