label,Centroid-0,Centroid-1,bbox-0,bbox-1,bbox-2,bbox-3
1,260.84843205574913,769.0853658536586,247,743,276,796
2,541.8952457695407,1008.5777598710717,525,983,559,1037
3,584.1906096706377,1027.1163279607567,561,1001,605,1049
4,615.3759479956663,1124.4431202600217,596,1105,635,1144
5,873.717125382263,568.7209480122324,851,550,897,589
6,878.8069129916568,346.9558998808105,861,330,897,364
7,912.2909803921568,588.441568627451,893,569,934,610
8,926.8323385784048,726.7444384156267,903,699,954,753
9,953.0965909090909,450.29403409090907,938,436,970,466
