label,Centroid-0,Centroid-1,bbox-0,bbox-1,bbox-2,bbox-3
1,270.01465517241377,759.1293103448276,251,741,293,782
2,616.9475982532751,1135.2751091703058,605,1113,632,1158
3,716.1073825503356,1013.001677852349,695,994,740,1030
4,757.6304,1228.032,743,1215,773,1243
5,911.7509689922481,737.0523255813954,899,712,925,763
6,997.3067415730337,198.96741573033708,979,184,1018,215
