label,Centroid-0,Centroid-1,bbox-0,bbox-1,bbox-2,bbox-3
1,262.4423076923077,774.1291208791209,248,759,279,792
2,602.8690176322418,1047.6742233417297,583,1026,624,1071
3,662.0839002267574,996.4342403628118,646,980,681,1014
4,758.772504091653,1245.558101472995,745,1232,774,1260
5,892.1121169916435,1337.5236768802229,870,1316,916,1362
6,957.4607948442535,692.8066595059076,939,675,978,711
