label,Centroid-0,Centroid-1,bbox-0,bbox-1,bbox-2,bbox-3
1,24.53224419604471,732.9054170249356,4,717,48,751
2,106.54143646408839,129.8220994475138,88,115,128,146
3,259.02203567681005,773.9024134312697,245,753,273,797
4,466.4013303769401,1366.8170731707316,449,1348,484,1388
5,573.8968386023295,994.618413754853,542,971,606,1021
6,747.3175757575758,1243.3442424242423,732,1224,763,1263
7,948.4296998420222,722.3120063191153,933,697,965,750
