label,Centroid-0,Centroid-1,bbox-0,bbox-1,bbox-2,bbox-3
1,263.5131264916468,768.2132060461416,246,748,284,793
2,631.6014440433213,1106.8851985559568,607,1083,657,1132
3,641.9690649982621,1038.13729579423,608,1003,681,1078
4,761.8855721393035,1242.2900497512437,737,1217,787,1269
5,927.0688968538431,708.7670250896057,902,673,955,742
6,947.3422222222222,1094.8696296296296,933,1081,963,1110
7,993.3414634146342,595.4383651944628,973,572,1015,621
