label,Centroid-0,Centroid-1,bbox-0,bbox-1,bbox-2,bbox-3
1,296.3623813632442,744.0517687661777,273,729,322,762
2,575.5145784081955,1265.5263987391647,552,1245,598,1289
3,581.9868544600939,1061.4244131455398,565,1045,604,1083
4,624.1700444883836,1169.1240731586752,597,1144,651,1196
5,776.1726829268292,1006.8487804878049,758,990,796,1024
6,900.9691569568197,751.095270733379,877,729,927,772
7,983.9521640091116,883.8895216400911,966,869,1003,901
8,997.6448202959831,201.75581395348837,980,185,1017,220
