label,Centroid-0,Centroid-1,bbox-0,bbox-1,bbox-2,bbox-3
1,259.0840867992767,768.4267631103074,245,743,274,795
2,558.2877461706784,1026.304157549234,541,1007,576,1046
3,629.7671879610505,1075.6916494541163,599,1020,656,1132
4,745.3136020151134,1241.0050377833754,730,1222,761,1260
5,930.0700542673902,725.5076467686235,904,697,957,753
