label,Centroid-0,Centroid-1,bbox-0,bbox-1,bbox-2,bbox-3
1,272.1578014184397,759.6462765957447,253,741,294,782
2,561.9862579281184,1265.8752642706131,541,1249,584,1284
3,585.1379746835443,1044.5253164556962,567,1030,602,1062
4,628.5050732807215,1137.6589627959413,606,1113,652,1165
5,731.5705467372134,1012.136684303351,712,994,754,1030
6,912.5296762589928,740.158273381295,901,714,926,768
7,999.168918918919,198.84797297297297,981,184,1019,215
