label,Centroid-0,Centroid-1,bbox-0,bbox-1,bbox-2,bbox-3
1,260.503909643788,770.6455256298871,246,744,277,798
2,429.2278045423262,868.0254645560908,408,843,452,890
3,558.5242030696576,1026.1936245572608,541,1008,576,1045
4,604.1884422110553,1030.9484924623116,588,1016,622,1048
5,613.8846597462515,1115.3898500576702,594,1100,634,1131
6,624.0218658892128,1061.6749271137026,611,1044,637,1080
7,907.8130464021519,756.6859448554136,885,736,932,779
8,934.0546810273405,718.3769676884839,916,692,953,746
