label,Centroid-0,Centroid-1,bbox-0,bbox-1,bbox-2,bbox-3
1,258.7772227772228,771.2307692307693,246,749,273,795
2,462.2531003382187,1373.2773393461105,433,1348,489,1392
3,530.8710526315789,1124.8842105263159,514,1104,553,1147
4,558.4320323014805,989.3297442799461,542,975,577,1003
5,746.7396937573616,1243.7302709069493,730,1224,763,1263
6,950.5843733043951,724.2246337493218,930,697,971,755
