label,Centroid-0,Centroid-1,bbox-0,bbox-1,bbox-2,bbox-3
1,263.3070707070707,766.5306397306397,246,741,284,796
2,534.0179211469534,1008.5710872162485,517,990,551,1028
3,582.7740331491713,1026.7944751381215,560,1001,607,1052
4,583.9183467741935,68.71774193548387,566,51,604,88
5,621.4057428214732,1123.6448189762796,598,1102,647,1148
6,910.048853439681,575.7966101694915,887,561,934,592
7,923.3409506398538,721.0397623400365,895,690,954,751
8,948.1123595505618,454.94101123595505,933,440,965,471
