label,Centroid-0,Centroid-1,bbox-0,bbox-1,bbox-2,bbox-3
1,260.6168776371308,769.0902953586498,246,742,277,797
2,577.9932950191571,1014.2442528735633,542,985,608,1042
3,609.5011520737327,1115.38133640553,589,1100,630,1131
4,624.8476454293628,1059.8462603878115,611,1043,640,1078
5,715.7703756201275,930.772501771793,692,913,741,951
6,746.556862745098,1242.1607843137256,731,1224,762,1261
7,919.9282913165266,734.3350140056023,887,693,958,773
