label,Centroid-0,Centroid-1,bbox-0,bbox-1,bbox-2,bbox-3
1,264.49064171122996,770.8235294117648,250,756,282,788
2,381.9778481012658,1251.628164556962,369,1238,397,1267
3,596.9626168224299,1052.5132398753894,577,1032,617,1075
4,624.5394402035623,1120.8994910941476,607,1106,643,1137
5,694.6113821138212,991.9260162601626,674,971,716,1014
6,760.2262334536703,1241.3682310469314,743,1227,779,1258
7,889.3845428840716,1339.554194156456,871,1322,910,1359
8,899.2073863636364,710.0852272727273,884,685,915,736
