label,Centroid-0,Centroid-1,bbox-0,bbox-1,bbox-2,bbox-3
1,312.98411214953273,736.5046728971963,291,721,337,755
2,577.1946830265848,1266.5783231083844,550,1235,606,1296
3,583.7410586552218,1061.9213161659513,567,1048,602,1076
4,622.231441048035,1165.7673112913287,599,1142,646,1189
5,713.2286527514232,1049.2998102466793,692,1030,733,1066
6,787.2575905974535,1004.081292850147,767,987,808,1021
7,922.8081081081081,780.8472972972972,910,763,937,800
8,997.7757313109425,201.8255687973998,980,186,1017,220
9,1024.162393162393,874.639126305793,1007,855,1040,895
