label,Centroid-0,Centroid-1,bbox-0,bbox-1,bbox-2,bbox-3
1,271.90608695652173,758.4591304347827,253,740,294,781
2,562.3013059701492,1269.7546641791046,540,1251,585,1291
3,585.7446555819478,1047.7244655581949,570,1031,601,1069
4,619.5288007554296,1137.9376770538245,606,1113,634,1164
5,724.5596566523606,1013.9261802575107,704,996,748,1031
6,912.957171314741,737.9750996015936,900,714,927,763
7,999.0650496141125,198.43991179713342,981,183,1019,215
