label,Centroid-0,Centroid-1,bbox-0,bbox-1,bbox-2,bbox-3
1,269.5064267352185,759.0616966580977,250,741,293,782
2,616.7166666666667,1134.9666666666667,604,1114,631,1157
3,717.4006878761822,1010.7033533963887,698,992,739,1029
4,911.8287671232877,737.3727984344423,899,713,926,763
5,995.1540504648075,197.9734395750332,979,184,1014,215
