label,Centroid-0,Centroid-1,bbox-0,bbox-1,bbox-2,bbox-3
1,18.672286617492098,465.82718651211803,3,448,38,487
2,324.99573742540497,726.4023870417732,300,710,352,745
3,576.8552631578947,1076.8415789473684,551,1055,604,1100
4,580.1949860724234,1266.2339832869081,564,1251,598,1283
5,657.7852348993289,40.696644295302015,640,27,677,56
6,902.6773909211106,807.1965623622741,866,787,941,829
7,966.512585812357,970.5308924485125,950,954,985,989
8,996.6102857142857,202.9862857142857,980,187,1016,221
