label,Centroid-0,Centroid-1,bbox-0,bbox-1,bbox-2,bbox-3
1,272.46836638338056,759.356940509915,255,741,293,781
2,585.2158092848181,1044.930991217064,567,1030,602,1062
3,628.2039582188015,1138.9978009895547,605,1113,652,1167
4,738.7057823129252,1009.3937074829932,719,990,760,1028
5,912.3354148082069,739.7109723461195,900,713,926,768
6,999.2259825327511,199.34606986899564,981,184,1019,216
