label,Centroid-0,Centroid-1,bbox-0,bbox-1,bbox-2,bbox-3
1,13.257801899592945,446.674355495251,0,433,32,465
2,188.38847117794487,565.687552213868,169,546,213,590
3,264.0069324090121,767.9358752166378,248,748,283,792
4,569.5248157248158,1022.9194103194103,549,993,595,1052
5,610.1181262729124,1123.684317718941,589,1104,632,1144
6,642.5437636761488,1057.4628008752736,628,1036,657,1080
7,845.7220883534137,1163.1429718875502,827,1143,866,1185
8,933.0755347593583,718.8469251336899,911,688,956,751
9,956.261119081779,443.00430416068866,942,428,972,460
