label,Centroid-0,Centroid-1,bbox-0,bbox-1,bbox-2,bbox-3
1,182.53346855983773,1384.0101419878297,165,1374,202,1392
2,263.91433146517215,769.8350680544436,246,750,285,794
3,314.80997177798685,357.67262464722484,294,343,339,375
4,632.3228941684665,1018.3423326133909,585,987,679,1058
5,762.4690508940853,1236.9092159559834,747,1222,779,1252
6,885.641394335512,620.5372549019608,852,588,919,653
7,935.5467217346412,726.5895715023232,911,699,963,752
