label,Centroid-0,Centroid-1,bbox-0,bbox-1,bbox-2,bbox-3
1,18.88217213114754,469.7438524590164,4,450,35,493
2,328.52690972222223,724.8090277777778,304,708,355,744
3,577.1349726775957,1076.9513661202186,551,1054,604,1100
4,576.5439739413681,1270.1216069489685,558,1251,597,1291
5,650.9632352941177,36.07205882352941,636,22,668,52
6,684.3440233236151,153.2667638483965,671,138,699,171
7,905.8110516934046,808.6149732620321,871,788,944,831
8,995.5931034482759,203.91954022988506,979,188,1014,222
