label,Centroid-0,Centroid-1,bbox-0,bbox-1,bbox-2,bbox-3
1,262.44170096021946,774.7078189300412,248,760,279,792
2,598.799861973775,1042.6645962732919,578,1020,619,1070
3,661.2334352701325,996.5912334352702,644,979,681,1015
4,690.9855247285886,52.82026537997587,672,40,712,67
5,891.6364855801476,1337.643192488263,868,1317,917,1363
6,960.1951983298538,694.6189979123174,939,677,983,713
