label,Centroid-0,Centroid-1,bbox-0,bbox-1,bbox-2,bbox-3
1,15.898533007334963,467.02322738386306,1,450,34,487
2,321.42939481268013,728.4562920268972,300,712,345,747
3,393.5017667844523,495.0942285041225,377,479,412,513
4,574.4144144144144,1067.4493243243244,555,1052,594,1083
5,677.7818021201414,24.524734982332156,656,8,702,44
6,937.5550724637682,805.9789855072464,917,784,963,831
7,996.6264108352144,202.64785553047403,980,187,1016,221
8,1020.3046192259675,695.5230961298377,1000,683,1040,709
