label,Centroid-0,Centroid-1,bbox-0,bbox-1,bbox-2,bbox-3
1,226.70121278941565,285.93715545755236,210,269,245,305
2,330.70674248578393,727.1397238017871,306,708,358,749
3,613.2284482758621,1151.0603448275863,597,1137,631,1166
4,719.4192992533027,1038.2274554853532,697,1014,742,1063
5,792.6044444444444,999.8655555555556,776,984,811,1018
6,997.2004264392324,202.18763326226014,980,186,1017,221
