label,Centroid-0,Centroid-1,bbox-0,bbox-1,bbox-2,bbox-3
1,16.102747909199522,467.56152927120667,1,450,34,488
2,320.8718662952646,728.7585886722377,298,712,345,747
3,342.8216145833333,444.5755208333333,328,429,360,462
4,572.0611979166666,1067.38671875,555,1052,590,1083
5,678.2547770700637,26.78980891719745,658,11,702,46
6,759.8086816720257,1223.1495176848875,745,1210,775,1238
7,937.5190476190476,806.0204081632653,915,784,964,832
8,996.9184782608696,203.17717391304348,980,187,1016,222
