label,Centroid-0,Centroid-1,bbox-0,bbox-1,bbox-2,bbox-3
1,272.4638783269962,758.2614068441064,255,740,293,780
2,584.7550200803213,1044.8433734939758,567,1030,601,1060
3,627.4597574421168,1139.9233737596471,604,1114,651,1168
4,744.0222222222222,1008.896,724,991,765,1027
5,911.5292338709677,737.3256048387096,899,714,925,762
6,998.3818181818182,199.73368983957218,980,184,1018,217
