label,Centroid-0,Centroid-1,bbox-0,bbox-1,bbox-2,bbox-3
1,328.5568083261058,725.5628794449262,305,709,355,745
2,396.7475035663338,1283.1925820256777,381,1269,414,1299
3,576.7509353287012,1077.2191341528594,551,1055,604,1100
4,583.926640926641,1263.996138996139,567,1247,602,1282
5,694.2872435325602,153.37823371989296,675,135,716,174
6,892.5083943176926,805.4408092983211,857,784,932,827
7,967.4623541887593,969.2269353128314,950,952,987,988
8,996.1684210526316,203.87836257309942,980,188,1015,222
