label,Centroid-0,Centroid-1,bbox-0,bbox-1,bbox-2,bbox-3
1,263.58301158301157,768.138223938224,247,747,284,794
2,314.5168539325843,355.5800561797753,298,342,333,371
3,557.4590395480226,1028.265536723164,543,1012,573,1046
4,630.9027027027028,1107.7587837837839,606,1082,656,1134
5,640.9733141002524,1037.8690948431301,610,1004,675,1076
6,762.1563852813853,1238.5422077922078,736,1214,789,1264
7,931.0771796093378,715.532634587899,906,683,957,746
8,947.0945945945946,1093.8078078078079,933,1080,963,1109
9,995.5325131810193,599.1487990626831,974,574,1019,624
