label,Centroid-0,Centroid-1,bbox-0,bbox-1,bbox-2,bbox-3
1,268.38798283261804,760.5596566523606,249,741,292,784
2,584.0756084930088,1037.3267736923874,557,1013,607,1068
3,712.475,1011.225,693,993,734,1029
4,912.0655296229803,745.0852782764812,900,719,926,773
5,998.3344748858448,198.91780821917808,980,184,1018,214
