label,Centroid-0,Centroid-1,bbox-0,bbox-1,bbox-2,bbox-3
1,57.63796477495108,111.63405088062622,39,95,80,132
2,104.46791131855309,127.01633605600934,87,113,125,144
3,259.1305581835383,771.6196783349101,245,749,274,797
4,560.610630407911,989.1866501854141,543,973,580,1005
5,596.1271551724138,989.2877155172414,579,968,614,1011
6,623.7640625,1169.68125,611,1154,638,1186
7,737.2243667068758,1213.4053075995175,717,1200,759,1226
8,791.1905298759865,1025.3776775648253,775,1005,808,1046
9,953.5974717232202,722.585495675316,934,699,974,749
