label,Centroid-0,Centroid-1,bbox-0,bbox-1,bbox-2,bbox-3
1,70.10854271356784,411.14170854271356,52,395,92,432
2,257.9179331306991,769.7071935157041,245,748,273,794
3,422.55984555984554,208.6669884169884,404,191,444,229
4,469.2273316062176,950.401554404145,444,931,493,974
5,544.8203631647211,995.7905317769131,523,971,570,1022
6,701.7572519083969,220.46259541984733,687,207,717,236
7,717.467163168585,971.4779959377116,692,949,741,992
8,948.2060875079264,725.4927076727964,929,700,970,753
