label,Centroid-0,Centroid-1,bbox-0,bbox-1,bbox-2,bbox-3
1,267.1472602739726,769.3630136986301,250,754,286,787
2,374.2542857142857,1247.2985714285714,353,1226,397,1269
3,583.9947616553169,1038.7967522262966,558,1014,607,1072
4,709.1155737704918,1006.0729508196721,688,987,733,1024
5,761.6015228426396,1242.541878172589,745,1227,779,1260
6,915.5761316872428,746.528120713306,903,729,930,766
7,991.9814340588988,1326.8040973111395,965,1308,1020,1346
