label,Centroid-0,Centroid-1,bbox-0,bbox-1,bbox-2,bbox-3
1,259.0605809128631,771.3900414937759,246,744,273,800
2,536.8521560574949,1126.0889801505818,513,1107,561,1147
3,551.9030874785592,972.0540308747856,525,955,579,990
4,606.3124274099883,1171.0487804878048,588,1157,627,1187
5,665.2722646310433,1153.3801526717557,633,1116,698,1191
6,738.3785761809714,1244.7059214903527,713,1226,763,1267
7,794.7133872416891,616.8463611859838,776,599,817,638
8,949.7902511078287,725.8311176760217,928,694,974,758
9,944.3329886246122,617.300930713547,931,594,957,641
