label,Centroid-0,Centroid-1,bbox-0,bbox-1,bbox-2,bbox-3
1,258.8781431334623,346.5754352030948,243,327,277,370
2,263.0329835082459,766.9047976011994,245,745,284,793
3,319.2890733056708,354.29322268326416,302,341,338,369
4,633.3553719008264,1105.6804407713498,612,1085,655,1128
5,654.4435483870968,1021.7278225806451,636,1004,675,1042
6,889.4602564102564,621.7217948717948,876,605,906,640
7,934.8184670551323,723.4397131331242,909,689,962,754
8,947.9755351681957,1093.940366972477,934,1080,963,1109
9,1001.0930865541644,603.0119760479042,979,576,1024,630
