label,Centroid-0,Centroid-1,bbox-0,bbox-1,bbox-2,bbox-3
1,274.11498586239395,757.818096135721,256,740,295,779
2,322.9356164383562,11.427397260273972,304,0,342,26
3,584.5189718482252,1047.9277845777233,567,1032,602,1066
4,627.9765208110992,1143.3649946638207,604,1117,652,1170
5,746.868501529052,1011.10499490316,729,994,766,1028
6,911.0018674136321,741.5714285714286,899,716,924,769
7,998.129102844639,200.4835886214442,980,185,1018,218
