label,Centroid-0,Centroid-1,bbox-0,bbox-1,bbox-2,bbox-3
1,259.5456874466268,766.5166524338173,246,740,275,794
2,519.1633802816901,983.5633802816901,497,963,542,1007
3,582.547212741752,1026.0420932878271,560,1001,605,1051
4,605.9122807017544,1155.8410732714137,590,1139,624,1176
5,638.0210993892282,1059.776235424764,617,1033,660,1088
6,658.7529706066291,1119.3064415259537,638,1092,679,1148
7,890.7563275434243,549.1196029776675,862,526,922,572
8,934.2765151515151,737.2992424242424,914,718,957,758
