label,Centroid-0,Centroid-1,bbox-0,bbox-1,bbox-2,bbox-3
1,312.4306976744186,736.2520930232558,290,721,337,754
2,416.7581837381204,223.92291446673707,397,209,435,242
3,581.3500917431193,1265.8612844036697,551,1235,611,1297
4,585.6581632653061,1063.4298469387754,568,1048,605,1079
5,621.23988005997,1166.0224887556221,600,1145,644,1188
6,720.9088888888889,1044.3455555555556,703,1026,737,1063
7,789.1906779661017,1003.1366525423729,772,986,808,1022
8,922.515406162465,770.2549019607843,906,756,940,785
9,997.6408602150537,201.19247311827957,980,185,1017,219
