label,Centroid-0,Centroid-1,bbox-0,bbox-1,bbox-2,bbox-3
1,31.422142214221424,596.0369036903691,11,578,55,617
2,265.40227507755947,771.1158221302999,249,754,285,791
3,313.9186274509804,356.3264705882353,295,340,336,375
4,626.3067910609677,1018.4165762638316,575,983,683,1067
5,743.9305244285074,1244.1864634692963,714,1221,780,1272
6,876.9850393700788,614.0952755905512,857,594,898,635
7,891.2058165548099,1343.4854586129754,876,1324,907,1365
8,932.1630695443645,720.4537170263789,906,693,959,748
