label,Centroid-0,Centroid-1,bbox-0,bbox-1,bbox-2,bbox-3
1,259.1419294990724,769.3423005565862,245,746,273,795
2,476.8988603988604,952.1780626780627,463,935,492,970
3,517.8440502586844,994.3577235772358,478,968,559,1024
4,605.2276330690827,1160.7904869762174,589,1145,624,1179
5,890.2094972067039,546.9413407821229,875,533,908,563
6,943.5027322404371,1285.7322404371585,918,1262,973,1309
7,944.1669064748202,716.2647482014388,923,696,967,739
