label,Centroid-0,Centroid-1,bbox-0,bbox-1,bbox-2,bbox-3
1,233.9701213818861,288.2287581699346,216,271,255,309
2,326.2839173405211,728.9811320754717,304,711,351,749
3,481.6874265569918,890.1856639247943,461,877,504,905
4,576.6217494089834,1076.5405831363278,556,1053,601,1098
5,716.5148514851485,1032.6610814927647,697,1013,738,1056
6,788.0370009737098,1002.9756572541382,769,986,809,1022
7,930.4323473882945,803.5789804908748,908,782,956,830
8,996.7034632034632,202.65151515151516,979,186,1016,221
