label,Centroid-0,Centroid-1,bbox-0,bbox-1,bbox-2,bbox-3
1,17.83586956521739,469.2467391304348,4,449,33,492
2,327.94188034188033,724.2452991452991,303,708,355,743
3,577.5673024523161,1076.0059945504088,551,1053,605,1099
4,904.5168977469671,807.7478336221837,867,787,943,830
5,996.7508305647841,202.7153931339978,980,187,1016,221
