label,Centroid-0,Centroid-1,bbox-0,bbox-1,bbox-2,bbox-3
1,258.6028547439127,770.983207388749,245,744,273,799
2,272.75388198757764,328.27406832298135,252,309,297,351
3,314.5997442455243,274.78132992327363,298,261,333,291
4,547.0021037868163,1000.6332398316971,521,982,575,1021
5,600.2025316455696,1175.4844649021863,584,1160,620,1194
6,657.4429223744293,1150.7159817351599,620,1109,699,1191
7,739.2199108469539,1245.9078751857355,714,1226,763,1266
8,936.9400164338538,614.746918652424,918,595,958,637
9,948.6422563087581,725.9609104403761,927,694,971,758
