label,Centroid-0,Centroid-1,bbox-0,bbox-1,bbox-2,bbox-3
1,15.929802955665025,468.6182266009852,2,450,32,489
2,32.989583333333336,87.19140625,18,72,51,105
3,323.7360157016683,726.3817468105987,302,710,347,745
4,576.958549222798,1076.6554404145077,554,1053,602,1099
5,676.5983009708738,26.546116504854368,661,10,695,46
6,909.8644235526967,807.233052944087,878,788,941,830
7,996.8106575963719,202.4716553287982,980,187,1016,220
