label,Centroid-0,Centroid-1,bbox-0,bbox-1,bbox-2,bbox-3
1,326.0940632228219,730.9483423284503,300,711,354,753
2,421.62291870714984,224.4916748285994,401,208,444,243
3,577.992099322799,1273.2121896162528,555,1250,602,1298
4,614.9198717948718,1155.9220085470085,598,1139,635,1175
5,727.4285714285714,1040.6612244897958,714,1023,741,1059
6,790.6842737094838,1002.3505402160864,775,987,808,1020
7,894.4521674140508,606.5837070254111,874,587,917,626
8,933.1158580738595,784.7204923968139,911,762,956,809
9,997.5105263157894,201.93157894736842,980,185,1017,220
