label,Centroid-0,Centroid-1,bbox-0,bbox-1,bbox-2,bbox-3
1,15.483556638246041,468.12180267965897,2,450,32,489
2,198.42896174863387,285.5655737704918,183,271,216,302
3,320.5547024952015,728.4222648752399,298,712,344,746
4,579.2595644496763,1076.2048263684521,554,1052,608,1099
5,677.4652777777778,27.84325396825397,659,11,699,47
6,937.0323512420566,804.4130560369729,913,783,965,831
7,996.1177142857143,202.20342857142856,979,186,1015,220
