label,Centroid-0,Centroid-1,bbox-0,bbox-1,bbox-2,bbox-3
1,330.73639191290823,727.4494556765163,305,707,359,750
2,614.6689373297003,1151.6553133514985,598,1138,633,1167
3,720.3723404255319,1037.7039007092199,698,1014,743,1061
4,793.6224814422058,999.7433722163308,776,983,812,1018
5,916.7942446043165,787.2539568345323,897,766,941,813
6,997.6414087513341,201.94770544290287,980,186,1017,220
