label,Centroid-0,Centroid-1,bbox-0,bbox-1,bbox-2,bbox-3
1,311.3386809269162,736.6078431372549,287,721,337,754
2,576.3334698893896,1267.6022122081115,549,1236,607,1296
3,583.2481962481962,1061.2366522366522,567,1048,601,1075
4,622.1765787860209,1165.8700183936235,598,1143,646,1189
5,710.3694196428571,1051.2154017857142,692,1035,730,1067
6,787.8310010764262,1005.2626480086114,770,989,807,1023
7,997.5583153347732,201.7645788336933,980,185,1017,220
8,1013.7048494983278,877.2775919732442,994,858,1035,898
