label,Centroid-0,Centroid-1,bbox-0,bbox-1,bbox-2,bbox-3
1,279.48835202761,752.2070750647109,260,733,302,774
2,320.4972972972973,13.915675675675676,303,0,342,33
3,566.2356164383561,1256.7780821917809,551,1240,583,1274
4,583.0740354535975,1052.3972888425444,565,1034,602,1073
5,627.1237169097785,1148.0302539168017,601,1122,652,1173
6,754.5462686567164,1009.2666666666667,735,993,774,1027
7,903.5514527845037,743.2372881355932,880,719,924,770
8,997.954845814978,200.6718061674009,980,185,1018,218
