label,Centroid-0,Centroid-1,bbox-0,bbox-1,bbox-2,bbox-3
1,269.49783923941226,759.9775280898876,250,742,293,783
2,583.2670118343195,1042.5384615384614,554,1027,608,1064
3,616.9922854387656,1130.0973963355834,604,1105,630,1157
4,716.4940374787053,1013.09199318569,696,995,739,1031
5,911.9460431654676,740.4037769784172,900,714,926,768
6,998.0221483942414,199.58028792912515,980,184,1018,216
