label,Centroid-0,Centroid-1,bbox-0,bbox-1,bbox-2,bbox-3
1,264.23301886792456,769.5150943396227,246,752,285,790
2,584.4583527221964,1037.316891577478,557,1012,610,1071
3,709.4622144112478,1006.6906854130053,690,988,731,1025
4,738.5015015015015,167.73673673673673,720,149,759,188
5,759.1031055900621,1239.1540372670806,741,1226,779,1254
6,914.7584905660377,747.2138364779875,902,728,929,768
7,987.3826679649464,1323.555988315482,968,1306,1009,1343
