label,Centroid-0,Centroid-1,bbox-0,bbox-1,bbox-2,bbox-3
1,235.0073145245559,285.1274817136886,218,269,255,304
2,326.66872246696033,728.279295154185,304,710,352,749
3,582.1463068181819,1084.6136363636363,564,1072,601,1098
4,715.6860557768924,1033.60796812749,697,1014,737,1056
5,788.3559928443649,1000.8756708407872,769,984,810,1020
6,931.1088180112571,802.6422764227642,908,782,958,828
7,997.1989417989417,202.1851851851852,980,186,1017,221
