label,Centroid-0,Centroid-1,bbox-0,bbox-1,bbox-2,bbox-3
1,597.3951979234264,1051.4536015574301,576,1029,621,1075
2,622.9894736842106,1122.3022556390977,608,1108,639,1138
3,676.735226400614,990.7367613200307,655,970,701,1012
4,757.1515650741351,1245.3130148270182,743,1232,772,1260
5,891.398533007335,1337.1947840260798,870,1319,915,1357
6,946.7839459864966,694.0967741935484,926,674,969,716
