label,Centroid-0,Centroid-1,bbox-0,bbox-1,bbox-2,bbox-3
1,189.6993620414673,568.1547049441787,169,549,214,591
2,263.55276816608995,768.0596885813148,247,748,283,792
3,569.3635198633062,1020.6168304143529,541,990,596,1053
4,610.9284253578733,1122.7883435582821,590,1103,632,1143
5,642.3076923076923,1056.9396449704143,629,1036,656,1078
6,845.4246339362619,1162.1602067183462,827,1143,866,1184
7,933.4041184041184,718.9163449163449,911,687,957,752
8,956.1132867132867,441.9118881118881,942,427,972,459
