label,Centroid-0,Centroid-1,bbox-0,bbox-1,bbox-2,bbox-3
1,140.55263157894737,215.84774436090225,120,200,165,236
2,263.7755102040816,767.1792369121562,247,748,284,790
3,579.0151950718686,1016.1416837782341,542,989,611,1046
4,603.9215938303342,1113.5244215938303,585,1100,623,1128
5,724.1153324287652,933.7293080054274,699,916,754,952
6,934.597137014315,722.9645535105658,912,693,958,754
