label,Centroid-0,Centroid-1,bbox-0,bbox-1,bbox-2,bbox-3
1,302.564308681672,742.8384244372991,280,725,326,763
2,578.702416918429,1267.751510574018,556,1247,601,1292
3,581.8851022395327,1062.5180136319377,564,1046,604,1083
4,624.2375440362355,1171.3341721187721,598,1146,652,1197
5,780.7752100840336,1006.3991596638656,763,990,800,1024
6,916.0901246404602,756.2291466922339,895,737,939,776
7,987.5189990732159,882.595922150139,966,865,1009,900
8,997.8405639913232,201.04772234273318,980,185,1017,219
