label,Centroid-0,Centroid-1,bbox-0,bbox-1,bbox-2,bbox-3
1,263.7491065046462,767.6940671908507,247,743,284,796
2,563.0974376264329,1017.5030343897505,525,982,602,1048
3,611.8440808469683,1124.6535129932627,591,1104,634,1146
4,872.3946188340807,570.1461883408072,853,553,893,590
5,887.622754491018,353.3508982035928,865,328,914,382
6,923.0400704535447,710.3663584324087,895,680,952,746
7,953.5905044510386,448.7151335311573,939,435,970,464
