label,Centroid-0,Centroid-1,bbox-0,bbox-1,bbox-2,bbox-3
1,18.338983050847457,39.54735792622134,0,22,40,60
2,259.9795918367347,766.8269387755103,246,740,276,795
3,583.6190476190476,1027.4315476190477,562,1003,606,1052
4,642.4467099165894,1125.6110596231078,599,1089,688,1167
5,627.9945414847161,1070.5534934497816,613,1049,644,1093
6,905.3329113924051,571.7658227848101,886,558,926,585
7,923.959198282033,726.3142448103079,903,705,947,749
8,943.2899159663865,459.05322128851543,928,445,960,475
