label,Centroid-0,Centroid-1,bbox-0,bbox-1,bbox-2,bbox-3
1,259.84723618090453,770.4753768844221,246,749,275,794
2,557.6551351351351,1028.331891891892,541,1009,575,1049
3,629.6578590785908,1107.2425474254742,603,1080,656,1134
4,633.3061111111111,1045.6822222222222,609,1015,653,1073
5,745.0128205128206,1241.9679487179487,730,1223,760,1261
6,931.1728395061729,723.5764895330112,906,694,957,749
7,1006.2910628019324,600.2173913043479,992,581,1020,621
