label,Centroid-0,Centroid-1,bbox-0,bbox-1,bbox-2,bbox-3
1,260.9195020746888,768.9651452282158,244,749,281,794
2,422.319801980198,210.91980198019803,404,194,444,231
3,469.7867215041128,952.0634547591069,444,930,494,975
4,541.3903114186851,997.8401384083045,520,974,564,1023
5,709.4639175257732,220.2639175257732,689,205,731,238
6,715.591163658992,969.5021779713752,692,947,740,993
7,927.4868995633187,1278.2532751091703,908,1262,947,1295
8,946.7508626639061,728.3216011042098,927,705,968,753
