label,Centroid-0,Centroid-1,bbox-0,bbox-1,bbox-2,bbox-3
1,265.84392419175026,771.9810479375697,249,756,284,789
2,373.3635003739716,1247.8376963350786,352,1228,396,1270
3,584.8974487243622,1038.1490745372687,559,1013,609,1072
4,709.750442477876,1006.0433628318584,690,987,731,1025
5,736.8797083839611,168.40704738760633,721,150,753,187
6,761.2287917737789,1242.4588688946014,745,1227,779,1259
7,915.2858958068615,747.4815756035578,902,728,930,768
8,991.9228740936059,1326.456822676335,966,1307,1019,1345
