label,Centroid-0,Centroid-1,bbox-0,bbox-1,bbox-2,bbox-3
1,309.50086805555554,736.8342013888889,285,721,336,754
2,575.6260162601626,1271.6316056910568,550,1246,607,1295
3,583.5769585253456,1062.8230414746545,563,1047,608,1083
4,623.3359030837005,1170.2990088105728,598,1146,650,1196
5,707.0083449235049,1053.201668984701,694,1036,722,1070
6,785.6757322175732,1004.3462343096235,768,987,805,1022
7,910.9191542288557,757.8196517412936,893,742,930,773
8,982.8562753036438,879.6163967611336,966,862,1001,899
9,997.6569579288026,201.6688241639698,980,186,1017,220
