label,Centroid-0,Centroid-1,bbox-0,bbox-1,bbox-2,bbox-3
1,292.76190476190476,745.2631578947369,269,730,319,762
2,574.377990430622,1263.2057416267942,551,1241,598,1287
3,583.5478577939836,1059.4029170464905,565,1043,606,1081
4,625.6645225136072,1165.9158832261257,599,1140,652,1194
5,704.870170015456,1032.9258114374034,692,1017,718,1050
6,772.5366666666666,1008.0166666666667,755,992,791,1025
7,910.7607192254495,747.207468879668,898,729,925,766
8,982.5131195335277,882.0976676384839,967,868,999,898
9,997.8606911447084,201.12095032397409,980,185,1018,219
