label,Centroid-0,Centroid-1,bbox-0,bbox-1,bbox-2,bbox-3
1,16.28436018957346,470.4845971563981,3,451,30,492
2,326.59842519685037,724.7462817147856,302,708,353,744
3,577.104267963263,1076.4484062668828,551,1054,605,1099
4,589.5739348370927,1255.0501253132832,574,1236,606,1275
5,660.2444933920705,29.25330396475771,644,13,680,49
6,873.1851464435147,494.14853556485355,850,480,897,510
7,907.627645788337,808.9416846652268,871,788,947,832
8,997.0771929824562,202.7204678362573,981,187,1016,221
