label,Centroid-0,Centroid-1,bbox-0,bbox-1,bbox-2,bbox-3
1,137.96171802054155,217.24183006535947,119,200,161,238
2,263.5982683982684,767.7549783549783,247,749,284,791
3,512.0886363636364,922.9136363636363,498,902,526,945
4,577.8981678738816,1015.7294418406476,543,990,608,1044
5,603.3351648351648,1112.5233516483515,586,1099,622,1127
6,722.7924123120973,932.386542591267,699,914,752,952
7,933.4669811320755,721.4353099730458,911,691,957,753
