label,Centroid-0,Centroid-1,bbox-0,bbox-1,bbox-2,bbox-3
1,326.34204275534444,728.6872525732383,301,710,355,750
2,570.7489239598278,1067.7245337159254,555,1053,587,1084
3,623.0104931794334,800.2497376705142,606,783,642,819
4,679.7012847965739,24.29336188436831,659,8,702,42
5,995.9137529137529,202.72610722610722,980,187,1015,221
6,1017.8490338164252,695.8900966183575,998,684,1039,709
