label,Centroid-0,Centroid-1,bbox-0,bbox-1,bbox-2,bbox-3
1,17.43991179713341,38.23925027563396,0,23,39,56
2,259.7798634812287,767.2278156996587,246,741,275,795
3,518.6244874048037,979.0468658465144,497,956,543,1006
4,583.1167925624637,1025.796048808832,561,1001,606,1051
5,612.0,1149.5429141716568,594,1132,631,1168
6,633.8783666377063,1069.462206776716,616,1050,654,1091
7,658.3353617308993,1109.6991210277215,633,1090,685,1131
8,889.7649958915366,544.284716516023,856,514,922,570
9,933.1762682717111,736.6251074806535,914,718,954,757
