label,Centroid-0,Centroid-1,bbox-0,bbox-1,bbox-2,bbox-3
1,76.61127029608404,117.40592168099332,56,101,100,137
2,262.89961089494165,768.7750972762645,246,748,283,794
3,559.5369047619048,988.5226190476191,542,972,580,1005
4,599.6961852861035,986.7561307901907,584,970,616,1004
5,621.1956181533646,1169.6729264475744,608,1154,635,1185
6,724.1390041493776,1213.7793914246197,698,1190,748,1236
7,783.7288888888888,1017.8053333333334,766,999,804,1038
8,953.6720351390923,722.376281112738,936,699,975,749
