label,Centroid-0,Centroid-1,bbox-0,bbox-1,bbox-2,bbox-3
1,16.046706586826346,470.05868263473053,3,451,31,491
2,325.34090909090907,725.2443181818181,303,709,350,744
3,578.5737797956867,1076.677639046538,553,1053,606,1100
4,589.6561479869423,1253.973884657236,574,1232,606,1277
5,671.1071428571429,33.50119047619047,653,19,691,51
6,914.5272564789991,809.8999106344951,878,790,951,833
7,996.0144124168514,203.18736141906874,979,187,1015,222
