label,Centroid-0,Centroid-1,bbox-0,bbox-1,bbox-2,bbox-3
1,260.50694444444446,769.3133680555555,246,743,276,797
2,429.72677595628414,864.6112412177986,410,845,452,887
3,561.0653008962868,1023.7336747759283,545,1007,578,1041
4,614.5468113975577,1048.8249660786973,591,1024,638,1078
5,614.4051627384961,1115.7373737373737,594,1100,635,1132
6,745.6506024096385,1242.1994645247657,731,1224,760,1261
7,906.4152223059533,759.2155237377543,886,739,930,780
8,934.6664031620553,718.404743083004,916,691,954,747
