label,Centroid-0,Centroid-1,bbox-0,bbox-1,bbox-2,bbox-3
1,263.57510040160645,768.8369477911647,247,748,283,794
2,315.284793814433,355.5541237113402,297,342,335,371
3,557.3814569536423,1028.876821192053,543,1012,573,1047
4,630.4805630026809,1108.1179624664878,605,1082,656,1135
5,640.4485768500949,1039.5612903225806,612,1005,674,1078
6,757.0560471976402,1255.7728613569323,742,1240,773,1272
7,931.9890339425588,717.9013054830288,907,688,957,747
8,947.3550834597876,1093.5007587253415,933,1080,964,1109
9,997.0345911949686,600.3792452830189,975,578,1019,624
