label,Centroid-0,Centroid-1,bbox-0,bbox-1,bbox-2,bbox-3
1,138.71529619805483,216.69407603890363,119,198,162,239
2,263.8370307167236,767.3950511945393,247,748,284,791
3,503.6615099009901,923.5538366336634,482,901,526,947
4,577.0501618122977,1014.21642394822,541,987,607,1043
5,608.91484375,1118.253125,587,1099,631,1142
6,640.7176781002638,1057.7242744063324,629,1039,654,1078
7,725.1434058898848,935.1037131882202,701,914,753,956
8,746.0448877805486,1242.2182044887782,730,1223,761,1261
9,932.3244503664224,719.217854763491,910,689,955,751
