label,Centroid-0,Centroid-1,bbox-0,bbox-1,bbox-2,bbox-3
1,17.015046296296298,469.4803240740741,3,450,32,491
2,327.5902654867257,724.7955752212389,304,709,354,744
3,578.9160177975529,1076.3743047830924,553,1053,606,1100
4,662.4952494061757,28.787410926365794,647,13,681,48
5,874.2998846597462,494.9204152249135,853,481,896,511
6,911.1105504587156,809.4848623853211,877,790,948,832
7,997.4813137032843,202.757644394111,981,187,1017,221
