label,Centroid-0,Centroid-1,bbox-0,bbox-1,bbox-2,bbox-3
1,260.139489194499,769.5687622789784,246,747,275,794
2,558.8159645232817,1027.2727272727273,542,1008,576,1047
3,631.9461805555555,1074.2913773148148,602,1017,657,1133
4,745.343954248366,1235.4264705882354,730,1210,763,1262
5,930.9017728797317,723.2405366554864,905,693,958,751
6,1006.4445812807882,600.192118226601,992,581,1020,621
