label,Centroid-0,Centroid-1,bbox-0,bbox-1,bbox-2,bbox-3
1,259.9849290780142,769.3395390070922,246,744,275,796
2,541.0288,1007.4176,524,982,559,1036
3,580.4081395348837,1024.9406976744185,558,1001,604,1050
4,616.4299401197604,1123.2251497005989,599,1105,635,1142
5,867.4465020576132,568.059670781893,850,550,886,588
6,879.7511312217194,346.4012066365008,865,331,895,362
7,911.3462214411247,586.3848857644991,893,568,932,607
8,926.8996452103396,729.4977192093259,903,700,955,755
9,951.7883522727273,450.52982954545456,937,436,968,467
