label,Centroid-0,Centroid-1,bbox-0,bbox-1,bbox-2,bbox-3
1,16.321637426900583,470.5076023391813,3,451,31,492
2,328.3011216566005,724.2916307161346,304,707,355,744
3,574.6108512628625,1068.756782039289,552,1053,598,1086
4,584.0861788617887,1262.5951219512194,562,1235,605,1290
5,668.5665024630542,31.763546798029555,651,14,690,53
6,915.2892791127541,810.6820702402957,881,791,950,834
7,934.7203513909224,659.7569546120059,920,644,950,676
8,996.3624161073825,203.79753914988814,980,187,1015,222
