label,Centroid-0,Centroid-1,bbox-0,bbox-1,bbox-2,bbox-3
1,15.93581514762516,470.1758664955071,3,452,30,490
2,323.36355394378967,726.5267452402538,300,710,349,745
3,579.1182795698925,1076.5449915110357,553,1053,607,1100
4,590.0351515151515,1253.5418181818181,576,1233,605,1275
5,673.0920897284534,33.29515938606848,657,17,692,53
6,910.0436740207114,808.5362449347141,874,789,947,831
7,996.936612021858,202.85245901639345,980,187,1016,221
