label,Centroid-0,Centroid-1,bbox-0,bbox-1,bbox-2,bbox-3
1,97.60161290322581,547.3443548387097,82,525,118,574
2,265.58040201005025,770.6972361809045,249,756,284,787
3,373.6151178918169,1245.4438280166435,351,1225,398,1268
4,594.656570155902,1048.2378619153674,564,1020,623,1076
5,698.5771812080537,1000.5612416107383,678,981,722,1020
6,760.6373626373627,1242.5201465201465,743,1227,779,1259
7,908.027027027027,722.7123552123552,883,693,928,760
