label,Centroid-0,Centroid-1,bbox-0,bbox-1,bbox-2,bbox-3
1,27.296808510638296,591.8319148936171,8,576,49,610
2,24.645077720207254,1347.786701208981,8,1327,44,1372
3,267.26998223801064,773.246891651865,249,754,287,794
4,608.3710054559626,1027.3043647700702,578,995,639,1065
5,661.800176056338,990.8882042253521,642,973,684,1009
6,743.8582995951417,1240.1538461538462,716,1220,775,1260
7,893.031746031746,1340.763888888889,877,1321,912,1364
8,929.634859349145,713.4765581908439,905,687,955,740
