label,Centroid-0,Centroid-1,bbox-0,bbox-1,bbox-2,bbox-3
1,259.2733224222586,765.759410801964,245,739,275,794
2,583.5158208955224,1027.433432835821,562,1003,606,1052
3,642.9630606860159,1124.4280269715625,598,1086,690,1167
4,627.0866510538642,1071.3969555035128,613,1051,642,1093
5,903.1589673913044,571.1548913043479,885,558,923,584
6,927.4490196078432,730.1281045751634,905,706,951,754
7,944.1399176954733,457.920438957476,929,443,961,474
