label,Centroid-0,Centroid-1,bbox-0,bbox-1,bbox-2,bbox-3
1,16.863580998781973,466.5432399512789,2,450,35,486
2,323.15213178294573,728.2102713178294,302,711,346,747
3,434.50632911392404,541.5569620253165,418,525,453,560
4,574.3857142857142,1067.6758241758241,555,1052,595,1084
5,677.3139097744361,22.69736842105263,657,6,701,43
6,996.6407447973713,202.29134720700986,980,186,1016,221
7,1019.8132678132678,695.3267813267813,1000,683,1040,709
