label,Centroid-0,Centroid-1,bbox-0,bbox-1,bbox-2,bbox-3
1,315.26297169811323,805.7676886792453,297,791,336,823
2,408.08078994614004,8.989228007181328,393,0,426,22
3,422.07214428857714,647.936873747495,400,632,445,665
4,763.6691068814056,668.4377745241582,750,654,780,685
