label,Centroid-0,Centroid-1,bbox-0,bbox-1,bbox-2,bbox-3
1,11.34037558685446,1243.893192488263,0,1226,28,1266
2,118.00803212851406,1095.4123159303883,100,1082,137,1110
3,500.9578622816033,225.08016443987668,483,209,522,244
4,574.383631713555,1267.7199488491049,561,1249,590,1287
5,663.3518052057095,220.41981528127624,643,202,686,242
6,718.4457142857143,888.4557142857143,702,875,735,903
7,797.7619047619048,1039.7142857142858,775,1024,822,1055
8,1015.8076379066478,1275.16973125884,998,1262,1034,1289
