label,Centroid-0,Centroid-1,bbox-0,bbox-1,bbox-2,bbox-3
1,327.0079096045198,736.2564971751412,313,715,344,755
2,410.1581868640148,690.9898242368178,391,671,430,711
3,574.2845714285714,726.376,558,710,593,744
4,728.9691629955947,906.9118942731277,710,892,750,923
5,859.8288075560803,527.1168831168832,844,511,878,545
6,880.3057742782153,194.89763779527559,865,180,898,212
7,886.4440154440155,1040.2065637065637,869,1022,907,1062
8,948.3490011750881,1284.6451233842538,932,1269,966,1302
