label,Centroid-0,Centroid-1,bbox-0,bbox-1,bbox-2,bbox-3
1,610.4272076372315,772.082338902148,595,756,628,790
2,731.4410774410775,907.0864197530864,715,890,750,924
3,880.0108173076923,191.8810096153846,864,176,899,210
4,886.108280254777,1037.4670912951167,870,1019,904,1058
5,944.373576309795,1256.3223234624145,926,1242,965,1272
