label,Centroid-0,Centroid-1,bbox-0,bbox-1,bbox-2,bbox-3
1,584.7937823834197,767.1098445595854,568,750,604,786
2,712.5192802056555,908.5578406169666,697,893,731,924
3,880.2150537634409,191.42771804062127,864,176,899,210
4,886.6683229813665,1038.6186335403727,871,1021,903,1057
