label,Centroid-0,Centroid-1,bbox-0,bbox-1,bbox-2,bbox-3
1,111.98976109215018,864.962457337884,96,849,130,884
2,609.937984496124,770.4075304540421,594,754,628,789
3,730.7340182648402,907.0993150684932,714,891,750,923
4,879.179190751445,192.1549132947977,863,176,898,211
5,886.9969788519637,1037.1651560926484,870,1019,907,1058
6,945.3156934306569,1267.036496350365,928,1249,966,1288
