label,Centroid-0,Centroid-1,bbox-0,bbox-1,bbox-2,bbox-3
1,447.5519801980198,717.6856435643564,432,699,464,737
2,711.6513661202185,915.4841530054645,697,896,728,937
3,784.3439385628086,918.535929786067,759,891,812,950
