label,Centroid-0,Centroid-1,bbox-0,bbox-1,bbox-2,bbox-3
1,454.3379446640316,1106.3754940711462,437,1090,476,1127
2,880.25,191.58375,865,176,899,210
