label,Centroid-0,Centroid-1,bbox-0,bbox-1,bbox-2,bbox-3
1,711.8676957001103,914.8048511576626,697,895,728,936
2,781.7332474226804,918.1533505154639,768,900,797,938
