label,Centroid-0,Centroid-1,bbox-0,bbox-1,bbox-2,bbox-3
1,298.90996784565914,861.4292604501608,284,848,314,876
2,451.0981098109811,935.8793879387939,433,918,471,957
3,597.9177215189874,992.4293248945148,582,975,617,1012
4,708.4718693284937,965.6787658802178,683,940,732,996
5,703.1345407503234,902.5355756791721,689,885,719,922
6,912.3635047067343,1074.038377986966,890,1053,936,1095
7,1000.7896081771721,1060.2972742759796,983,1040,1021,1082
