label,Centroid-0,Centroid-1,bbox-0,bbox-1,bbox-2,bbox-3
1,314.7609603340292,805.4947807933194,296,788,336,825
2,410.36315789473684,8.535087719298245,395,0,429,22
3,422.0427947598253,652.0122270742359,401,635,446,671
4,619.6404199475065,837.0774278215223,601,823,639,852
5,749.8920595533499,665.4882133995037,720,640,782,689
6,836.0861423220974,1049.7802746566792,816,1037,857,1064
