label,Centroid-0,Centroid-1,bbox-0,bbox-1,bbox-2,bbox-3
1,17.15564738292011,1246.6143250688706,4,1230,31,1265
2,281.8956805215974,1038.8451507742461,264,1018,302,1062
3,461.80390625,456.040625,441,436,484,479
4,606.9476801579467,83.77097729516288,585,68,631,101
5,702.9422283356258,894.5171939477304,687,880,720,910
6,711.679496669134,767.0717986676536,691,748,735,790
