label,Centroid-0,Centroid-1,bbox-0,bbox-1,bbox-2,bbox-3
1,52.94599627560521,1298.342644320298,35,1279,74,1321
2,316.32915921288014,796.2802623732856,290,770,341,826
3,379.88715953307394,692.7928015564203,363,675,399,714
4,566.7098445595855,1273.56390328152,548,1255,588,1294
5,599.3317249698432,856.3498190591074,583,839,617,875
6,719.3719068413392,686.2532751091703,699,665,740,712
