label,Centroid-0,Centroid-1,bbox-0,bbox-1,bbox-2,bbox-3
1,531.9162640901772,1356.5217391304348,518,1342,547,1371
2,676.4273255813954,323.8032945736434,658,307,698,344
3,702.395256916996,907.1501976284585,690,889,717,927
4,743.1944444444445,885.0792181069959,726,868,762,904
5,811.7698185291308,624.7803247373448,794,607,833,645
6,949.2809172809173,745.2424242424242,931,725,971,769
7,994.3810043668122,28.185589519650655,977,12,1015,47
