label,Centroid-0,Centroid-1,bbox-0,bbox-1,bbox-2,bbox-3
1,79.13768961493582,453.69894982497084,62,436,98,473
2,154.7377049180328,1303.9855351976855,141,1280,171,1328
3,167.9725050916497,544.2179226069246,151,527,188,564
4,189.06970954356848,661.4746887966805,171,640,210,686
5,220.26666666666668,970.2908045977011,205,953,238,990
6,332.3963691376702,789.3055975794251,319,774,346,807
7,360.9955784819455,725.563006632277,339,705,384,749
8,605.896480331263,906.7805383022775,586,889,625,925
9,989.376724137931,1349.5336206896552,968,1333,1014,1370
