label,Centroid-0,Centroid-1,bbox-0,bbox-1,bbox-2,bbox-3
1,248.81854838709677,168.98790322580646,233,150,266,191
2,283.73386383731213,466.9814323607427,263,449,308,488
3,551.5758280069726,1275.4572922719349,523,1257,588,1296
4,720.0933147632312,888.1295264623956,703,875,737,903
5,777.8047722342733,931.9002169197397,762,910,795,955
6,800.0755555555555,1049.76,783,1038,818,1062
7,842.9557195571956,629.9126691266913,828,613,860,647
8,964.11004784689,982.6929824561404,943,961,987,1005
