label,Centroid-0,Centroid-1,bbox-0,bbox-1,bbox-2,bbox-3
1,296.8037558685446,117.77276995305164,277,100,320,135
2,311.6643109540636,547.6563604240283,294,530,335,570
3,456.6614730878187,692.2252124645893,440,677,473,707
4,490.258064516129,741.6252371916509,472,721,508,762
5,702.646288209607,907.0251091703057,688,887,719,928
6,853.7864644107351,938.6581096849475,838,920,871,959
7,885.5007299270073,11.337226277372263,871,0,903,27
