label,Centroid-0,Centroid-1,bbox-0,bbox-1,bbox-2,bbox-3
1,573.1901469317199,95.89887640449439,557,75,591,119
2,584.4083769633507,1281.235602094241,566,1262,606,1303
3,702.3316326530612,910.8227040816327,689,893,718,931
4,822.1979865771812,626.9217002237136,803,611,842,642
