label,Centroid-0,Centroid-1,bbox-0,bbox-1,bbox-2,bbox-3
1,609.9494252873563,771.7954022988506,594,755,628,790
2,731.3268124280783,906.8665132336018,715,890,750,923
3,878.9236276849642,191.66587112171837,863,176,898,210
4,888.048802946593,1034.841620626151,870,1015,910,1057
5,943.3417840375587,1261.543661971831,926,1244,965,1284
