label,Centroid-0,Centroid-1,bbox-0,bbox-1,bbox-2,bbox-3
1,325.20460358056266,734.0115089514067,313,714,339,754
2,409.7770398481973,690.472485768501,390,671,429,709
3,573.6839207048458,724.8557268722467,558,708,592,744
4,728.665548098434,906.1342281879195,710,891,749,922
5,858.2414634146342,529.9231707317073,842,514,876,547
6,879.8042328042328,193.85185185185185,865,179,897,211
7,886.1754221388368,1039.4746716697937,869,1020,907,1062
8,955.7812879708384,1277.1445929526124,940,1262,974,1294
