label,Centroid-0,Centroid-1,bbox-0,bbox-1,bbox-2,bbox-3
1,85.62445414847161,1162.2069868995634,69,1142,104,1185
2,212.96254256526674,501.31895573212256,199,483,230,523
3,704.9442013129103,921.1739606126914,687,905,725,937
4,806.339897260274,1252.7234589041095,788,1233,829,1276
5,989.5909471919531,1195.5649622799665,969,1178,1012,1215
