label,Centroid-0,Centroid-1,bbox-0,bbox-1,bbox-2,bbox-3
1,565.9561643835616,735.1753424657534,550,720,583,752
2,711.9507323568575,898.7097203728363,696,884,728,914
3,879.2593516209477,192.30299251870323,864,177,898,211
