label,Centroid-0,Centroid-1,bbox-0,bbox-1,bbox-2,bbox-3
1,46.93503937007874,1180.876968503937,27,1165,69,1198
2,174.48246546227418,646.9659936238045,158,630,194,666
3,358.621359223301,765.4077669902913,344,751,376,782
4,447.3281096963761,935.8697355533791,429,917,467,957
5,711.6491228070175,967.9764065335753,689,943,735,992
6,708.8668054110302,883.8896982310093,691,868,730,902
7,915.6281800391389,1071.646771037182,894,1053,938,1091
