label,Centroid-0,Centroid-1,bbox-0,bbox-1,bbox-2,bbox-3
1,126.04697986577182,1104.4805369127516,111,1091,144,1121
2,152.07444668008048,712.1348088531187,135,695,172,733
3,321.3811475409836,551.7098360655738,302,532,343,574
4,647.9458917835672,130.4248496993988,628,115,671,146
5,694.0405982905983,151.50213675213675,677,135,714,171
6,717.1338028169014,888.1225352112676,701,875,734,903
7,797.338722716249,1059.3678253839935,776,1042,820,1079
8,890.1552217453504,1148.2997138769672,869,1125,911,1171
