label,Centroid-0,Centroid-1,bbox-0,bbox-1,bbox-2,bbox-3
1,34.75170842824601,1178.369020501139,18,1163,54,1196
2,48.717013888888886,1238.3854166666667,33,1217,67,1263
3,175.66037735849056,642.8435072142064,156,624,195,661
4,459.7503546099291,1274.1468085106383,438,1254,484,1296
5,718.1853002070393,887.0258799171843,699,872,740,904
6,1016.8192219679634,1268.627765064836,999,1246,1036,1293
