label,Centroid-0,Centroid-1,bbox-0,bbox-1,bbox-2,bbox-3
1,325.37855297157626,683.1227390180878,310,668,343,701
2,414.02968270214944,645.0972364380757,396,629,435,665
3,701.3163538873995,907.1380697050938,689,889,715,927
4,811.5874649204865,624.3648269410664,794,607,833,644
5,848.0842490842491,507.2991452991453,828,495,869,521
6,952.5019255455712,733.9563543003851,941,714,965,755
