label,Centroid-0,Centroid-1,bbox-0,bbox-1,bbox-2,bbox-3
1,580.4590707964602,763.5530973451328,564,747,599,782
2,710.7689440993789,900.6695652173913,695,885,728,917
3,879.7716727716728,191.90354090354091,864,177,899,210
4,886.0534759358288,1040.5133689839572,871,1024,902,1058
