label,Centroid-0,Centroid-1,bbox-0,bbox-1,bbox-2,bbox-3
1,189.08453410182517,161.84245917387128,174,142,206,184
2,214.484631147541,587.718237704918,197,571,235,607
3,391.96358732299393,588.9979770734997,370,567,417,613
4,406.71314741035854,648.7498007968128,386,630,431,667
5,497.63739837398373,1380.6032520325202,481,1368,514,1392
6,705.293897882939,890.7683686176837,689,875,722,907
7,745.5854889589905,705.4776025236594,722,685,773,730
8,1024.0557939914163,1277.510729613734,1006,1265,1040,1290
