label,Centroid-0,Centroid-1,bbox-0,bbox-1,bbox-2,bbox-3
1,121.5,871.0071428571429,106,857,139,887
2,603.2246543778801,750.3502304147465,587,734,621,768
3,732.0888888888888,907.9855555555556,714,893,753,924
4,878.4134615384615,192.98557692307693,862,177,897,211
5,887.9956408020925,1036.1761115954664,870,1016,910,1060
6,953.2371392722711,1278.957340025094,938,1263,970,1296
