label,Centroid-0,Centroid-1,bbox-0,bbox-1,bbox-2,bbox-3
1,122.81347962382445,870.7539184952979,108,856,138,886
2,330.5307855626327,698.8556263269639,314,682,350,719
3,605.1348435814456,772.6903991370011,588,757,625,791
4,728.0891719745223,904.6662420382165,713,889,746,921
5,878.7527950310559,191.6832298136646,863,176,897,210
6,884.6749435665914,1036.3103837471783,869,1018,902,1057
