label,Centroid-0,Centroid-1,bbox-0,bbox-1,bbox-2,bbox-3
1,13.428390367553865,1262.0595690747782,1,1242,26,1283
2,53.727160493827164,931.437037037037,38,916,73,950
3,192.19403794037942,838.8932249322493,166,814,220,866
4,290.5575575575576,810.0930930930931,273,793,311,830
5,468.9281314168378,77.564681724846,450,63,492,96
6,519.7612055641422,535.4219474497681,501,515,543,559
7,593.3307573415765,907.3616692426584,578,893,609,921
8,884.1897872340426,1114.3378723404255,864,1097,907,1134
9,945.2647814910026,1087.981148243359,927,1069,966,1110
