label,Centroid-0,Centroid-1,bbox-0,bbox-1,bbox-2,bbox-3
1,120.503125,871.75078125,101,850,142,895
2,259.4863849765258,497.6,242,480,280,519
3,606.2893347412883,772.7983104540655,589,756,625,791
4,731.5646100116414,906.557625145518,716,890,750,923
5,879.6124121779859,192.43091334894615,863,177,899,211
6,886.8366383380547,1037.14447592068,870,1017,907,1060
7,951.6506276150627,1275.9926778242677,935,1259,971,1295
