label,Centroid-0,Centroid-1,bbox-0,bbox-1,bbox-2,bbox-3
1,574.1049414161997,144.4666327050433,551,113,594,182
2,712.1796565389697,898.5151915455747,696,884,729,913
3,879.789667896679,191.680196801968,864,177,899,210
