label,Centroid-0,Centroid-1,bbox-0,bbox-1,bbox-2,bbox-3
1,55.24197983501375,1298.025664527956,37,1278,76,1321
2,322.7098930481283,811.1590909090909,306,795,340,828
3,380.5224775224775,693.2357642357642,364,675,400,714
4,482.4352112676056,1294.743661971831,467,1278,498,1312
5,567.148181011535,1273.5128660159717,548,1256,588,1294
6,600.155637254902,858.2683823529412,584,842,618,877
7,719.0083270249811,687.3262679788039,699,666,740,712
