label,Centroid-0,Centroid-1,bbox-0,bbox-1,bbox-2,bbox-3
1,527.1837944664031,1363.5918972332015,509,1346,548,1383
2,684.1228771228771,325.15684315684314,668,307,704,347
3,701.436129032258,906.0645161290323,689,888,716,926
4,745.5110896817744,891.0028929604629,727,875,768,910
5,811.8275529865125,623.985549132948,794,606,833,644
6,950.1894659839064,741.0395025603511,930,720,973,764
7,996.2579234972677,28.937704918032786,978,13,1017,47
