label,Centroid-0,Centroid-1,bbox-0,bbox-1,bbox-2,bbox-3
1,115.22312925170068,772.1102040816327,100,757,132,790
2,297.695464362851,862.1965442764579,281,846,317,881
3,426.4390507011866,715.0744336569579,404,701,449,730
4,603.7601668404589,1014.9405630865485,587,998,624,1034
5,643.1859872611465,524.6012738853503,628,509,661,542
6,702.7711771177118,905.993399339934,687,887,720,927
