label,Centroid-0,Centroid-1,bbox-0,bbox-1,bbox-2,bbox-3
1,578.6860730593608,760.6267123287671,563,744,597,779
2,711.3337628865979,899.2731958762887,695,884,727,915
3,878.2855407047388,192.3074119076549,862,177,897,211
4,885.0679611650486,1040.5977808599168,870,1024,901,1058
