label,Centroid-0,Centroid-1,bbox-0,bbox-1,bbox-2,bbox-3
1,116.46428571428571,864.7020089285714,100,848,135,883
2,257.18055555555554,495.9117063492063,242,476,276,519
3,611.6663296258847,771.1516683518706,594,754,631,790
4,730.4592760180996,907.3766968325792,714,891,749,924
5,879.08125,191.555,863,177,898,209
6,888.051094890511,1035.992700729927,870,1016,909,1059
7,949.9853448275862,1274.2163793103448,931,1256,972,1296
