label,Centroid-0,Centroid-1,bbox-0,bbox-1,bbox-2,bbox-3
1,102.07303370786516,258.63820224719103,85,243,122,278
2,191.1045685279188,219.68527918781726,175,201,210,241
3,416.05748265609515,660.3171456888008,382,641,448,680
4,526.4883561643836,1252.9486301369864,502,1234,551,1276
5,725.3408805031446,890.1974842767296,709,875,742,907
6,727.753958587089,120.85870889159561,712,106,747,138
7,768.956,552.054,753,533,787,575
8,897.4217443249702,737.5197132616487,880,722,916,754
