label,Centroid-0,Centroid-1,bbox-0,bbox-1,bbox-2,bbox-3
1,713.7655398037077,917.4449291166849,697,899,732,938
