label,Centroid-0,Centroid-1,bbox-0,bbox-1,bbox-2,bbox-3
1,122.67489114658926,871.634252539913,108,858,140,888
2,604.9482029598308,767.8710359408034,588,751,624,786
3,731.5022421524664,907.9394618834081,713,893,752,924
4,878.4242788461538,193.7091346153846,862,178,897,212
5,887.7411561691113,1035.8265746333045,870,1015,909,1059
6,952.9288486416559,1276.5446313065977,937,1261,970,1293
