label,Centroid-0,Centroid-1,bbox-0,bbox-1,bbox-2,bbox-3
1,78.78490566037736,1158.9295597484277,65,1141,93,1178
2,102.16246056782335,790.3935331230284,85,767,121,817
3,150.6123348017621,1124.4722466960352,130,1107,173,1144
4,703.125,919.0559523809524,687,903,722,935
5,830.7328,1268.5264,809,1248,851,1291
6,990.7182175622543,1182.7182175622543,973,1170,1010,1198
