label,Centroid-0,Centroid-1,bbox-0,bbox-1,bbox-2,bbox-3
1,108.79707652622528,775.6414445399828,88,758,134,797
2,297.4749733759318,862.1842385516507,280,846,317,881
3,429.7241054613936,713.969868173258,405,699,455,730
4,495.1888111888112,747.8377622377623,483,730,508,767
5,604.2833146696529,1015.9955207166853,588,1000,624,1034
6,640.2332506203473,523.3138957816377,625,507,657,542
7,703.0345945945946,905.892972972973,688,886,720,927
