label,Centroid-0,Centroid-1,bbox-0,bbox-1,bbox-2,bbox-3
1,298.2488114104596,861.2250396196514,283,848,313,876
2,448.17549019607844,936.314705882353,431,917,468,959
3,597.5170893054025,990.5137816979052,580,974,616,1009
4,698.01916495551,961.0444900752909,678,937,716,990
5,703.4229508196721,905.2306010928962,689,885,718,926
6,908.4962962962964,1074.761316872428,888,1057,930,1095
7,1001.5901213171577,1063.9956672443675,984,1044,1021,1086
