label,Centroid-0,Centroid-1,bbox-0,bbox-1,bbox-2,bbox-3
1,79.6353711790393,455.382096069869,62,437,99,476
2,157.75618374558303,1305.4310954063603,142,1282,178,1329
3,165.9575569358178,543.1190476190476,149,526,186,563
4,189.55555555555554,661.0429292929293,171,640,211,685
5,220.11464968152868,970.5923566878981,205,953,239,992
6,362.6452599388379,725.5879204892966,342,705,384,750
7,606.2982107355865,906.4532803180914,586,888,626,924
8,990.4725,1350.5825,969,1333,1014,1370
