label,Centroid-0,Centroid-1,bbox-0,bbox-1,bbox-2,bbox-3
1,327.0072463768116,739.762077294686,311,721,345,756
2,412.1937602627258,689.5336617405583,391,669,436,712
3,560.7271762208068,714.8259023354565,544,698,579,734
4,652.8849557522124,756.0722713864307,641,739,666,774
5,728.5072951739619,905.986531986532,710,891,749,922
6,833.0558252427185,499.43325242718447,817,484,851,517
7,880.6169088507265,194.58784676354028,865,179,898,212
8,887.0435588507878,1042.6070435588508,869,1024,908,1064
9,948.3355780022447,1282.766554433221,931,1267,967,1300
