label,Centroid-0,Centroid-1,bbox-0,bbox-1,bbox-2,bbox-3
1,179.6277145811789,489.406411582213,163,472,199,510
2,415.6614481409002,642.2720156555773,393,627,440,659
3,702.3825857519789,907.1437994722955,690,889,717,927
4,811.4588910133843,624.0095602294455,794,607,833,644
5,835.5469483568075,506.67762128325506,810,490,862,526
6,857.6308605341246,925.9477744807122,838,901,884,953
