label,Centroid-0,Centroid-1,bbox-0,bbox-1,bbox-2,bbox-3
1,122.14074074074074,870.7214814814815,107,857,139,887
2,603.0873362445415,752.2947598253276,586,735,621,770
3,731.8324022346369,908.1117318435754,714,892,752,924
4,878.0553459119496,194.2314465408805,863,179,896,212
5,886.5281425891181,1037.3245778611633,870,1017,906,1060
6,953.3366960907945,1279.1324085750316,938,1263,970,1296
7,1031.6008583690987,1129.868383404864,1021,1106,1040,1153
