label,Centroid-0,Centroid-1,bbox-0,bbox-1,bbox-2,bbox-3
1,574.4277899343545,151.38840262582056,562,129,587,175
2,712.6207366984993,898.0477489768076,696,884,729,913
3,879.4273291925466,192.24099378881988,864,177,898,211
