label,Centroid-0,Centroid-1,bbox-0,bbox-1,bbox-2,bbox-3
1,315.4907192575406,807.7389791183294,297,792,336,825
2,427.1188118811881,648.3465346534654,408,633,447,665
3,450.47457627118644,784.501210653753,430,772,472,797
4,515.6796577946768,817.0085551330799,497,800,537,836
5,747.111821086262,667.0217252396166,715,651,779,689
