label,Centroid-0,Centroid-1,bbox-0,bbox-1,bbox-2,bbox-3
1,113.43636363636364,1204.5942583732058,99,1184,132,1229
2,600.3218142548596,757.4308855291576,584,741,619,776
3,721.0238341968912,909.6559585492228,701,895,743,927
4,879.4463840399003,191.8927680798005,864,177,898,210
5,886.965811965812,1038.2124542124543,871,1021,903,1056
