label,Centroid-0,Centroid-1,bbox-0,bbox-1,bbox-2,bbox-3
1,103.24727668845316,260.6372549019608,87,243,122,281
2,195.6104033970276,218.5063694267516,177,204,218,236
3,419.9572510822511,660.9859307359308,394,641,447,684
4,529.0443609022557,1255.5684210526315,508,1234,552,1278
5,725.1845949535193,888.6241699867198,709,874,742,903
6,733.5213454075032,129.4489003880983,718,114,751,147
7,772.5231481481482,547.3805555555556,754,529,793,568
8,843.9714285714285,1068.5614906832297,826,1052,863,1086
9,897.6021634615385,737.9819711538462,880,723,916,754
