label,Centroid-0,Centroid-1,bbox-0,bbox-1,bbox-2,bbox-3
1,576.3133841131665,754.9260065288357,560,739,595,774
2,712.116368286445,898.7762148337596,696,883,729,915
3,879.2926829268292,192.29756097560977,864,177,898,211
4,887.5979899497487,1040.28391959799,871,1022,904,1058
5,891.7651933701658,1226.315837937385,873,1208,914,1247
