label,Centroid-0,Centroid-1,bbox-0,bbox-1,bbox-2,bbox-3
1,607.3847758081334,757.1324296141814,590,740,627,776
2,731.3207126948776,907.8619153674833,713,893,752,924
3,877.9324155193992,193.5281602002503,862,178,896,211
4,886.4615384615385,1036.5923961096375,869,1016,907,1060
5,952.5431472081218,1277.1637055837564,937,1262,970,1294
