label,Centroid-0,Centroid-1,bbox-0,bbox-1,bbox-2,bbox-3
1,588.9149659863946,754.9897959183673,572,739,607,773
2,654.8334946757018,802.8054211035818,637,786,677,823
3,704.7352415026834,916.1741204531902,680,892,731,942
4,879.4657701711492,191.56968215158923,864,176,898,210
5,887.2070175438596,1038.6011695906432,870,1021,905,1057
