label,Centroid-0,Centroid-1,bbox-0,bbox-1,bbox-2,bbox-3
1,16.991643454038996,1164.104921077066,0,1147,41,1183
2,384.65653298835707,1093.17723156533,364,1069,406,1120
3,509.88421052631577,1098.6526315789474,489,1081,534,1120
4,717.4253164556962,888.7354430379747,702,873,735,905
5,740.8234714003945,1339.0976331360946,723,1322,760,1359
6,1019.0107317073171,1275.5531707317073,1000,1257,1040,1295
