label,Centroid-0,Centroid-1,bbox-0,bbox-1,bbox-2,bbox-3
1,12.062773722627737,1256.843795620438,0,1240,26,1274
2,57.50296442687747,1299.2292490118577,41,1281,77,1321
3,203.58139534883722,971.8643410852713,190,954,220,992
4,463.5820895522388,75.65264586160109,445,64,483,88
5,481.73595505617976,680.4752808988763,467,660,496,701
6,603.0448275862069,859.4181034482758,585,838,624,883
7,598.6070381231672,918.4970674486804,586,902,612,936
8,715.4679213002566,685.5389221556886,696,667,737,706
9,890.0357541899441,1095.2815642458102,871,1078,910,1115
