label,Centroid-0,Centroid-1,bbox-0,bbox-1,bbox-2,bbox-3
1,593.8324084350721,754.0455049944507,578,737,612,773
2,642.4795268425842,926.0,624,909,665,947
3,716.6603773584906,907.2190775681341,697,893,739,924
4,878.777245508982,191.5065868263473,863,176,898,210
5,885.7710706150342,1038.7824601366742,869,1021,903,1058
