label,Centroid-0,Centroid-1,bbox-0,bbox-1,bbox-2,bbox-3
1,50.27994227994228,933.021645021645,37,918,66,951
2,190.865,839.839375,168,815,213,865
3,289.33815925542916,810.2843846949328,272,794,310,830
4,468.515609264854,79.78952668680765,449,64,492,97
5,508.7625,1109.576388888889,491,1097,528,1123
6,519.692186266772,536.5485398579322,501,516,543,559
7,594.7291479820627,899.4547085201793,578,879,613,922
8,883.2049839228296,1117.1752411575562,863,1099,907,1138
9,945.8160453808752,1089.9189627228525,928,1069,968,1114
