label,Centroid-0,Centroid-1,bbox-0,bbox-1,bbox-2,bbox-3
1,524.3407310704961,937.6475195822454,508,920,541,956
2,714.2221084953941,919.7154554759468,695,905,736,937
