label,Centroid-0,Centroid-1,bbox-0,bbox-1,bbox-2,bbox-3
1,38.80898876404494,1178.776302349336,19,1164,60,1197
2,47.354187689202824,1235.949545913219,31,1218,67,1257
3,175.69542066027688,645.1214057507988,158,628,196,665
4,449.48598820059,1274.2890855457226,428,1255,473,1295
5,448.6692737430168,931.4301675977654,431,915,467,950
6,579.2439024390244,962.7991391678622,563,949,597,978
7,718.2218717139853,887.1840168243954,699,872,740,904
8,1018.3960573476703,1271.8145161290322,1001,1252,1038,1294
