label,Centroid-0,Centroid-1,bbox-0,bbox-1,bbox-2,bbox-3
1,296.7744733581165,864.1363073110285,278,851,317,879
2,447.0553672316384,935.064406779661,429,917,467,955
3,597.5294771968854,992.9076751946608,581,976,616,1011
4,697.1255605381166,954.7469570787956,676,931,720,981
5,703.0110619469026,904.766592920354,688,885,720,926
6,911.374843554443,1076.0043804755944,887,1055,936,1098
