label,Centroid-0,Centroid-1,bbox-0,bbox-1,bbox-2,bbox-3
1,328.19086294416246,684.4934010152284,310,668,349,701
2,705.5917808219178,328.1936073059361,680,315,732,344
3,702.072821846554,906.9791937581274,689,889,717,927
4,746.5832558139535,896.9488372093023,729,879,768,918
5,811.9952785646836,624.6543909348442,794,607,833,645
6,950.4652173913043,743.1252173913043,932,721,970,765
