label,Centroid-0,Centroid-1,bbox-0,bbox-1,bbox-2,bbox-3
1,713.5915032679738,917.9335511982571,697,899,732,939
