label,Centroid-0,Centroid-1,bbox-0,bbox-1,bbox-2,bbox-3
1,711.6476399560922,914.9956092206367,697,895,728,936
2,774.5847803881512,926.5143003064352,742,893,809,964
