label,Centroid-0,Centroid-1,bbox-0,bbox-1,bbox-2,bbox-3
1,118.75075987841946,873.3662613981763,105,859,135,889
2,243.9044776119403,598.0880597014925,229,585,261,613
3,411.58113730929267,686.9680998613037,394,672,428,701
4,594.2659019812304,745.8477580813347,577,729,613,765
5,731.96,907.8988888888889,714,892,752,924
6,879.5377833753149,192.78715365239296,864,178,898,210
7,884.1592039800995,1039.7542288557213,868,1019,902,1062
8,953.3550387596899,1278.582945736434,939,1264,969,1294
