label,Centroid-0,Centroid-1,bbox-0,bbox-1,bbox-2,bbox-3
1,77.49515905947442,1157.6666666666667,65,1140,91,1176
2,150.1623430962343,1123.1983263598327,129,1106,174,1143
3,704.2,917.9213333333333,686,905,724,931
4,829.3206106870228,1267.4297709923665,808,1247,850,1290
5,990.8754914809961,1183.0065530799475,973,1170,1010,1199
