label,Centroid-0,Centroid-1,bbox-0,bbox-1,bbox-2,bbox-3
1,450.49725776965266,935.6325411334552,432,918,470,956
2,595.5955801104973,990.1889502762431,579,974,614,1008
3,708.2564459930313,965.4620209059234,686,943,733,990
4,703.1142857142858,905.4659340659341,689,885,718,927
5,910.557928802589,1074.4789644012944,888,1052,935,1096
6,999.0913742690059,1059.0073099415204,981,1037,1019,1083
