label,Centroid-0,Centroid-1,bbox-0,bbox-1,bbox-2,bbox-3
1,879.5093632958801,192.46941323345817,864,177,898,211
