label,Centroid-0,Centroid-1,bbox-0,bbox-1,bbox-2,bbox-3
1,449.0572625698324,1105.268156424581,435,1088,463,1123
2,481.0889029003783,1240.3827238335434,461,1215,504,1266
3,567.0213492741246,1322.1571306575577,550,1298,586,1348
4,885.7644749754661,1058.9254170755644,863,1045,909,1074
5,881.1537558685446,193.54929577464787,865,178,900,212
