label,Centroid-0,Centroid-1,bbox-0,bbox-1,bbox-2,bbox-3
1,700.9883116883117,913.325974025974,688,895,715,933
