label,Centroid-0,Centroid-1,bbox-0,bbox-1,bbox-2,bbox-3
1,334.69836400817996,893.0419222903886,317,876,355,912
2,489.9582712369598,1291.779433681073,477,1275,503,1309
3,842.3506493506494,1036.5116883116882,825,1023,861,1052
4,972.1788135593221,148.1406779661017,953,129,995,171
5,983.9640591966173,74.52748414376322,966,59,1006,93
