label,Centroid-0,Centroid-1,bbox-0,bbox-1,bbox-2,bbox-3
1,332.71086739780657,879.5972083748753,316,862,353,900
2,567.438739789965,512.3535589264877,553,494,585,533
3,652.3333333333334,942.9990990990991,633,921,673,965
4,723.934928229665,590.6382775119617,706,573,745,610
5,780.3636363636364,952.5385208012327,760,933,803,974
6,840.5726587728741,1128.069967707212,823,1109,859,1148
7,865.3110979929162,993.4923258559622,838,973,892,1018
