label,Centroid-0,Centroid-1,bbox-0,bbox-1,bbox-2,bbox-3
1,217.84795321637426,996.9639376218323,200,979,239,1018
2,338.4789644012945,880.4789644012945,322,864,358,900
3,546.9860529986053,150.30962343096235,531,137,565,166
4,710.1331058020478,898.3626279863481,692,879,731,920
5,721.4986807387863,18.641160949868073,704,5,741,34
6,842.1818181818181,1038.4415584415585,826,1024,861,1055
7,1005.8727959697733,141.20906801007555,993,122,1020,161
