label,Centroid-0,Centroid-1,bbox-0,bbox-1,bbox-2,bbox-3
1,336.30643611911626,892.0,319,874,355,912
2,453.1348973607038,757.6642228739003,433,737,475,781
3,831.2984084880636,1329.2599469496022,816,1311,847,1348
