label,Centroid-0,Centroid-1,bbox-0,bbox-1,bbox-2,bbox-3
1,341.1087398373984,879.4715447154472,324,863,361,899
2,597.5826580226905,1262.2965964343598,578,1242,619,1284
3,841.1496259351621,1037.0960099750623,823,1024,861,1052
4,958.9853658536585,71.8280487804878,942,57,978,89
5,992.9432132963989,221.85595567867037,978,207,1010,239
