label,Centroid-0,Centroid-1,bbox-0,bbox-1,bbox-2,bbox-3
1,324.56121449559254,894.6513222331048,308,878,346,916
2,758.7410795974382,429.3705397987191,740,412,780,450
3,864.3170478170479,520.6091476091476,843,507,888,535
