label,Centroid-0,Centroid-1,bbox-0,bbox-1,bbox-2,bbox-3
1,179.97064056939502,631.394128113879,162,613,202,654
2,862.8849337748344,534.1812913907285,843,516,886,555
