label,Centroid-0,Centroid-1,bbox-0,bbox-1,bbox-2,bbox-3
1,36.141187925998054,443.4926971762415,17,427,58,465
2,335.24383561643833,892.7342465753425,317,874,356,913
3,588.2946969696969,1205.8780303030303,569,1184,609,1228
4,842.7874852420307,1035.7426210153483,824,1022,862,1051
