label,Centroid-0,Centroid-1,bbox-0,bbox-1,bbox-2,bbox-3
1,286.708886618999,891.4198161389172,271,873,306,913
2,333.7049833887043,720.9362126245848,313,699,355,747
3,879.546,150.459,861,133,901,170
4,908.3700598802395,320.1365269461078,892,304,927,339
5,982.2904347826087,162.16695652173914,965,140,1003,187
