label,Centroid-0,Centroid-1,bbox-0,bbox-1,bbox-2,bbox-3
1,334.80449657869013,893.741935483871,317,876,355,914
2,642.2914837576822,1188.5917471466198,623,1168,666,1206
3,873.4767184035477,1193.1241685144123,856,1177,893,1211
