label,Centroid-0,Centroid-1,bbox-0,bbox-1,bbox-2,bbox-3
1,154.46376811594203,1371.2807971014493,135,1352,176,1392
2,180.4878612716763,604.0578034682081,166,588,199,624
3,296.7528604118993,900.929061784897,282,883,314,922
4,670.6384297520661,843.2892561983471,651,823,692,864
5,771.4168618266979,902.3524590163935,754,885,789,921
6,813.0190380761524,49.92084168336673,798,30,832,73
7,973.3053278688525,112.07889344262296,950,99,998,125
8,984.6706114398422,738.197896120973,961,717,1011,762
