label,Centroid-0,Centroid-1,bbox-0,bbox-1,bbox-2,bbox-3
1,861.5134854771784,532.588174273859,844,516,883,553
2,937.594807238395,1090.6404405979545,917,1071,959,1112
