label,Centroid-0,Centroid-1,bbox-0,bbox-1,bbox-2,bbox-3
1,632.7532934131737,220.5736526946108,616,205,652,238
2,647.5339873861247,827.9117028731605,627,803,672,851
3,678.999530075188,298.6687030075188,654,272,708,329
4,762.4379947229552,82.23482849604221,747,67,780,99
5,771.2406947890819,906.6600496277915,753,891,790,924
6,827.0409698996656,1004.8135451505017,808,986,848,1026
7,904.4777475022706,432.14713896457766,887,412,925,455
8,938.7247075017206,303.98830006882315,908,287,971,321
9,965.7161354581673,113.20219123505976,946,99,989,131
