label,Centroid-0,Centroid-1,bbox-0,bbox-1,bbox-2,bbox-3
1,828.3687664041995,941.8608923884515,816,923,842,961
2,863.1069565217391,533.48,844,516,886,554
