label,Centroid-0,Centroid-1,bbox-0,bbox-1,bbox-2,bbox-3
1,110.03237742830713,793.3533765032378,92,776,132,815
2,443.1511169513798,191.24704336399475,431,172,456,211
3,711.3116651825468,104.28317008014247,686,90,739,121
4,704.1181818181818,259.9961038961039,690,243,720,279
5,835.7011494252873,858.6774847870182,812,837,861,882
6,902.2551401869159,1006.9158878504672,883,984,921,1030
7,977.188063063063,111.58896396396396,955,100,1000,124
8,1008.4849162011174,219.77430167597765,989,204,1029,238
