label,Centroid-0,Centroid-1,bbox-0,bbox-1,bbox-2,bbox-3
1,124.46644573322287,576.2841756420878,103,560,150,597
2,335.2756476683938,880.1823834196891,319,863,355,900
3,676.7407161803714,496.3779840848806,656,473,700,524
4,722.997491638796,1373.3494983277592,702,1355,746,1392
5,726.5255754475703,55.4539641943734,711,40,745,73
6,841.0092105263158,1036.6802631578948,824,1023,860,1052
7,969.5108323831242,103.1345496009122,953,88,989,121
