label,Centroid-0,Centroid-1,bbox-0,bbox-1,bbox-2,bbox-3
1,73.17316017316017,259.35497835497836,58,241,90,281
2,98.14878892733564,886.0,84,867,113,907
3,337.7600827300931,878.0093071354705,320,861,358,897
4,842.631884057971,1036.6579710144927,826,1024,861,1051
5,875.1614814814815,974.0548148148148,860,959,891,990
6,982.9968025579536,973.8001598721023,964,954,1005,996
