label,Centroid-0,Centroid-1,bbox-0,bbox-1,bbox-2,bbox-3
1,337.61708253358927,889.8426103646833,320,872,358,910
2,656.9717925386715,390.78980891719743,639,373,678,412
3,842.0038265306123,1035.5242346938776,824,1022,861,1050
4,976.055652173913,153.00434782608696,960,133,997,177
5,982.9066985645933,76.06818181818181,967,60,1001,95
6,1026.2807228915663,338.7,1012,321,1040,358
