label,Centroid-0,Centroid-1,bbox-0,bbox-1,bbox-2,bbox-3
1,217.79151943462898,717.2025912838634,203,700,235,737
2,335.3607723577236,892.8658536585366,318,876,355,912
3,702.5773067331671,1079.0211970074813,683,1065,723,1094
4,705.6110260336907,957.2955589586524,691,944,722,972
5,837.1654135338346,1031.5458646616542,825,1016,852,1048
6,865.9505428226779,513.6393244873342,846,498,887,530
7,864.681592039801,8.756218905472636,849,0,885,23
8,898.0010204081633,884.0367346938775,878,868,919,902
9,1019.7543581616482,1031.675118858954,1000,1012,1040,1053
