label,Centroid-0,Centroid-1,bbox-0,bbox-1,bbox-2,bbox-3
1,325.0,890.1154239019407,303,876,349,906
2,749.2904953145917,1004.772423025435,735,989,767,1021
3,863.0842332613391,518.9211663066955,842,506,886,532
4,895.5955223880597,1038.3820895522388,876,1017,917,1062
5,927.6044098573282,920.3534370946822,904,901,952,942
