label,Centroid-0,Centroid-1,bbox-0,bbox-1,bbox-2,bbox-3
1,585.6453028972783,344.2844600526778,565,327,610,361
2,859.6121794871794,535.4818376068376,844,518,879,556
3,947.5074424898512,1082.661705006766,934,1066,963,1101
