label,Centroid-0,Centroid-1,bbox-0,bbox-1,bbox-2,bbox-3
1,337.0195886385896,879.6072477962781,319,863,358,899
2,605.2656370656371,1264.023166023166,584,1244,628,1286
3,841.4178343949045,1036.7707006369426,824,1024,861,1052
4,875.9210037174721,400.43773234200745,858,383,898,422
5,957.5472350230415,71.2073732718894,941,56,977,89
6,990.9795918367347,222.621768707483,976,209,1009,239
