label,Centroid-0,Centroid-1,bbox-0,bbox-1,bbox-2,bbox-3
1,333.8928950159067,704.559915164369,316,689,354,722
2,547.9347826086956,1131.9420289855072,532,1116,566,1148
3,836.6016791044776,965.679104477612,818,948,858,986
4,857.6560659599529,257.58657243816253,839,242,878,275
5,978.9309927360774,976.7615012106537,963,961,997,994
