label,Centroid-0,Centroid-1,bbox-0,bbox-1,bbox-2,bbox-3
1,44.39495798319328,1242.4341736694678,27,1223,62,1265
2,286.55879292403745,892.9292403746098,270,875,306,913
3,539.8904665314402,492.3397565922921,520,477,563,511
4,667.9969301611666,657.8702993092862,649,638,690,679
5,673.5816498316499,902.6304713804714,655,883,695,924
6,928.1167315175097,983.5856031128404,905,968,952,1000
7,959.1322001888574,1283.1879131255903,941,1265,979,1303
8,977.3840503672612,112.5813221406086,954,101,1002,125
9,990.3287671232877,1076.3698630136987,969,1057,1013,1096
