label,Centroid-0,Centroid-1,bbox-0,bbox-1,bbox-2,bbox-3
1,69.09402654867256,256.2356194690266,53,240,89,277
2,106.34929577464789,888.7887323943662,90,870,127,911
3,192.3109475620975,461.0542778288868,176,441,211,485
4,337.18211559432933,877.2835332606325,320,860,356,896
5,719.26244813278,56.50311203319502,700,42,742,74
6,841.2912912912913,1036.463963963964,825,1024,859,1050
7,882.016835016835,974.0159932659933,860,957,905,994
8,969.1415525114155,114.93949771689498,953,99,988,133
9,993.8042328042328,975.2359788359788,977,955,1009,998
