label,Centroid-0,Centroid-1,bbox-0,bbox-1,bbox-2,bbox-3
1,213.76808510638298,1000.4670212765958,197,982,233,1022
2,293.5463786531131,846.0266836086404,278,831,312,863
3,337.01633045148895,881.045148895293,319,863,357,901
4,577.3783783783783,144.02316602316603,557,128,601,161
5,843.3861386138614,1037.3097595473832,828,1024,861,1053
6,1011.3265306122449,143.57714285714286,992,124,1034,166
