label,Centroid-0,Centroid-1,bbox-0,bbox-1,bbox-2,bbox-3
1,298.36847826086955,906.3717391304348,282,890,317,925
2,467.20073891625617,150.14901477832512,451,135,485,167
3,714.2671292281007,106.10581092801388,693,88,738,126
4,719.5331294597349,242.54638124362896,700,227,742,261
5,770.4165813715456,273.5404298874104,753,257,791,293
6,804.0036549707602,104.85891812865498,780,87,832,128
7,916.0028011204482,993.9621848739496,902,977,931,1012
8,980.9989949748743,112.24924623115578,957,100,1006,125
9,1032.7943444730076,986.7403598971722,1023,971,1040,1004
