label,Centroid-0,Centroid-1,bbox-0,bbox-1,bbox-2,bbox-3
1,334.24242424242425,701.4313131313131,315,686,355,718
2,545.8489208633093,1130.913669064748,528,1113,566,1151
3,834.6769509981851,965.5390199637023,816,948,857,986
4,862.0146931719966,257.8945548833189,840,242,888,278
5,857.1369863013699,547.0445205479452,841,531,876,565
6,977.2524509803922,977.718137254902,961,962,995,995
