label,Centroid-0,Centroid-1,bbox-0,bbox-1,bbox-2,bbox-3
1,215.4367681498829,711.4847775175645,200,695,234,731
2,334.8667992047714,893.8926441351889,317,877,355,913
3,702.822168087698,1079.1973203410475,683,1065,724,1094
4,837.5164670658683,1032.0119760479042,825,1017,853,1049
5,864.4532488114105,9.354992076069731,849,0,885,24
6,900.3391136801541,889.1820809248555,883,871,920,911
7,1019.7393700787402,1031.179527559055,1000,1012,1040,1052
