label,Centroid-0,Centroid-1,bbox-0,bbox-1,bbox-2,bbox-3
1,542.6963594113091,1136.1812548412083,520,1114,565,1157
2,832.5569358178054,963.9337474120083,815,947,852,983
3,858.5507662835249,539.7250957854407,841,522,880,560
4,975.4801864801865,973.3216783216783,960,958,994,991
