label,Centroid-0,Centroid-1,bbox-0,bbox-1,bbox-2,bbox-3
1,337.17077986179663,892.8687068114511,320,875,357,913
2,449.41829186281103,758.808338937458,427,738,475,781
3,856.1641379310345,1026.5062068965517,841,1009,870,1044
4,905.0627240143369,1163.549283154122,887,1145,926,1183
