label,Centroid-0,Centroid-1,bbox-0,bbox-1,bbox-2,bbox-3
1,326.89990089197227,882.1417244796828,305,865,350,901
2,979.2733077905492,979.9885057471264,964,962,997,998
