label,Centroid-0,Centroid-1,bbox-0,bbox-1,bbox-2,bbox-3
1,177.90399320305863,636.8963466440102,158,618,202,659
2,861.9545040946315,533.9526842584168,843,517,885,555
