label,Centroid-0,Centroid-1,bbox-0,bbox-1,bbox-2,bbox-3
1,345.6752808988764,884.1168539325843,326,869,366,901
2,866.5583153347732,519.9935205183585,846,507,890,534
3,859.6429530201342,226.9798657718121,847,209,874,246
