label,Centroid-0,Centroid-1,bbox-0,bbox-1,bbox-2,bbox-3
1,103.25852036575229,1101.149625935162,84,1081,124,1123
2,318.4489402697495,882.8824662813103,297,866,342,903
3,534.3652173913043,1188.8339920948617,515,1166,556,1210
4,807.8775216138329,1004.6512968299712,790,993,826,1018
5,862.6172839506173,519.3740740740741,844,507,883,533
6,1022.2858376511226,1373.195164075993,1004,1354,1040,1392
