label,Centroid-0,Centroid-1,bbox-0,bbox-1,bbox-2,bbox-3
1,335.4638783269962,704.3954372623574,316,688,357,724
2,540.3132607303011,1130.5976937860346,519,1107,563,1154
3,834.0436105476673,964.7525354969574,817,948,854,985
4,861.4344919786096,258.927807486631,845,243,878,275
5,975.7789473684211,975.2994152046783,960,959,994,994
