label,Centroid-0,Centroid-1,bbox-0,bbox-1,bbox-2,bbox-3
1,82.6774193548387,1187.6765475152572,62,1171,105,1206
2,234.01156069364163,735.4995871180843,216,715,256,759
3,334.87221095334684,891.5415821501015,318,874,355,912
4,706.9761092150171,970.9121160409557,689,951,729,994
5,842.3044297832233,1338.0612629594723,823,1321,864,1356
6,839.9172056921087,1029.8382923673998,826,1014,857,1047
7,866.4297435897436,516.1815384615385,844,501,890,533
8,903.4480171489818,73.06538049303323,886,57,923,92
9,906.993907745866,887.9590948651,888,870,928,908
