label,Centroid-0,Centroid-1,bbox-0,bbox-1,bbox-2,bbox-3
1,314.0863157894737,888.5831578947368,294,873,336,906
2,864.7086614173228,519.5005624296963,844,507,887,533
