label,Centroid-0,Centroid-1,bbox-0,bbox-1,bbox-2,bbox-3
1,327.14814814814815,883.3751187084521,305,867,351,903
2,864.831891223733,518.4165636588381,845,506,886,531
