label,Centroid-0,Centroid-1,bbox-0,bbox-1,bbox-2,bbox-3
1,209.06647116324535,691.0029325513196,191,674,230,711
2,335.4675072744908,892.3530552861299,318,874,354,912
3,452.3448275862069,752.1558109833971,433,740,473,766
4,704.901356350185,1081.1011097410603,685,1069,726,1094
5,868.4530120481928,516.0975903614458,849,500,889,533
6,898.2925257731958,895.2461340206186,884,878,912,915
7,1032.6247086247085,1092.7296037296037,1024,1076,1040,1110
