label,Centroid-0,Centroid-1,bbox-0,bbox-1,bbox-2,bbox-3
1,40.08412836079792,447.8568950563747,20,430,63,468
2,333.55832502492524,894.7347956131605,317,877,353,916
3,497.5913129318855,1293.720631786772,481,1276,517,1314
4,842.3626943005181,1036.5608808290156,825,1023,861,1053
5,979.5388180764774,74.80996523754345,962,60,1000,92
