label,Centroid-0,Centroid-1,bbox-0,bbox-1,bbox-2,bbox-3
1,325.08876404494384,888.5808988764045,305,875,347,904
2,848.5895096921323,245.78221208665906,832,230,868,264
3,866.1904266389178,520.4318418314256,845,507,890,535
