label,Centroid-0,Centroid-1,bbox-0,bbox-1,bbox-2,bbox-3
1,113.3979125896934,694.4070450097847,92,672,139,721
2,310.5731573157316,887.9515951595159,290,874,333,904
3,865.2014134275619,519.075382803298,845,506,887,532
