label,Centroid-0,Centroid-1,bbox-0,bbox-1,bbox-2,bbox-3
1,340.431,880.084,323,863,360,900
2,821.4549180327868,98.68989071038251,806,83,839,115
3,841.7183271832719,1036.8474784747848,824,1023,861,1052
4,925.1168687982359,286.88202866593167,908,271,945,305
5,967.5404699738904,67.07963446475196,953,51,985,86
6,989.0218281036834,222.7025920873124,975,206,1005,241
