label,Centroid-0,Centroid-1,bbox-0,bbox-1,bbox-2,bbox-3
1,590.2574257425742,349.23212321232126,574,332,610,368
2,860.25,534.326359832636,843,518,881,555
3,943.4405986903648,1082.242282507016,926,1060,961,1104
