label,Centroid-0,Centroid-1,bbox-0,bbox-1,bbox-2,bbox-3
1,334.2120395327942,706.4132973944295,315,689,357,726
2,550.3252118644068,1130.3961864406779,531,1116,571,1146
3,836.6471081307628,965.479463537301,816,948,859,986
4,861.7713414634146,254.1265243902439,846,242,879,268
5,978.7642770352369,976.7387606318348,963,961,997,994
