label,Centroid-0,Centroid-1,bbox-0,bbox-1,bbox-2,bbox-3
1,325.46395939086295,887.6040609137056,305,872,348,906
2,752.3091715976332,1005.5576923076923,739,991,768,1021
3,864.938864628821,518.6091703056769,843,506,888,532
4,896.8065601345669,1037.1791421362489,878,1018,918,1059
