label,Centroid-0,Centroid-1,bbox-0,bbox-1,bbox-2,bbox-3
1,26.57632398753894,1334.404984423676,9,1318,46,1354
2,281.79607109448085,885.9017773620205,262,870,305,904
3,713.2949852507375,394.37589549093974,691,362,739,428
4,901.5845875978326,302.2269717037929,867,287,938,319
