label,Centroid-0,Centroid-1,bbox-0,bbox-1,bbox-2,bbox-3
1,326.1259418729817,890.6415500538213,309,874,346,911
2,864.6986455981942,518.3047404063205,844,506,887,531
