label,Centroid-0,Centroid-1,bbox-0,bbox-1,bbox-2,bbox-3
1,335.579556412729,702.7666345226615,316,688,358,720
2,545.9710272168569,1131.0105355575065,527,1112,567,1152
3,834.5245901639345,965.1420765027323,816,948,855,986
4,861.8303186907838,256.95434969853574,840,241,888,277
5,856.0607594936708,547.0544303797468,841,532,874,565
6,978.6986951364175,976.3582443653618,962,961,997,994
