label,Centroid-0,Centroid-1,bbox-0,bbox-1,bbox-2,bbox-3
1,334.4551792828685,893.457171314741,317,876,355,913
2,497.7876182287188,1295.2398968185726,480,1275,518,1317
3,843.0384615384615,1036.0807692307692,826,1022,862,1052
4,974.963137254902,144.8878431372549,956,124,998,169
5,983.5708108108108,75.12324324324324,966,59,1004,95
