label,Centroid-0,Centroid-1,bbox-0,bbox-1,bbox-2,bbox-3
1,59.366840731070496,539.4268929503917,43,525,78,556
2,317.63204747774483,886.6261127596439,304,871,333,903
3,864.6311983471074,520.8553719008264,844,507,888,536
