label,Centroid-0,Centroid-1,bbox-0,bbox-1,bbox-2,bbox-3
1,541.8997632202052,1135.6172059984215,519,1114,564,1156
2,832.5708848715509,965.4509990485252,815,948,852,986
3,852.4228650137741,263.9862258953168,834,251,872,277
4,857.840800762631,538.7940896091516,839,522,880,559
5,975.774341351661,974.4730813287514,960,958,994,992
