label,Centroid-0,Centroid-1,bbox-0,bbox-1,bbox-2,bbox-3
1,336.7241379310345,878.5032327586207,320,862,356,897
2,675.4238532110091,483.04036697247705,659,460,693,508
3,723.6970802919708,1371.905109489051,706,1351,742,1392
4,728.1980295566502,58.39408866995074,712,40,749,81
5,841.2088353413654,1036.0669344042838,824,1023,860,1051
6,884.9609724888036,971.848368522073,865,948,907,998
7,975.3207792207792,108.35974025974026,961,92,992,127
