label,Centroid-0,Centroid-1,bbox-0,bbox-1,bbox-2,bbox-3
1,341.2638036809816,890.0981595092024,321,873,364,911
2,774.4616071428571,224.62232142857144,755,207,797,245
3,864.5514316012725,519.780487804878,843,507,888,534
