label,Centroid-0,Centroid-1,bbox-0,bbox-1,bbox-2,bbox-3
1,45.05433746425167,873.3822688274547,27,855,65,894
2,333.37794533459,895.0989632422243,316,877,355,918
3,539.4251366120219,264.14426229508194,521,248,561,284
4,574.2777777777778,821.39898989899,554,801,598,844
5,865.7884405670666,519.4274809160305,845,505,889,533
