label,Centroid-0,Centroid-1,bbox-0,bbox-1,bbox-2,bbox-3
1,320.27745098039213,885.7980392156862,300,869,343,906
2,864.0160692212609,517.6415327564895,844,506,885,531
