label,Centroid-0,Centroid-1,bbox-0,bbox-1,bbox-2,bbox-3
1,283.3038605230386,889.7696139476961,267,874,301,907
2,697.4668179239932,761.6375496313103,670,740,729,784
3,703.8366093366093,211.4066339066339,687,197,723,228
4,782.75,927.415404040404,763,914,803,942
5,903.029197080292,279.8065693430657,885,262,926,302
6,907.290909090909,322.0715909090909,885,310,930,335
7,979.2512980269989,112.7736240913811,956,101,1004,125
8,1030.485294117647,96.30392156862744,1019,78,1040,115
