label,Centroid-0,Centroid-1,bbox-0,bbox-1,bbox-2,bbox-3
1,327.6163141993958,887.7401812688822,307,872,350,905
2,865.3344051446945,519.9228295819936,844,507,888,534
3,992.1608187134503,900.1695906432749,972,878,1013,925
4,1021.4674977738201,246.35084594835263,1003,226,1040,269
5,1026.478454680535,1107.2362555720654,1011,1093,1040,1123
