label,Centroid-0,Centroid-1,bbox-0,bbox-1,bbox-2,bbox-3
1,283.67107001321006,880.1241743725232,269,865,301,897
2,599.689713322091,679.8971332209106,581,662,622,702
3,703.0891758917589,234.85977859778598,678,213,731,259
4,983.5965848452508,111.85165421558165,960,101,1008,124
