label,Centroid-0,Centroid-1,bbox-0,bbox-1,bbox-2,bbox-3
1,152.1247771836007,1371.8235294117646,132,1353,174,1392
2,178.40361990950225,601.2199095022625,163,579,198,625
3,296.9785177228786,900.7712137486574,281,883,315,921
4,670.7570093457944,843.9761163032191,651,824,692,865
5,770.6540027137042,902.0054274084125,755,886,787,920
6,813.2375478927203,50.00478927203065,796,31,834,73
7,972.82,112.12,950,99,997,125
8,984.5729729729729,735.475,962,714,1009,759
