label,Centroid-0,Centroid-1,bbox-0,bbox-1,bbox-2,bbox-3
1,326.62795275590554,894.1929133858267,305,879,350,911
2,785.6504950495049,42.770297029702974,770,23,803,66
3,862.0118764845606,521.8052256532067,844,508,883,538
