label,Centroid-0,Centroid-1,bbox-0,bbox-1,bbox-2,bbox-3
1,537.4110070257611,1138.8489461358313,523,1121,553,1159
2,837.0175304878048,967.8689024390244,816,947,859,991
3,978.6286031042129,973.1696230598669,963,956,997,993
