label,Centroid-0,Centroid-1,bbox-0,bbox-1,bbox-2,bbox-3
1,115.31700074239049,693.1841128433556,96,673,139,718
2,311.49741468459155,888.258531540848,290,874,335,905
3,864.9743290548424,518.8821470245041,845,506,887,532
