label,Centroid-0,Centroid-1,bbox-0,bbox-1,bbox-2,bbox-3
1,282.9130787977254,885.1738424045492,264,865,305,908
2,597.198773006135,88.9116564417178,583,71,614,109
3,677.9889655172414,98.25103448275863,662,84,696,114
4,683.9112554112554,141.88203463203465,667,125,704,161
5,707.8888238736102,398.43300175541253,691,370,730,432
6,711.8050193050193,1133.0357142857142,692,1114,729,1155
7,856.7997557997558,308.83638583638583,841,293,875,327
8,869.6863354037267,149.61335403726707,855,137,886,165
