label,Centroid-0,Centroid-1,bbox-0,bbox-1,bbox-2,bbox-3
1,333.531475748194,706.3013415892673,316,689,352,725
2,539.6217579250721,1129.4819884726226,521,1107,561,1155
3,834.9033707865168,962.4404494382022,817,947,854,980
4,861.5994623655914,257.85215053763443,845,242,879,274
5,976.6268115942029,974.8309178743962,961,959,995,993
