label,Centroid-0,Centroid-1,bbox-0,bbox-1,bbox-2,bbox-3
1,346.7849344978166,885.1517467248908,326,871,369,901
2,773.356884057971,225.2463768115942,754,207,796,246
3,866.349240780911,520.234273318872,845,507,889,534
