label,Centroid-0,Centroid-1,bbox-0,bbox-1,bbox-2,bbox-3
1,234.88407258064515,847.2752016129032,214,830,256,863
2,286.8652416356877,893.6654275092936,269,875,307,915
3,311.4654088050315,1258.3909853249477,293,1242,332,1277
4,668.4673748103187,68.6206373292868,655,54,682,86
5,912.8773965691221,812.3597376387487,890,780,938,844
6,967.0807453416149,456.6262939958592,950,440,987,476
7,1020.5441340782123,211.27486033519554,1003,196,1040,229
