label,Centroid-0,Centroid-1,bbox-0,bbox-1,bbox-2,bbox-3
1,115.16757123473542,689.246947082768,92,669,143,712
2,304.63870094722597,887.8985115020298,287,876,324,902
3,766.535606060606,1007.769696969697,745,988,789,1031
4,865.6876513317192,518.2602905569007,846,506,887,531
