label,Centroid-0,Centroid-1,bbox-0,bbox-1,bbox-2,bbox-3
1,91.6247311827957,733.094623655914,73,717,112,749
2,176.05437352245863,1365.3191489361702,155,1353,198,1379
3,340.9185520361991,876.7809954751132,324,858,361,898
4,649.8866877971474,939.2947702060222,629,922,675,960
5,841.9597495527728,1036.3050089445437,823,1018,863,1056
6,839.989010989011,1128.3758241758242,823,1109,858,1148
7,859.4229867083659,994.886630179828,838,976,884,1018
8,917.7987866531851,50.22042467138524,900,32,939,72
