label,Centroid-0,Centroid-1,bbox-0,bbox-1,bbox-2,bbox-3
1,859.6696696696697,533.1601601601602,843,516,881,555
