label,Centroid-0,Centroid-1,bbox-0,bbox-1,bbox-2,bbox-3
1,331.2467889908257,890.1761467889909,311,874,354,911
2,858.9505703422053,237.6102661596958,841,220,880,259
3,864.4070612668744,520.2741433021807,843,507,888,534
