label,Centroid-0,Centroid-1,bbox-0,bbox-1,bbox-2,bbox-3
1,323.4931773879142,879.4619883040936,304,860,345,901
2,541.6593567251462,1200.344298245614,521,1180,566,1222
3,813.0389718076285,1008.8756218905472,793,991,835,1028
4,865.1513706793802,518.2550655542312,845,506,887,531
