label,Centroid-0,Centroid-1,bbox-0,bbox-1,bbox-2,bbox-3
1,335.06747891283976,893.2043111527647,317,876,356,914
2,450.0079365079365,758.630291005291,428,737,476,782
3,946.0342910101946,1118.5764596848935,928,1101,966,1138
