label,Centroid-0,Centroid-1,bbox-0,bbox-1,bbox-2,bbox-3
1,212.3698868581375,888.7389033942559,191,871,235,907
2,334.39507620164125,892.8616647127784,318,877,353,910
3,587.369536423841,220.74437086092715,572,206,605,238
4,712.1326164874552,1063.4136200716846,691,1041,734,1087
5,1002.780964797914,65.16166883963494,986,50,1021,81
