label,Centroid-0,Centroid-1,bbox-0,bbox-1,bbox-2,bbox-3
1,193.60765550239233,1347.0086124401914,176,1329,213,1367
2,341.2371541501976,882.3231225296443,324,865,361,902
3,414.1415850400712,559.7310774710596,395,541,435,581
4,713.2358235823582,896.7065706570658,692,874,732,915
5,844.6443883984867,1037.8411097099622,828,1024,863,1054
6,1018.6514084507043,142.2394366197183,1003,126,1038,160
