label,Centroid-0,Centroid-1,bbox-0,bbox-1,bbox-2,bbox-3
1,333.36798528058875,894.2309107635695,316,876,353,915
2,641.2229185317816,1189.6275738585498,622,1169,664,1208
3,879.4423710208562,1190.5532381997805,863,1173,898,1209
