label,Centroid-0,Centroid-1,bbox-0,bbox-1,bbox-2,bbox-3
1,322.9569230769231,890.7641025641026,303,875,345,908
2,751.8344549125168,1006.3647375504711,737,991,769,1022
3,864.4057815845824,519.1498929336188,843,506,888,533
4,898.5222141296431,1039.278951201748,877,1019,922,1062
