label,Centroid-0,Centroid-1,bbox-0,bbox-1,bbox-2,bbox-3
1,125.08571428571429,457.7,107,439,146,480
2,138.02243589743588,967.505608974359,122,946,159,993
3,798.999185004075,277.2991035044825,780,257,820,300
4,859.3375661375661,533.8042328042328,843,517,880,554
