label,Centroid-0,Centroid-1,bbox-0,bbox-1,bbox-2,bbox-3
1,131.6143790849673,1169.2810457516339,113,1152,153,1190
2,278.01480750246793,652.6722606120435,261,635,298,673
3,336.27497425334707,893.3975283213182,319,877,356,913
4,778.3532834580216,910.2743142144639,758,891,801,931
5,843.0,1036.5223880597016,824,1018,865,1058
6,866.1324503311258,517.439293598234,845,503,889,532
