label,Centroid-0,Centroid-1,bbox-0,bbox-1,bbox-2,bbox-3
1,328.8907388137357,885.5702393340271,308,869,351,903
2,752.7374461979914,1005.6915351506457,738,991,769,1021
3,865.4838362068965,519.1993534482758,844,506,889,532
4,896.818407960199,1038.3996683250414,878,1019,918,1060
