label,Centroid-0,Centroid-1,bbox-0,bbox-1,bbox-2,bbox-3
1,331.4715284715285,891.8091908091908,315,874,351,913
2,605.1863675582399,409.82830025884385,589,388,624,435
3,725.9403563129357,512.1208365608056,707,491,748,535
4,841.0720288115247,1038.797118847539,825,1024,860,1057
5,982.5874704491725,78.50472813238771,966,63,1002,96
6,993.9657142857143,157.36761904761906,975,140,1017,179
