label,Centroid-0,Centroid-1,bbox-0,bbox-1,bbox-2,bbox-3
1,834.6800334168755,967.6817042606516,817,948,856,990
2,863.7258064516129,534.9641577060931,844,517,885,555
