label,Centroid-0,Centroid-1,bbox-0,bbox-1,bbox-2,bbox-3
1,337.5543859649123,705.771052631579,318,688,360,726
2,541.9952413324269,1134.1842284160434,521,1111,564,1158
3,835.2257019438445,963.9816414686825,817,948,855,982
4,860.6476462196862,258.3509272467903,845,243,876,274
5,862.4115479115479,543.2321867321867,846,528,881,560
6,976.9475484606613,974.7628278221208,961,958,995,993
