label,Centroid-0,Centroid-1,bbox-0,bbox-1,bbox-2,bbox-3
1,308.11234817813767,905.1174089068826,290,888,329,924
2,534.2,1125.4243346007604,513,1106,558,1146
3,823.7488829311885,1089.2761394101876,807,1069,843,1112
4,893.1922480620156,1244.5364341085271,878,1232,910,1258
