label,Centroid-0,Centroid-1,bbox-0,bbox-1,bbox-2,bbox-3
1,194.1306005719733,466.04003813155384,175,448,216,486
2,334.6456494325347,881.2761664564944,320,865,351,900
3,675.4319634703196,481.0027397260274,659,458,693,506
4,725.3170947741364,1371.3941541186891,706,1352,747,1392
5,725.4290322580645,58.00430107526882,710,41,745,79
6,841.1353179972937,1035.7713125845737,823,1023,860,1050
7,883.438961038961,971.7824675324675,864,948,905,998
8,976.8671248568156,114.00916380297824,961,98,996,133
