label,Centroid-0,Centroid-1,bbox-0,bbox-1,bbox-2,bbox-3
1,347.95795795795794,711.1581581581581,329,695,370,730
2,542.8763736263736,1132.0824175824175,529,1115,557,1150
3,840.2483443708609,959.1766004415011,823,943,860,978
4,856.4401408450705,549.3568075117371,840,534,875,567
5,870.0645161290323,256.2078853046595,850,239,893,276
6,975.1995104039167,979.7160342717258,959,964,993,997
