label,Centroid-0,Centroid-1,bbox-0,bbox-1,bbox-2,bbox-3
1,263.3975678203929,735.5612722170252,245,718,285,757
2,261.502254283138,954.5743913435527,245,934,281,978
3,816.516129032258,603.531556802244,797,580,839,627
4,924.4981729598051,819.57856272838,912,799,938,841
5,1027.6079365079365,108.61111111111111,1015,93,1040,125
