label,Centroid-0,Centroid-1,bbox-0,bbox-1,bbox-2,bbox-3
1,335.09340101522844,701.9350253807106,316,687,356,719
2,546.9120580235721,1131.8485947416139,529,1114,567,1152
3,837.0956429330499,964.192348565356,819,949,858,982
4,862.3375634517766,258.2910321489002,840,242,889,279
5,858.908306364617,547.6450916936354,842,532,879,566
6,976.2556675062972,979.4005037783376,961,964,994,996
