label,Centroid-0,Centroid-1,bbox-0,bbox-1,bbox-2,bbox-3
1,347.6446850393701,710.0275590551181,330,693,369,730
2,547.0011350737798,1132.0374574347334,531,1115,565,1151
3,841.9120521172639,957.8903365906623,824,942,862,976
4,849.6509090909091,553.2,834,537,868,571
5,873.8249780123131,257.55936675461743,854,240,898,278
6,974.4910607866508,979.8486293206198,959,964,992,997
