label,Centroid-0,Centroid-1,bbox-0,bbox-1,bbox-2,bbox-3
1,8.443223443223443,742.3663003663004,0,727,21,761
2,284.3731739707835,891.6905710491368,269,877,302,909
3,695.5809128630706,761.1756569847856,672,743,722,783
4,703.9701810436635,211.7263045793397,686,196,726,231
5,785.7389558232932,927.5836680053548,768,914,805,942
6,904.8701413427561,275.6863957597173,885,258,928,297
7,977.7813852813853,112.29220779220779,955,101,1002,124
8,1030.4119601328903,95.77408637873754,1019,78,1040,114
