label,Centroid-0,Centroid-1,bbox-0,bbox-1,bbox-2,bbox-3
1,192.46425765907307,846.6865671641791,173,826,215,869
2,323.99381443298967,879.8721649484536,305,862,345,900
3,863.9817142857142,519.4697142857143,843,507,886,533
4,1016.4685990338164,1371.9959742351048,996,1353,1040,1392
