label,Centroid-0,Centroid-1,bbox-0,bbox-1,bbox-2,bbox-3
1,70.23710073710073,712.022113022113,55,696,88,731
2,196.14167650531286,834.7957497048407,178,821,215,851
3,285.1997716894977,891.6472602739726,269,875,304,910
4,568.8072174738842,412.2611585944919,549,395,592,433
5,823.1530343007915,1040.0536499560246,805,1021,844,1063
6,921.9937733499378,992.9576587795766,910,974,936,1013
7,976.3451511991658,111.63607924921793,953,99,1001,124
8,1026.223259762309,945.399830220713,1009,923,1040,971
