label,Centroid-0,Centroid-1,bbox-0,bbox-1,bbox-2,bbox-3
1,828.7539203860073,944.9819059107358,816,925,843,965
2,862.6645512239347,533.1940163191297,844,516,885,553
