label,Centroid-0,Centroid-1,bbox-0,bbox-1,bbox-2,bbox-3
1,65.0625,131.40783898305085,47,115,87,151
2,282.9962085308057,888.908056872038,265,871,305,910
3,588.6148491879351,95.75522041763341,572,80,608,115
4,668.5206422018349,100.71444954128441,653,83,687,121
5,706.4950678175093,401.75154130702833,681,382,733,422
6,713.0782029950083,1137.0607321131447,693,1119,735,1158
7,849.9816955684008,187.9373795761079,833,169,870,209
8,861.0118534482758,304.54849137931035,844,287,881,325
9,887.4669464847849,150.66211962224554,867,137,910,166
