label,Centroid-0,Centroid-1,bbox-0,bbox-1,bbox-2,bbox-3
1,236.4954193093728,846.523608174771,215,822,257,870
2,286.3290258449304,891.8131212723658,269,874,307,912
3,911.6596002422774,813.1477892186554,890,787,936,840
4,964.4994337485844,455.57191392978484,947,440,985,474
