label,Centroid-0,Centroid-1,bbox-0,bbox-1,bbox-2,bbox-3
1,230.37435456110154,719.828743545611,213,701,253,743
2,335.31059063136456,892.79633401222,318,876,355,912
3,707.0194174757281,959.8864077669903,687,944,731,979
4,835.2641509433962,1336.5264150943397,819,1317,856,1359
5,839.1359223300971,1031.126213592233,826,1016,856,1048
6,864.1802443991853,512.0285132382892,842,494,888,530
7,901.4163822525597,887.7841296928327,881,869,924,909
8,1026.421195652174,1033.2472826086957,1012,1015,1040,1052
