label,Centroid-0,Centroid-1,bbox-0,bbox-1,bbox-2,bbox-3
1,44.11089206505668,1221.006407097092,20,1190,73,1256
2,62.297232250300844,691.9025270758123,47,673,78,711
3,285.6131868131868,891.8835164835165,269,875,304,911
4,539.807314897413,497.49598572702945,519,481,564,518
5,928.5623742454728,982.5573440643864,906,967,952,999
6,940.0653866113129,1347.8816813700053,912,1328,969,1372
7,960.8833450456782,1289.7406886858748,938,1271,983,1311
8,975.9873853211009,111.92545871559633,954,100,999,124
9,985.9739495798319,1070.7193277310923,969,1050,1007,1095
