label,Centroid-0,Centroid-1,bbox-0,bbox-1,bbox-2,bbox-3
1,32.62256809338521,797.5019455252918,17,782,51,815
2,451.81559094719194,16.580888516345347,430,0,479,40
3,571.7172330097087,159.0521844660194,558,140,587,179
4,663.5451467268623,839.5987584650113,637,814,691,867
5,917.7679362267494,310.83170947741365,901,291,937,334
6,922.8546694648478,249.3625393494229,902,221,950,279
7,969.4147909967845,111.47266881028939,948,99,993,126
8,975.6099744245524,311.01150895140665,956,297,996,326
9,1030.4682675814752,354.43910806174955,1019,337,1040,372
