label,Centroid-0,Centroid-1,bbox-0,bbox-1,bbox-2,bbox-3
1,330.86467889908255,890.368119266055,316,871,347,911
2,860.5903755868544,520.87558685446,842,507,882,535
3,922.1228070175439,485.1900584795322,902,470,946,504
4,959.2810572687225,56.88810572687225,940,39,981,77
