label,Centroid-0,Centroid-1,bbox-0,bbox-1,bbox-2,bbox-3
1,286.0121633362294,887.2580364900086,270,865,303,912
2,625.0507776761208,705.3161024702654,599,677,654,735
3,703.9212598425197,235.4572986069049,678,214,732,259
4,793.8971255673223,409.696671709531,772,392,820,431
5,983.8748663101604,112.33155080213903,960,101,1009,124
