label,Centroid-0,Centroid-1,bbox-0,bbox-1,bbox-2,bbox-3
1,301.7971737323358,611.0465502909393,281,594,325,631
2,322.7059925093633,885.5468164794007,300,869,347,904
