label,Centroid-0,Centroid-1,bbox-0,bbox-1,bbox-2,bbox-3
1,91.59454191033139,734.0867446393762,73,718,113,754
2,171.8289611752361,1365.423924449108,151,1351,193,1381
3,340.6759348034516,877.0134228187919,323,859,361,898
4,654.5689149560118,944.6224340175953,633,925,679,965
5,840.1491124260355,1128.6970414201182,824,1110,857,1148
6,843.9133064516129,1041.6743951612902,827,1024,863,1061
7,855.1188197767145,994.9736842105264,835,975,879,1018
8,912.9212860310421,50.9079822616408,896,34,933,71
