label,Centroid-0,Centroid-1,bbox-0,bbox-1,bbox-2,bbox-3
1,36.75493612078978,777.9825783972126,20,762,57,797
2,308.5418671799807,876.3464870067372,292,858,328,898
3,981.6021505376344,336.9274193548387,963,319,1004,358
4,1020.7776073619632,988.0536809815951,1007,974,1036,1004
5,1022.8196248196248,1026.7012987012988,1008,1012,1040,1042
