label,Centroid-0,Centroid-1,bbox-0,bbox-1,bbox-2,bbox-3
1,337.0812324929972,699.6218487394958,317,683,359,719
2,539.9079069767441,1129.1497674418604,522,1110,561,1150
3,834.5820895522388,965.2515991471215,818,949,854,985
4,859.9598445595855,258.7538860103627,842,243,878,275
5,857.6984352773826,541.669985775249,844,526,873,559
6,977.4375,975.050925925926,962,959,996,993
