label,Centroid-0,Centroid-1,bbox-0,bbox-1,bbox-2,bbox-3
1,343.55909943714823,875.5365853658536,326,858,364,896
2,513.8659673659673,804.7237762237762,496,790,534,822
3,842.127950310559,1036.6546583850932,824,1023,862,1051
4,883.1594331266608,784.9282550930027,863,767,905,805
5,1019.5240431795878,1002.9892051030422,1000,986,1040,1019
