label,Centroid-0,Centroid-1,bbox-0,bbox-1,bbox-2,bbox-3
1,289.60025220680956,855.4791929382093,276,837,305,875
2,336.18479408658925,881.0052798310454,320,864,356,901
3,843.9485530546624,1037.0868167202573,830,1024,860,1052
