label,Centroid-0,Centroid-1,bbox-0,bbox-1,bbox-2,bbox-3
1,325.73972602739724,883.6066536203523,304,867,349,902
