label,Centroid-0,Centroid-1,bbox-0,bbox-1,bbox-2,bbox-3
1,537.136563876652,1138.4185022026431,521,1121,554,1159
2,832.6835680751174,964.6910798122066,815,946,853,985
3,859.8508403361344,540.3707983193277,843,524,880,560
4,976.3082352941176,974.4788235294118,960,959,994,992
