label,Centroid-0,Centroid-1,bbox-0,bbox-1,bbox-2,bbox-3
1,291.2206896551724,853.3158620689655,277,838,308,871
2,336.9418483904465,883.2346832814122,320,866,356,902
3,616.3263506063947,134.43991179713342,597,120,638,152
4,724.4157014157014,16.768339768339768,709,2,743,34
5,844.5409356725146,1037.5584795321638,829,1024,862,1053
6,1008.2527607361964,142.2564417177914,992,127,1027,160
