label,Centroid-0,Centroid-1,bbox-0,bbox-1,bbox-2,bbox-3
1,41.92277691107644,791.0475819032762,22,770,64,813
2,306.5300601202405,879.1513026052104,289,862,327,899
3,610.6,222.95648535564854,593,202,633,248
