label,Centroid-0,Centroid-1,bbox-0,bbox-1,bbox-2,bbox-3
1,325.87529691211404,883.6484560570071,306,869,347,900
2,860.1206896551724,527.794670846395,845,515,876,542
3,1019.7853323147441,1093.6997708174179,999,1075,1040,1113
