label,Centroid-0,Centroid-1,bbox-0,bbox-1,bbox-2,bbox-3
1,283.40371845949534,891.054448871182,268,876,301,908
2,695.0395517468688,760.9967040210943,671,741,722,783
3,703.8771498771499,211.6904176904177,687,197,723,229
4,783.8038961038961,927.7558441558441,765,914,803,943
5,902.5185528756957,277.2996289424861,884,260,926,299
6,978.4766454352441,112.56794055201699,955,101,1003,125
7,1030.448780487805,96.10569105691057,1019,78,1040,115
