label,Centroid-0,Centroid-1,bbox-0,bbox-1,bbox-2,bbox-3
1,345.068287037037,710.7650462962963,330,693,362,730
2,545.9581839904421,1131.020310633214,531,1114,563,1150
3,840.693790149893,959.0481798715203,823,943,861,979
4,858.9801169590643,552.6900584795321,843,537,877,570
5,872.0331797235023,256.8654377880184,853,239,895,277
6,975.078947368421,980.438995215311,959,965,993,998
