label,Centroid-0,Centroid-1,bbox-0,bbox-1,bbox-2,bbox-3
1,113.28128797083839,700.541312272175,91,677,140,727
2,308.9152148664344,888.184668989547,289,875,330,904
3,865.2292441140024,518.7930607187113,846,506,886,531
