label,Centroid-0,Centroid-1,bbox-0,bbox-1,bbox-2,bbox-3
1,44.44902548725637,788.5832083958021,26,766,64,815
2,311.25719591457755,875.3045496750232,293,858,332,896
3,606.6280487804878,228.02286585365854,592,214,623,244
4,991.9055036344756,307.3624091381101,973,288,1012,328
5,1023.7801608579089,1025.5321715817695,1008,1011,1040,1041
