label,Centroid-0,Centroid-1,bbox-0,bbox-1,bbox-2,bbox-3
1,58.24424778761062,704.9159292035398,40,685,80,728
2,285.7063236870311,892.556270096463,269,876,305,912
3,700.1601705237515,757.7704019488428,668,737,735,779
4,698.0258823529412,212.3964705882353,682,196,717,232
5,906.358024691358,281.6514719848053,888,265,929,302
6,979.7150480256137,112.1291355389541,957,100,1004,124
7,1021.1844863731657,156.19496855345912,1003,140,1040,175
8,1031.3060836501902,100.74524714828897,1021,83,1040,118
