label,Centroid-0,Centroid-1,bbox-0,bbox-1,bbox-2,bbox-3
1,68.6299112801014,711.9607097591888,54,696,86,730
2,196.25162689804773,833.7190889370933,179,818,216,850
3,284.90128755364805,892.1716738197425,268,875,304,911
4,570.0419708029198,415.3713503649635,550,398,594,436
5,823.7209302325581,1039.1354903943377,806,1022,844,1059
6,922.3612121212121,993.2448484848485,909,974,937,1013
7,976.4873487348735,111.33003300330033,954,99,1000,124
8,1031.6512524084778,956.0327552986513,1021,938,1040,974
