label,Centroid-0,Centroid-1,bbox-0,bbox-1,bbox-2,bbox-3
1,297.13631406761175,905.6717557251908,280,889,316,924
2,465.5081967213115,157.0105386416862,448,142,485,173
3,710.668453976765,105.8248436103664,690,88,733,125
4,715.6991701244814,246.35269709543567,696,232,738,263
5,771.3778409090909,275.37310606060606,753,258,793,296
6,915.3508771929825,993.8055555555555,902,978,930,1011
7,980.9927983539095,112.4753086419753,957,100,1006,125
8,986.6951807228916,230.89879518072289,969,216,1007,247
