label,Centroid-0,Centroid-1,bbox-0,bbox-1,bbox-2,bbox-3
1,335.2705005324814,879.6805111821086,319,863,355,899
2,607.2399414776884,1264.5237746891003,585,1244,631,1286
3,842.5548780487804,1036.0182926829268,824,1023,863,1051
4,876.4616122840691,402.5153550863724,859,385,898,424
5,961.0080552359034,67.66973532796318,945,52,980,86
6,991.4224598930481,225.81951871657753,977,211,1009,243
