label,Centroid-0,Centroid-1,bbox-0,bbox-1,bbox-2,bbox-3
1,35.32301255230126,1049.8376569037657,15,1033,58,1069
2,170.64985163204747,724.4055390702275,152,708,193,745
3,187.710843373494,1342.3626506024095,172,1327,206,1360
4,345.07122507122506,877.2193732193732,327,860,366,897
5,524.0,812.4991055456172,505,795,546,833
6,842.7990708478513,1036.2288037166086,824,1022,863,1052
7,875.534398034398,1180.1572481572482,863,1160,890,1201
8,883.6161790017212,787.7564543889845,864,769,906,809
9,1021.4114088159032,1008.5030250648229,1003,989,1040,1030
