label,Centroid-0,Centroid-1,bbox-0,bbox-1,bbox-2,bbox-3
1,124.9717624148004,1168.255111976631,109,1149,143,1191
2,253.15828677839852,632.1163873370577,238,612,272,656
3,333.35490394337717,894.5096056622851,316,877,353,914
4,460.28701180744775,616.8873751135332,443,598,481,638
5,778.9321372854914,907.5085803432137,758,888,804,930
6,845.6851711026616,1032.8988593155893,826,1012,868,1056
7,864.4932279909707,516.6681715575621,844,503,887,531
