label,Centroid-0,Centroid-1,bbox-0,bbox-1,bbox-2,bbox-3
1,325.151185770751,888.9782608695652,303,874,349,906
2,865.4258639910814,518.6354515050167,845,506,888,532
3,898.448275862069,1041.0907441016334,878,1022,921,1062
4,924.8287002253944,918.2051089406461,903,901,951,939
5,1027.1325910931173,1111.67004048583,1012,1091,1040,1134
