label,Centroid-0,Centroid-1,bbox-0,bbox-1,bbox-2,bbox-3
1,861.6772438803264,532.9718948322757,843,516,885,554
