label,Centroid-0,Centroid-1,bbox-0,bbox-1,bbox-2,bbox-3
1,298.8164556962025,904.4303797468355,283,889,317,922
2,454.44444444444446,13.9845288326301,441,0,471,32
3,671.2949380165289,848.9798553719008,644,821,700,878
4,892.9301634472511,466.2362555720654,877,452,910,481
5,918.4046728971963,308.4,897,292,940,327
6,922.4828815977176,246.6333808844508,903,221,945,271
7,967.859291084855,111.78839957035446,946,99,992,126
8,977.0154639175257,311.89819587628864,958,298,997,327
9,1031.816029143898,363.9744990892532,1022,344,1040,383
