label,Centroid-0,Centroid-1,bbox-0,bbox-1,bbox-2,bbox-3
1,338.6605128205128,888.6810256410256,321,872,359,909
2,864.371220020855,520.0,843,507,888,535
3,861.0230832646331,233.59109645507007,844,212,880,258
