label,Centroid-0,Centroid-1,bbox-0,bbox-1,bbox-2,bbox-3
1,833.1295546558705,967.4267206477733,815,947,856,989
2,861.5605158730159,535.218253968254,844,518,883,556
