label,Centroid-0,Centroid-1,bbox-0,bbox-1,bbox-2,bbox-3
1,225.75652906486943,717.3959561920809,206,699,249,740
2,334.1058823529412,894.5039215686274,317,877,354,915
3,702.2108667529108,1079.3324708926261,684,1064,722,1095
4,704.9256559766764,958.6020408163265,690,944,722,974
5,833.7614457831326,1334.9469879518072,819,1318,851,1355
6,838.5471698113207,1031.4470246734397,825,1016,854,1048
7,866.5204968944099,513.9018633540372,847,499,887,530
8,902.2171893147503,886.3124274099883,885,871,921,903
9,1019.8557692307693,1031.1850961538462,1000,1011,1040,1052
