label,Centroid-0,Centroid-1,bbox-0,bbox-1,bbox-2,bbox-3
1,75.39890710382514,260.61639344262295,61,241,92,283
2,232.21546261089986,920.3954372623574,214,906,252,937
3,335.0990516332982,878.2802950474183,318,862,355,898
4,842.8375939849624,1036.9338345864662,827,1024,860,1051
5,958.77030162413,115.01276102088167,942,99,978,133
6,980.3186060983198,971.4779091474797,957,947,1005,996
