label,Centroid-0,Centroid-1,bbox-0,bbox-1,bbox-2,bbox-3
1,329.1560975609756,892.1853658536585,309,875,351,911
2,787.5148221343874,53.758893280632414,769,36,809,73
3,861.3754646840149,520.5600991325898,844,507,882,535
