label,Centroid-0,Centroid-1,bbox-0,bbox-1,bbox-2,bbox-3
1,282.7085330776606,884.2205177372963,263,867,305,902
2,686.4006334125099,141.58511480601743,670,118,705,167
3,710.9344716197508,396.158744808491,690,365,736,430
4,707.7070457354758,1130.1569839307788,690,1114,725,1145
5,886.9098282442748,305.6784351145038,852,283,926,330
6,872.4747736093144,146.13324708926262,857,131,891,164
