label,Centroid-0,Centroid-1,bbox-0,bbox-1,bbox-2,bbox-3
1,337.398740818468,895.0,321,878,356,915
2,450.60935023771793,760.5071315372425,428,739,474,781
3,645.8339594290007,1157.664913598798,628,1137,667,1182
4,852.083885209713,1025.6942604856513,832,1008,870,1043
5,912.7766051011433,1153.896218117854,895,1135,934,1175
