label,Centroid-0,Centroid-1,bbox-0,bbox-1,bbox-2,bbox-3
1,20.06971904266389,915.8189386056191,6,894,35,939
2,197.15797546012269,1182.092791411043,177,1160,220,1205
3,283.8929313929314,891.0790020790021,265,874,304,909
4,896.1381578947369,854.4960526315789,880,838,913,872
