label,Centroid-0,Centroid-1,bbox-0,bbox-1,bbox-2,bbox-3
1,335.2706611570248,895.3078512396694,319,878,354,916
2,641.6529884032115,1188.942908117752,622,1169,665,1206
3,871.3059210526316,1194.9660087719299,854,1179,891,1213
