label,Centroid-0,Centroid-1,bbox-0,bbox-1,bbox-2,bbox-3
1,302.0185654008439,610.1662447257384,280,594,327,629
2,321.6584645669291,884.9340551181102,300,869,345,903
