label,Centroid-0,Centroid-1,bbox-0,bbox-1,bbox-2,bbox-3
1,182.27752502274797,626.0,164,607,204,648
2,862.5668733392382,534.3170947741364,844,517,885,555
