label,Centroid-0,Centroid-1,bbox-0,bbox-1,bbox-2,bbox-3
1,826.6754507628294,939.0638002773925,814,921,840,958
2,860.21036889332,533.5284147557328,843,516,881,554
3,867.8570084666039,172.8052681091251,850,155,889,193
