label,Centroid-0,Centroid-1,bbox-0,bbox-1,bbox-2,bbox-3
1,31.02900552486188,1047.3922651933701,14,1034,49,1062
2,176.41643059490085,728.915014164306,158,711,197,749
3,193.22316865417378,1342.1039182282793,173,1323,216,1363
4,340.1074950690335,880.9329388560158,323,863,360,902
5,413.6506276150628,561.9016736401674,396,546,435,581
6,527.0403940886699,809.1733990147783,509,792,548,829
7,844.5060565275909,1038.4064602960968,828,1024,862,1054
8,859.1329787234042,1006.1143617021277,843,990,877,1024
9,1010.8959923664122,1004.7261450381679,993,986,1032,1027
