label,Centroid-0,Centroid-1,bbox-0,bbox-1,bbox-2,bbox-3
1,336.0244618395303,891.1536203522505,318,874,356,911
2,842.225063938619,1036.9590792838874,825,1023,861,1053
3,982.5330160618679,151.99643069601427,959,128,1012,173
4,982.1787280701755,78.34539473684211,964,63,1003,96
5,1025.4847328244275,338.88422391857506,1011,323,1040,357
