label,Centroid-0,Centroid-1,bbox-0,bbox-1,bbox-2,bbox-3
1,123.06887298747763,454.9901610017889,105,437,145,477
2,138.71980279375512,969.3681183237469,122,948,158,993
3,799.7919463087248,278.28283796740175,782,261,821,299
4,859.4773706896551,534.0571120689655,843,518,880,554
