label,Centroid-0,Centroid-1,bbox-0,bbox-1,bbox-2,bbox-3
1,219.06795302013424,995.0159395973154,199,973,239,1017
2,338.222,879.373,321,862,358,900
3,536.2713567839196,151.30778894472363,519,137,555,167
4,709.8545586107091,898.5007235890015,692,876,730,923
5,849.7104913678619,1022.402390438247,828,991,873,1053
