label,Centroid-0,Centroid-1,bbox-0,bbox-1,bbox-2,bbox-3
1,216.7202993451824,998.8157156220767,199,981,237,1020
2,293.5774647887324,845.7732394366197,278,831,311,862
3,337.4026717557252,882.5162213740458,319,865,358,902
4,563.871,147.689,543,133,587,164
5,709.3563129357087,895.5460883036405,691,875,731,919
6,842.3697478991596,1038.2549019607843,827,1025,860,1054
7,1009.2422731804586,142.96610169491527,993,124,1027,165
