label,Centroid-0,Centroid-1,bbox-0,bbox-1,bbox-2,bbox-3
1,336.211320754717,890.3169811320755,318,872,356,911
2,637.0197486535009,1186.2845601436265,620,1165,656,1211
3,894.6946902654868,1179.391592920354,878,1164,914,1197
