label,Centroid-0,Centroid-1,bbox-0,bbox-1,bbox-2,bbox-3
1,843.1557271557272,972.5456885456886,829,954,858,992
2,860.0239361702128,541.1196808510638,845,526,877,558
3,979.2835660580022,973.469387755102,963,956,998,994
