label,Centroid-0,Centroid-1,bbox-0,bbox-1,bbox-2,bbox-3
1,324.47433460076047,884.1207224334601,302,868,349,903
2,860.4535840188014,519.1104582843714,841,506,882,533
