label,Centroid-0,Centroid-1,bbox-0,bbox-1,bbox-2,bbox-3
1,541.7752988047808,1137.620717131474,520,1119,565,1158
2,831.7456700091158,962.9927073837739,815,945,852,985
3,858.734375,540.6927083333334,842,524,879,560
4,975.1410693970421,975.7224118316268,959,959,993,994
