label,Centroid-0,Centroid-1,bbox-0,bbox-1,bbox-2,bbox-3
1,335.780487804878,702.3160569105692,317,687,357,720
2,549.4713831478538,1135.5659777424482,531,1114,570,1159
3,836.86568457539,965.157712305026,818,948,859,986
4,862.9463500439754,256.67985927880386,841,241,889,276
5,978.047619047619,976.2578397212543,962,960,996,994
