label,Centroid-0,Centroid-1,bbox-0,bbox-1,bbox-2,bbox-3
1,195.39952343129468,1182.0643367752184,175,1162,218,1204
2,283.4321608040201,891.9487437185929,266,875,304,911
3,897.4911290322581,834.8943548387097,879,815,917,857
