label,Centroid-0,Centroid-1,bbox-0,bbox-1,bbox-2,bbox-3
1,287.82190132370636,888.5932611311673,272,873,307,907
2,338.7596599690881,722.8083462132921,321,702,362,748
3,818.6803519061583,163.10850439882697,806,146,833,181
4,845.1369346733668,1067.1984924623116,833,1047,859,1088
5,864.0794871794872,1264.0346153846153,849,1245,879,1283
6,881.3827160493827,149.6400759734093,862,133,903,169
7,909.9088291746641,320.86084452975047,891,303,930,339
8,983.2852639873917,161.94326241134752,964,140,1004,186
