label,Centroid-0,Centroid-1,bbox-0,bbox-1,bbox-2,bbox-3
1,332.41322314049586,888.24173553719,316,867,350,910
2,862.0,521.2265005662514,843,508,884,537
3,955.1293881644934,56.310932798395186,935,40,977,73
