label,Centroid-0,Centroid-1,bbox-0,bbox-1,bbox-2,bbox-3
1,326.02588996763757,884.3689320388349,305,868,348,902
2,1014.8402010050252,1095.2442211055277,998,1078,1034,1115
