label,Centroid-0,Centroid-1,bbox-0,bbox-1,bbox-2,bbox-3
1,331.42628205128204,887.5288461538462,314,868,350,908
2,789.7061068702291,76.03530534351145,771,58,811,96
3,861.4782122905028,521.004469273743,842,507,884,535
