label,Centroid-0,Centroid-1,bbox-0,bbox-1,bbox-2,bbox-3
1,227.7072953736655,383.5818505338078,207,365,251,405
2,283.1589958158996,885.1506276150627,269,870,299,903
3,682.5,229.32373113854595,651,210,712,254
4,985.4195725534308,111.99775028121485,963,101,1009,124
5,1025.4547677261614,415.97799511002444,1010,400,1040,434
