label,Centroid-0,Centroid-1,bbox-0,bbox-1,bbox-2,bbox-3
1,11.810848400556328,1257.5702364394992,0,1240,26,1276
2,55.231192660550455,1301.0128440366973,40,1279,73,1326
3,216.3441011235955,114.99297752808988,201,101,234,131
4,462.8499369482976,75.75031525851198,443,64,484,89
5,482.2879684418146,683.3303747534517,466,662,498,705
6,598.1201157742403,918.8133140376266,585,902,611,936
7,605.9519083969466,856.7045801526717,586,835,628,881
8,713.9022185702547,685.0608052588332,694,666,736,706
9,890.1204188481676,1095.7460732984293,872,1081,909,1112
