label,Centroid-0,Centroid-1,bbox-0,bbox-1,bbox-2,bbox-3
1,192.66449207828518,925.4296365330848,176,906,213,946
2,543.1713836477987,425.09984276729557,521,407,568,445
3,578.8434004474273,81.91610738255034,558,67,601,98
4,653.5214723926381,617.1516213847502,633,600,678,638
5,700.704,908.1973333333333,688,890,714,928
6,810.4071065989848,625.2213197969543,793,609,830,644
