label,Centroid-0,Centroid-1,bbox-0,bbox-1,bbox-2,bbox-3
1,482.9179894179894,1239.9556878306878,462,1216,507,1265
2,562.3207343412527,1326.425485961123,547,1305,578,1349
3,884.1378539493294,1064.5461997019374,862,1047,910,1086
4,880.8665803108809,192.7979274611399,866,178,899,211
