label,Centroid-0,Centroid-1,bbox-0,bbox-1,bbox-2,bbox-3
1,713.7201735357918,917.058568329718,698,898,731,938
