label,Centroid-0,Centroid-1,bbox-0,bbox-1,bbox-2,bbox-3
1,526.6604477611941,938.3358208955224,509,920,548,960
2,713.7787610619469,917.0763274336283,697,899,733,937
