label,Centroid-0,Centroid-1,bbox-0,bbox-1,bbox-2,bbox-3
1,153.2809364548495,791.8394648829432,138,772,169,813
2,410.92220113851994,8.020872865275143,396,0,429,21
3,425.63953488372096,652.547480620155,407,636,447,672
4,630.8386411889596,80.40021231422506,610,64,653,97
5,641.5392592592592,820.0933333333334,620,798,666,846
6,751.4528543938422,663.7710070558051,728,635,781,689
7,840.0472222222222,1050.3902777777778,822,1037,858,1065
