label,Centroid-0,Centroid-1,bbox-0,bbox-1,bbox-2,bbox-3
1,713.7968299711815,899.106628242075,698,886,730,914
2,880.0728395061728,192.53086419753086,864,177,899,211
