label,Centroid-0,Centroid-1,bbox-0,bbox-1,bbox-2,bbox-3
1,314.5033482142857,806.8482142857143,296,791,335,825
2,423.5773305084746,646.8622881355932,402,631,446,664
3,763.0430416068866,664.5781922525108,748,650,780,681
