label,Centroid-0,Centroid-1,bbox-0,bbox-1,bbox-2,bbox-3
1,36.840522875816994,576.8248366013072,25,558,51,597
2,202.0186046511628,834.1337209302326,188,816,218,854
3,277.6865926558497,321.05209222886424,258,302,300,342
4,701.1986754966888,912.1311258278146,689,894,715,932
