label,Centroid-0,Centroid-1,bbox-0,bbox-1,bbox-2,bbox-3
1,315.20652173913044,806.6260869565217,296,791,337,825
2,406.44776119402985,8.235074626865671,391,0,424,20
3,423.1371490280778,647.3196544276458,402,632,445,664
4,763.7074542897328,665.3924050632911,749,651,781,682
