label,Centroid-0,Centroid-1,bbox-0,bbox-1,bbox-2,bbox-3
1,186.7403846153846,161.27029914529913,172,142,204,183
2,269.5111402359109,1055.7680209698558,255,1038,284,1073
3,287.59810426540287,582.5431279620854,271,564,308,603
4,324.274244004171,795.6277372262774,303,777,346,815
5,396.03748125937034,590.0974512743628,376,570,418,611
6,498.822358346095,1380.1286370597243,481,1367,516,1392
7,713.9984825493171,892.0652503793626,698,878,730,906
8,745.3264,710.0858666666667,721,689,776,737
9,759.4012269938651,663.4662576687117,746,643,775,683
