label,Centroid-0,Centroid-1,bbox-0,bbox-1,bbox-2,bbox-3
1,563.8058551617873,736.0046224961479,548,724,581,749
2,712.396129032258,898.9896774193548,696,884,729,915
3,879.501872659176,192.22471910112358,864,177,898,211
