label,Centroid-0,Centroid-1,bbox-0,bbox-1,bbox-2,bbox-3
1,10.415584415584416,1170.634508348794,0,1158,25,1185
2,45.38556505223172,921.4539411206077,28,903,66,942
3,457.43392070484583,694.0726872246696,436,680,480,709
4,458.1468315301391,787.629057187017,443,774,475,802
5,462.2985685071575,81.2597137014315,445,65,483,101
6,524.1736434108527,814.2728682170542,509,800,541,828
7,594.898347107438,892.5809917355372,573,874,619,912
8,782.0244680851064,922.8787234042553,765,902,798,944
9,851.6849087893864,574.226368159204,833,554,873,596
