label,Centroid-0,Centroid-1,bbox-0,bbox-1,bbox-2,bbox-3
1,102.62795698924731,259.2924731182796,86,242,123,279
2,192.07762557077626,217.74086757990867,175,202,212,235
3,415.94047069681585,661.338717120443,382,641,449,683
4,525.5908781484003,1254.3934649421376,503,1234,549,1277
5,595.3218232044198,1228.364640883978,583,1211,610,1247
6,719.7035815268614,114.18190386427898,682,84,754,149
7,724.3239074550129,890.9922879177378,708,876,741,907
8,769.6830652790918,553.7180700094607,753,535,789,576
9,897.274231678487,737.5851063829788,880,722,916,754
