label,Centroid-0,Centroid-1,bbox-0,bbox-1,bbox-2,bbox-3
1,528.2657342657343,1361.8491508491509,511,1343,548,1382
2,583.3846153846154,200.15589743589743,560,187,608,215
3,702.1211305518169,906.8115746971736,690,889,716,926
4,750.4489361702127,877.3585106382978,733,861,770,895
5,811.3167641325537,625.0643274853801,794,608,832,645
6,986.97583429229,1309.897583429229,969,1295,1007,1325
7,988.5893719806763,23.019323671497585,970,9,1009,39
