label,Centroid-0,Centroid-1,bbox-0,bbox-1,bbox-2,bbox-3
1,125.77640603566529,1175.4581618655693,110,1159,141,1191
2,586.3591160220994,765.1060773480663,569,749,605,783
3,879.7360097323601,190.68491484184915,864,175,899,209
4,885.4751243781094,1039.1019900497513,870,1021,902,1058
