label,Centroid-0,Centroid-1,bbox-0,bbox-1,bbox-2,bbox-3
1,576.8684047175667,86.90689013035382,555,59,603,119
2,578.9925373134329,1278.6019900497513,562,1261,595,1296
3,700.7642487046633,909.9624352331606,688,892,715,930
4,820.4482269503546,622.8737588652482,804,609,837,637
