label,Centroid-0,Centroid-1,bbox-0,bbox-1,bbox-2,bbox-3
1,564.2466960352423,733.5991189427313,551,717,579,751
2,711.6111833550065,898.7490247074122,695,884,728,915
3,878.6535031847134,191.95668789808917,863,177,897,210
