label,Centroid-0,Centroid-1,bbox-0,bbox-1,bbox-2,bbox-3
1,344.1104895104895,490.8867132867133,332,473,357,510
2,713.6952479338843,919.6404958677685,695,905,735,937
