label,Centroid-0,Centroid-1,bbox-0,bbox-1,bbox-2,bbox-3
1,410.58988764044943,690.7855805243446,391,671,430,710
2,571.9946120689655,725.2747844827586,556,708,591,745
3,730.0603070175439,906.6480263157895,711,891,751,923
4,860.0918854415274,529.508353221957,844,514,878,547
5,880.2933673469388,194.59821428571428,865,179,898,212
6,886.4673704414587,1039.6065259117083,869,1021,906,1062
