label,Centroid-0,Centroid-1,bbox-0,bbox-1,bbox-2,bbox-3
1,162.0161943319838,50.010796221322536,147,34,179,68
2,192.5794297352342,218.30549898167007,175,201,212,238
3,222.14354838709679,922.3782258064516,203,902,244,945
4,409.86382280557837,108.74733388022969,392,88,431,133
5,419.7931854199683,660.3114104595879,394,641,444,683
6,732.2830188679245,122.08930817610063,716,105,751,139
7,772.2860040567952,536.76369168357,756,518,791,558
8,826.3667917448405,1069.8330206378987,808,1052,847,1090
9,898.3477246207701,738.2462077012835,881,723,917,754
