label,Centroid-0,Centroid-1,bbox-0,bbox-1,bbox-2,bbox-3
1,125.93607954545455,1103.6477272727273,109,1091,144,1118
2,645.182320441989,132.53149171270718,628,117,665,151
3,718.8203677510609,888.0919377652051,702,875,736,902
4,797.9912609238452,1046.2222222222222,778,1033,819,1061
5,888.4370308590492,1152.4937447873228,869,1134,910,1173
