label,Centroid-0,Centroid-1,bbox-0,bbox-1,bbox-2,bbox-3
1,16.18232044198895,1259.4613259668508,0,1240,34,1281
2,300.6106194690266,816.8565107458912,274,794,330,840
3,466.56756756756755,79.88963963963964,449,64,487,99
4,513.3720238095239,528.3348214285714,499,513,529,545
5,593.3984615384616,912.0046153846154,581,896,607,929
6,887.5563981042654,1111.624644549763,870,1093,908,1132
7,943.5951903807616,1090.75083500334,922,1067,967,1117
