label,Centroid-0,Centroid-1,bbox-0,bbox-1,bbox-2,bbox-3
1,17.515254237288136,1244.1322033898305,4,1225,33,1265
2,456.21287128712873,468.6663366336634,440,451,477,490
3,503.638124362895,223.44444444444446,482,209,527,238
4,576.0579310344827,1266.383448275862,563,1248,590,1284
5,607.3771428571429,86.024,589,71,628,104
6,701.179190751445,766.1799132947976,680,746,725,788
7,716.9511494252873,888.9051724137931,700,876,734,903
8,1020.6855421686747,1274.6192771084338,1001,1262,1040,1290
