label,Centroid-0,Centroid-1,bbox-0,bbox-1,bbox-2,bbox-3
1,409.5282485875706,690.8973634651601,390,671,429,710
2,570.2872340425532,724.2670212765958,554,707,589,744
3,729.515873015873,906.4614512471655,712,891,749,922
4,859.3345588235294,530.6335784313726,843,515,877,548
5,880.1630295250321,194.2849807445443,865,179,898,212
6,885.185,1040.679,869,1021,904,1062
7,954.1303288672351,1287.0840438489647,938,1271,971,1304
