label,Centroid-0,Centroid-1,bbox-0,bbox-1,bbox-2,bbox-3
1,315.1204301075269,805.3612903225807,297,789,336,824
2,410.6529209621993,8.974226804123711,395,0,429,22
3,419.6135303265941,650.4681181959564,399,631,446,670
4,763.8889700511322,683.2395909422936,749,656,782,714
5,837.8575197889182,1050.3720316622691,819,1038,858,1064
