label,Centroid-0,Centroid-1,bbox-0,bbox-1,bbox-2,bbox-3
1,879.6772959183673,192.20535714285714,865,177,898,211
