label,Centroid-0,Centroid-1,bbox-0,bbox-1,bbox-2,bbox-3
1,121.35090361445783,870.6024096385543,106,857,138,886
2,602.7987355110643,748.8809272918862,586,731,621,767
3,731.5198237885462,907.9977973568282,713,892,752,924
4,877.35625,194.2725,862,179,895,212
5,887.4519317160826,1036.0035938903864,870,1016,908,1059
6,953.047619047619,1279.063492063492,938,1264,969,1295
7,1031.938253012048,1130.1099397590363,1022,1106,1040,1153
