label,Centroid-0,Centroid-1,bbox-0,bbox-1,bbox-2,bbox-3
1,36.13819577735125,1178.5614203454895,16,1163,58,1197
2,49.24381625441696,1236.0397526501768,33,1216,68,1258
3,174.49035187287174,643.5732122587968,157,626,194,663
4,447.0910209102091,930.0270602706028,430,914,464,948
5,456.0830244625649,1273.0103780578206,435,1254,479,1294
6,717.6435233160622,887.098445595855,698,872,740,904
7,1016.5782688766114,1270.5101289134439,999,1251,1036,1292
