label,Centroid-0,Centroid-1,bbox-0,bbox-1,bbox-2,bbox-3
1,212.46210045662102,1250.8739726027397,193,1233,234,1271
2,321.9738219895288,886.7958115183246,303,874,341,902
3,409.0904899135447,1209.564265129683,384,1187,437,1233
4,626.3419147224457,829.0353982300885,605,810,649,850
5,725.9575530586767,891.2496878901374,710,875,743,907
6,728.7205357142857,727.35625,711,709,750,749
7,806.4917421417155,946.4976025572722,779,925,838,970
8,949.7586989409984,558.7413010590016,930,538,972,582
9,1031.5453047775948,1349.3640856672157,1021,1328,1040,1370
