label,Centroid-0,Centroid-1,bbox-0,bbox-1,bbox-2,bbox-3
1,699.8428761651132,913.7097203728363,687,896,714,933
