label,Centroid-0,Centroid-1,bbox-0,bbox-1,bbox-2,bbox-3
1,48.16633858267716,1178.9360236220473,29,1163,69,1198
2,450.11309523809524,934.4591836734694,431,914,471,956
3,593.7598204264871,986.1144781144781,576,970,613,1004
4,703.1665174574754,963.4914950760967,685,944,722,985
5,702.30625,893.38,689,874,717,914
6,909.8551678736011,1073.24818959842,887,1052,935,1094
7,995.6795539033458,1057.5680297397769,977,1035,1016,1081
