label,Centroid-0,Centroid-1,bbox-0,bbox-1,bbox-2,bbox-3
1,188.1255946717412,920.6127497621313,171,903,208,942
2,542.8662079510704,423.5321100917431,520,406,569,443
3,579.8772935779816,81.90366972477064,559,68,602,97
4,650.2622080679406,616.0222929936306,632,600,671,635
5,701.4717477003942,908.3547963206307,689,890,715,928
6,811.6338308457712,625.8368159203981,794,609,832,645
