label,Centroid-0,Centroid-1,bbox-0,bbox-1,bbox-2,bbox-3
1,312.96558505408063,659.4945919370698,294,644,334,677
2,455.0164835164835,1109.4075091575091,436,1091,475,1131
3,478.6666666666667,1236.0378787878788,459,1215,501,1259
4,569.5833333333334,1321.3447368421052,553,1302,590,1344
5,880.44625,192.8125,865,178,899,211
