label,Centroid-0,Centroid-1,bbox-0,bbox-1,bbox-2,bbox-3
1,175.7983606557377,308.45,158,287,198,334
2,710.5359550561798,914.923595505618,692,900,731,931
