label,Centroid-0,Centroid-1,bbox-0,bbox-1,bbox-2,bbox-3
1,16.99054820415879,1167.594517958412,0,1152,39,1187
2,306.6218074656189,694.8575638506876,290,677,326,716
3,384.74093264248705,1089.0110103626944,361,1068,410,1112
4,458.58756345177665,1276.266497461929,440,1264,478,1290
5,482.39028776978415,1197.8273381294964,464,1180,503,1218
6,513.4508393285372,1098.912070343725,490,1082,540,1119
7,721.7777777777778,886.510101010101,705,871,738,903
8,746.3493013972056,1334.4081836327346,730,1313,763,1355
9,1019.8994140625,1281.74609375,1002,1263,1040,1301
