label,Centroid-0,Centroid-1,bbox-0,bbox-1,bbox-2,bbox-3
1,125.1245186136072,871.586649550706,110,857,143,889
2,606.6088840736728,775.1657638136511,590,759,626,794
3,731.2914349276974,908.0856507230255,714,892,751,924
4,878.3853779429987,192.47955390334573,863,177,897,211
5,884.852736318408,1037.9054726368158,869,1016,901,1060
6,951.6053511705686,1276.6020066889632,935,1260,970,1295
