label,Centroid-0,Centroid-1,bbox-0,bbox-1,bbox-2,bbox-3
1,109.67677642980937,776.5173310225304,90,756,132,800
2,424.53422222222224,721.4915555555556,402,706,449,740
3,494.6836861768369,747.945205479452,481,729,509,768
4,610.6729776247848,1021.2039586919105,594,1001,629,1044
5,626.1161103047896,524.6872278664731,602,509,655,544
6,702.5714285714286,907.6406593406593,688,888,718,929
