label,Centroid-0,Centroid-1,bbox-0,bbox-1,bbox-2,bbox-3
1,321.43152454780363,738.9987080103359,308,721,337,758
2,402.0780361757106,697.3457364341085,372,670,436,728
3,646.1808219178082,885.1561643835616,632,870,663,903
4,664.3052208835342,750.0214190093708,648,734,681,768
5,690.0764430577223,897.603744149766,676,884,706,913
6,718.6675191815857,458.1764705882353,703,443,736,475
7,884.8496042216359,1038.324538258575,866,1019,905,1059
8,882.4217335058215,194.503234152652,867,179,900,212
9,965.7285873192436,1294.6384872080089,949,1279,984,1313
