label,Centroid-0,Centroid-1,bbox-0,bbox-1,bbox-2,bbox-3
1,8.83159268929504,1243.0587467362925,0,1223,23,1267
2,100.26609442060087,1098.3919885550788,86,1082,115,1115
3,499.666339548577,224.4062806673209,481,208,522,243
4,574.8232044198895,1269.374309392265,561,1252,591,1287
5,662.4982238010657,220.51865008880995,644,202,686,244
6,718.560975609756,888.700143472023,702,876,735,903
7,797.2208067940552,1039.6252653927813,775,1024,821,1055
8,1014.5890227576974,1275.706827309237,996,1262,1034,1290
