label,Centroid-0,Centroid-1,bbox-0,bbox-1,bbox-2,bbox-3
1,310.9295010845987,658.709327548807,294,642,330,678
2,451.88375927452597,1106.7353668590272,429,1090,477,1126
3,483.6822766570605,1242.3825648414986,465,1221,506,1266
4,569.5377574370709,1321.8588863463006,551,1301,591,1346
5,880.4825436408978,192.77057356608478,865,177,899,211
