label,Centroid-0,Centroid-1,bbox-0,bbox-1,bbox-2,bbox-3
1,105.87067209775968,1174.9103869653768,89,1157,126,1195
2,524.1527904849039,939.2259835315645,506,920,545,960
3,713.675082327113,917.6992316136115,696,901,734,936
