label,Centroid-0,Centroid-1,bbox-0,bbox-1,bbox-2,bbox-3
1,324.2316076294278,886.7670299727521,307,873,342,902
2,328.5286783042394,644.5236907730673,313,629,346,663
3,503.77744360902255,478.96992481203006,484,457,527,503
4,518.1769911504425,784.4020227560051,501,769,537,800
5,529.4167400881057,1271.5894273127753,507,1254,554,1290
6,608.9025679758308,775.5657099697885,587,757,633,796
7,726.7029702970297,890.0420792079208,711,874,744,906
8,805.2983713355048,945.7641693811075,782,925,830,968
9,919.2294589178357,234.51202404809618,903,217,939,255
