label,Centroid-0,Centroid-1,bbox-0,bbox-1,bbox-2,bbox-3
1,703.1174142480211,912.4221635883905,691,895,718,932
