label,Centroid-0,Centroid-1,bbox-0,bbox-1,bbox-2,bbox-3
1,531.3188405797101,1354.7985507246376,516,1340,548,1370
2,584.3886063072227,199.63987792472025,561,186,609,215
3,702.1931216931217,906.5026455026455,690,888,716,926
4,747.2915254237288,883.3796610169492,731,867,766,901
5,811.6045845272206,624.829035339064,794,607,833,645
6,990.4192799070847,24.7862950058072,972,10,1011,42
7,990.0705289672544,1308.2732997481107,973,1293,1008,1325
