label,Centroid-0,Centroid-1,bbox-0,bbox-1,bbox-2,bbox-3
1,559.2399206873761,1277.7713152676802,532,1261,592,1297
2,719.7713458755427,888.9667149059335,704,876,736,904
3,837.9408805031446,630.3232704402516,822,614,854,649
4,1011.3321078431372,1277.5453431372548,992,1263,1032,1293
