label,Centroid-0,Centroid-1,bbox-0,bbox-1,bbox-2,bbox-3
1,111.68890892696123,779.4896302975653,93,762,134,800
2,301.2955082742317,121.07328605200945,286,105,320,140
3,304.1301724137931,546.9724137931034,287,527,326,572
4,422.3462321792261,722.530549898167,404,707,444,741
5,492.0153846153846,741.7830769230769,476,728,507,756
6,555.8532388663967,549.8937246963562,538,534,577,569
7,607.2608353033885,1021.0338849487786,588,1000,628,1044
8,703.1309130913091,906.9130913091309,688,887,719,928
9,850.7562408223201,934.762114537445,838,918,865,953
