label,Centroid-0,Centroid-1,bbox-0,bbox-1,bbox-2,bbox-3
1,122.7305900621118,868.4099378881988,100,850,147,888
2,260.17574021012416,497.88538681948427,243,480,281,519
3,605.6800785083415,770.8577036310108,588,753,625,790
4,731.472514619883,906.7368421052631,715,890,750,923
5,878.6365795724465,192.25059382422802,863,177,898,211
6,887.0945558739255,1037.2129894937918,870,1018,908,1060
7,951.4812563323202,1275.8834853090173,934,1258,971,1296
