label,Centroid-0,Centroid-1,bbox-0,bbox-1,bbox-2,bbox-3
1,566.8349609375,744.619140625,549,726,586,765
2,616.0689655172414,673.6091954022988,596,657,639,694
3,712.1855807743658,897.9706275033378,696,883,729,913
4,879.0977157360406,191.55964467005077,864,177,898,210
5,882.5780525502319,1222.1823802163833,867,1208,898,1236
