label,Centroid-0,Centroid-1,bbox-0,bbox-1,bbox-2,bbox-3
1,107.39764492753623,776.4420289855072,86,757,128,795
2,296.8003992015968,861.7325349301398,278,845,318,880
3,429.1179531656548,713.7406764960972,403,698,456,730
4,602.7238307349666,1014.2126948775056,587,998,621,1033
5,643.2701080432173,522.7298919567827,627,507,661,541
6,686.7933884297521,949.2931129476584,661,925,710,980
7,702.5161987041037,905.0043196544276,686,886,721,926
