label,Centroid-0,Centroid-1,bbox-0,bbox-1,bbox-2,bbox-3
1,312.97761862130704,658.5264100268577,293,642,335,677
2,455.08150183150184,1108.9615384615386,437,1090,475,1131
3,480.22674865488085,1238.7870868562645,461,1218,502,1261
4,571.746500777605,1323.2954898911353,554,1301,591,1347
5,881.7798594847775,192.60889929742387,865,177,901,210
