label,Centroid-0,Centroid-1,bbox-0,bbox-1,bbox-2,bbox-3
1,880.8258642765685,192.39180537772086,866,177,899,211
