label,Centroid-0,Centroid-1,bbox-0,bbox-1,bbox-2,bbox-3
1,122.68599033816425,870.9710144927536,109,857,138,886
2,332.0826666666667,699.7911111111111,315,679,350,722
3,603.612429378531,772.5559322033898,587,756,622,790
4,655.8475609756098,587.9216027874564,637,570,679,608
5,722.8925925925926,906.9938271604939,707,892,741,924
6,878.8664122137404,191.87150127226462,864,177,897,210
7,883.9417249417249,1037.2505827505827,869,1018,900,1058
