label,Centroid-0,Centroid-1,bbox-0,bbox-1,bbox-2,bbox-3
1,189.89713541666666,214.9375,177,196,203,235
2,207.33642261353106,1090.247451343837,188,1073,228,1109
3,218.62138084632517,925.8786191536748,204,906,234,948
4,409.57506584723444,104.87620719929762,391,86,432,127
5,426.2960122699387,669.4800613496933,411,656,442,684
6,727.161629434954,887.2641261498029,710,873,744,902
7,770.7345415778252,535.0277185501066,755,517,789,556
8,832.0189204229271,1071.9549248747912,805,1047,862,1097
9,898.234067207416,738.41483198146,881,723,917,755
