label,Centroid-0,Centroid-1,bbox-0,bbox-1,bbox-2,bbox-3
1,565.5251322751323,130.89153439153438,550,116,583,148
2,581.4083224967491,164.8478543563069,566,150,600,182
3,712.5563186813187,898.1304945054945,696,884,729,913
4,880.018472906404,191.82758620689654,864,177,899,210
