label,Centroid-0,Centroid-1,bbox-0,bbox-1,bbox-2,bbox-3
1,116.25324675324676,1206.2050092764377,100,1186,136,1230
2,601.4279569892473,759.4290322580645,585,743,620,778
3,721.2190775681341,909.7463312368973,702,895,743,927
4,879.5768757687576,191.70110701107012,864,176,898,210
5,887.3529411764706,1037.6247058823528,871,1020,904,1056
