label,Centroid-0,Centroid-1,bbox-0,bbox-1,bbox-2,bbox-3
1,575.4428571428572,756.1494505494505,559,740,594,775
2,712.2342569269522,899.639798488665,696,884,729,916
3,878.5136815920398,192.23134328358208,863,177,897,211
4,888.2796688132474,1225.8325666973321,870,1208,910,1246
5,886.8031704095113,1040.7133421400265,871,1023,902,1058
