label,Centroid-0,Centroid-1,bbox-0,bbox-1,bbox-2,bbox-3
1,39.08829568788501,1179.0800821355235,19,1164,60,1197
2,46.10274669379451,1235.5757884028485,29,1218,66,1256
3,175.434375,645.9375,157,629,196,665
4,422.72531551596137,1271.778025241277,400,1254,449,1292
5,447.01356852103123,927.8575305291723,430,914,464,944
6,717.3678756476684,886.9523316062176,698,872,739,904
7,1019.6121495327103,1273.372274143302,1002,1252,1040,1298
