label,Centroid-0,Centroid-1,bbox-0,bbox-1,bbox-2,bbox-3
1,185.72179732313575,112.95506692160612,171,92,203,137
2,617.2182741116751,670.3921319796955,602,654,634,689
3,711.6466575716235,898.4829467939973,696,884,728,913
4,878.9851301115242,192.17596034696408,863,177,898,211
