label,Centroid-0,Centroid-1,bbox-0,bbox-1,bbox-2,bbox-3
1,580.1649214659686,87.28900523560209,554,60,611,118
2,578.9216867469879,1281.817555938038,560,1259,599,1306
3,700.4737532808399,910.6535433070866,687,893,716,930
4,820.3002336448598,627.0619158878504,803,611,839,644
