label,Centroid-0,Centroid-1,bbox-0,bbox-1,bbox-2,bbox-3
1,87.77624309392266,1162.3766114180478,69,1144,108,1183
2,708.480981595092,917.560736196319,691,903,728,933
3,990.1760828625236,1196.3954802259886,973,1178,1010,1217
