label,Centroid-0,Centroid-1,bbox-0,bbox-1,bbox-2,bbox-3
1,415.6491540516474,644.007123775601,394,627,438,662
2,701.3981481481482,907.3015873015873,689,889,715,927
3,811.0681381957774,623.9654510556622,793,607,832,644
4,838.0990099009902,506.76127612761275,817,493,860,522
5,853.688703465982,922.3632862644416,835,898,879,953
