label,Centroid-0,Centroid-1,bbox-0,bbox-1,bbox-2,bbox-3
1,102.14799672935405,1303.8724448078497,78,1286,127,1325
2,117.61681329423264,706.3294232649072,96,689,141,726
3,126.40849673202614,837.781045751634,109,819,146,858
4,133.98295454545453,1107.2386363636363,115,1092,157,1127
5,384.4047619047619,1095.013888888889,368,1075,403,1117
6,718.9663526244952,887.0121130551817,703,873,736,902
7,864.4373522458629,975.3561859732073,846,954,886,1001
8,925.7313432835821,1140.9360341151387,911,1123,944,1162
9,988.334514528703,1045.2714386959603,966,1025,1014,1069
