label,Centroid-0,Centroid-1,bbox-0,bbox-1,bbox-2,bbox-3
1,84.85271966527196,1162.7949790794978,67,1142,105,1186
2,102.89410681399632,790.097605893186,87,769,122,814
3,214.32738626226583,507.63157894736844,198,487,234,531
4,700.9508196721312,925.1510538641686,685,909,719,942
5,826.7671821305842,1266.9381443298969,809,1246,846,1289
6,987.4361888111888,1191.8854895104896,969,1174,1009,1213
