label,Centroid-0,Centroid-1,bbox-0,bbox-1,bbox-2,bbox-3
1,120.85457809694793,1201.770197486535,105,1180,139,1224
2,604.4537037037037,764.9479166666666,588,749,622,783
3,658.676625659051,584.8927943760984,638,567,683,601
4,720.6645898234683,909.9865005192108,701,895,743,927
5,878.9088699878494,190.50060753341432,863,175,898,208
6,885.8992718446602,1036.6662621359224,871,1018,902,1056
