label,Centroid-0,Centroid-1,bbox-0,bbox-1,bbox-2,bbox-3
1,17.324528301886794,1244.7861635220127,4,1227,32,1264
2,281.34410646387835,1034.9980988593156,264,1017,301,1056
3,463.7083734359961,457.4667949951877,444,441,486,474
4,501.2879518072289,223.39518072289155,481,211,522,239
5,605.5943097997892,86.30558482613277,586,71,628,104
6,705.6601731601731,772.482683982684,685,753,730,795
