label,Centroid-0,Centroid-1,bbox-0,bbox-1,bbox-2,bbox-3
1,603.864118895966,750.9373673036093,587,734,623,769
2,731.652466367713,907.8576233183857,713,893,752,924
3,878.2071428571429,193.7654761904762,862,178,897,211
4,887.0911552346571,1036.5252707581228,870,1016,907,1060
5,952.9524390243903,1278.7365853658537,937,1263,970,1296
