label,Centroid-0,Centroid-1,bbox-0,bbox-1,bbox-2,bbox-3
1,116.02655771195097,1196.859039836568,101,1177,135,1219
2,123.20062695924764,871.423197492163,109,857,138,887
3,604.3492063492064,772.1208791208791,588,757,622,789
4,657.3987455197133,588.5806451612904,639,571,679,609
5,721.3301687763714,910.8037974683544,702,896,743,928
6,879.8576512455516,191.80901542111508,864,176,899,210
7,884.4766780432309,1036.3105802047783,870,1017,901,1057
