label,Centroid-0,Centroid-1,bbox-0,bbox-1,bbox-2,bbox-3
1,208.90463692038495,1088.9326334208224,189,1072,230,1108
2,409.81019332161685,104.22144112478031,392,85,430,128
3,426.0846394984326,669.6457680250784,412,655,441,685
4,724.9479166666666,887.5598958333334,709,872,742,903
5,837.6834339369551,1074.4305835010061,813,1049,864,1097
6,898.973441108545,738.6166281755196,882,723,918,755
