label,Centroid-0,Centroid-1,bbox-0,bbox-1,bbox-2,bbox-3
1,609.8793859649123,770.8366228070175,593,754,629,789
2,731.2497200447929,907.2452407614782,715,890,750,924
3,879.3644067796611,191.66464891041161,864,176,898,210
4,885.4495114006514,1037.7046688382193,870,1019,903,1058
5,942.8348258706468,1253.0318407960199,925,1237,965,1272
