label,Centroid-0,Centroid-1,bbox-0,bbox-1,bbox-2,bbox-3
1,86.66914498141264,1162.4767657992566,69,1144,106,1184
2,213.26596980255516,498.520325203252,200,480,230,520
3,707.1768786127168,918.4196531791907,689,903,727,934
4,989.4210985178727,1196.0453356582389,969,1179,1011,1215
