label,Centroid-0,Centroid-1,bbox-0,bbox-1,bbox-2,bbox-3
1,82.64239631336406,1220.0442396313365,64,1201,103,1241
2,100.23689516129032,1176.679435483871,85,1157,119,1199
3,522.8840716305373,936.2959472196042,505,918,544,958
4,713.2934443288242,919.1519250780437,695,904,735,937
