label,Centroid-0,Centroid-1,bbox-0,bbox-1,bbox-2,bbox-3
1,188.01825726141078,920.161825726141,170,900,210,943
2,546.4575107296138,421.54163090128753,524,404,571,442
3,581.9309045226131,81.33542713567839,562,68,603,95
4,651.8613333333333,612.6453333333334,634,599,670,627
5,700.5862533692722,908.5121293800539,688,891,714,928
6,811.3356783919598,625.6412060301508,794,609,831,645
