label,Centroid-0,Centroid-1,bbox-0,bbox-1,bbox-2,bbox-3
1,126.38695652173914,1103.621739130435,111,1090,143,1119
2,645.092004381161,132.24644030668128,628,116,665,151
3,718.7591036414566,888.0028011204482,702,875,736,902
4,797.5434462444772,1054.7326951399116,776,1036,823,1077
5,888.3398305084746,1150.4228813559323,869,1132,910,1170
