label,Centroid-0,Centroid-1,bbox-0,bbox-1,bbox-2,bbox-3
1,712.4424898511502,898.319350473613,696,884,729,913
2,879.4888888888889,192.3432098765432,864,177,898,211
