label,Centroid-0,Centroid-1,bbox-0,bbox-1,bbox-2,bbox-3
1,608.2828054298642,770.2466063348417,592,753,627,789
2,730.0861678004535,907.4251700680272,714,891,749,924
3,877.9507211538462,191.74278846153845,862,176,897,210
4,885.1881606765328,1038.1553911205074,869,1020,903,1059
5,943.2996219281664,1265.0434782608695,926,1246,963,1286
