label,Centroid-0,Centroid-1,bbox-0,bbox-1,bbox-2,bbox-3
1,14.907920792079208,1259.438613861386,0,1240,35,1282
2,219.04282115869017,118.60453400503778,204,103,237,137
3,316.1147161066049,805.8870220162224,293,770,339,841
4,465.19920844327174,75.2598944591029,447,62,485,90
5,486.82545454545453,681.5263636363636,468,663,508,702
6,611.0457142857143,855.2438095238095,592,837,633,876
7,704.1044657097289,682.384370015949,681,666,731,701
8,889.4536771728749,1104.03629417383,872,1087,909,1125
9,937.8644957983194,1091.8634453781513,922,1069,953,1114
