label,Centroid-0,Centroid-1,bbox-0,bbox-1,bbox-2,bbox-3
1,81.93756003842459,1325.503362151777,60,1307,105,1345
2,99.99266055045871,861.3880733944954,83,843,121,884
3,211.85191212367778,804.4109031733117,192,783,233,827
4,320.3362218370884,772.1932409012131,301,754,340,793
5,740.8102803738318,54.12990654205608,720,37,764,73
6,794.111217641419,1332.4611697027804,773,1317,818,1351
7,860.8966480446927,226.05679702048417,844,207,882,248
8,913.2484787018255,1018.3894523326572,897,1000,932,1040
