label,Centroid-0,Centroid-1,bbox-0,bbox-1,bbox-2,bbox-3
1,712.5393133997785,917.0044296788483,698,897,728,938
