label,Centroid-0,Centroid-1,bbox-0,bbox-1,bbox-2,bbox-3
1,711.6820175438596,915.672149122807,696,896,729,937
