label,Centroid-0,Centroid-1,bbox-0,bbox-1,bbox-2,bbox-3
1,220.44678811121764,669.0613614573346,202,651,241,691
2,433.0710172744722,692.725527831094,415,676,454,712
3,584.5028462998102,389.86812144212524,562,373,608,409
4,705.490221642764,912.0312907431552,693,894,720,932
5,885.5020408163265,1059.2173469387756,864,1046,909,1076
6,879.934725848564,192.77806788511748,865,178,898,211
7,933.7080237741457,1021.5683506686479,912,1002,958,1044
