label,Centroid-0,Centroid-1,bbox-0,bbox-1,bbox-2,bbox-3
1,559.058865248227,1278.5411347517731,534,1263,590,1298
2,719.3785714285714,888.5785714285714,703,876,736,904
3,778.005994005994,928.3056943056943,762,905,795,952
4,798.6782496782497,1047.037323037323,779,1036,819,1060
5,839.2133507853404,628.8363874345549,823,613,856,646
6,892.2635046113307,1138.4150197628458,877,1122,909,1156
7,1010.9310344827586,1277.2662068965517,993,1264,1030,1291
