label,Centroid-0,Centroid-1,bbox-0,bbox-1,bbox-2,bbox-3
1,175.33099209833188,306.64442493415277,158,287,197,330
2,711.0400890868597,915.1336302895323,694,899,731,932
