label,Centroid-0,Centroid-1,bbox-0,bbox-1,bbox-2,bbox-3
1,295.76633663366334,117.26831683168317,278,100,317,137
2,457.2021857923497,690.6489071038251,441,674,473,707
3,492.4518760195759,741.0326264274062,472,720,515,764
4,701.5572715572715,905.993564993565,688,888,717,926
5,851.6546961325967,934.7127071823204,837,919,866,952
