label,Centroid-0,Centroid-1,bbox-0,bbox-1,bbox-2,bbox-3
1,575.5152151101784,154.3126967471144,564,131,589,179
2,712.6749024707412,898.4252275682704,696,883,729,915
3,879.9337423312884,192.20736196319018,864,177,899,211
