label,Centroid-0,Centroid-1,bbox-0,bbox-1,bbox-2,bbox-3
1,574.120325203252,143.27859078590785,552,111,596,180
2,713.1619433198381,898.0836707152497,697,884,730,913
3,879.8449328449328,191.90964590964592,864,176,899,211
