label,Centroid-0,Centroid-1,bbox-0,bbox-1,bbox-2,bbox-3
1,409.0927342256214,691.1845124282983,390,672,428,710
2,570.0270855904658,730.2946912242687,553,714,589,748
3,730.8605714285715,906.8525714285714,715,890,749,924
4,879.8313725490196,194.3673202614379,865,179,897,212
5,885.0492107706592,1038.557103064067,867,1019,906,1061
6,953.487256371814,1278.4827586206898,939,1264,969,1294
7,1021.0084951456311,674.4915048543689,1005,659,1039,692
