label,Centroid-0,Centroid-1,bbox-0,bbox-1,bbox-2,bbox-3
1,321.1095717884131,740.1851385390428,306,723,338,759
2,402.99730458221023,697.733692722372,374,671,435,727
3,644.7357954545455,884.7088068181819,631,869,661,902
4,664.0350877192982,750.136302294197,648,734,680,768
5,690.1505376344086,898.136712749616,676,884,706,914
6,716.8167938931298,460.71628498727733,701,445,735,478
7,884.6362847222222,1038.615451388889,866,1019,905,1059
8,882.1796178343949,195.47133757961782,867,180,900,213
9,965.778384279476,1294.2379912663755,949,1278,984,1312
