label,Centroid-0,Centroid-1,bbox-0,bbox-1,bbox-2,bbox-3
1,712.9101283880171,898.6405135520685,697,885,729,913
2,879.5646766169154,192.23134328358208,864,177,898,211
