label,Centroid-0,Centroid-1,bbox-0,bbox-1,bbox-2,bbox-3
1,412.12123817712813,689.920894239037,390,671,436,710
2,518.9653679653679,750.4707792207793,502,734,538,769
3,663.5903271692746,751.2560455192034,648,736,680,768
4,682.2916666666666,571.1261574074074,664,556,703,588
5,702.0731343283583,896.2985074626865,687,882,718,912
6,725.489847715736,451.9708121827411,710,437,743,469
7,881.2667509481669,194.3944374209861,866,179,899,212
8,885.6650943396227,1039.1264150943396,867,1022,907,1059
9,959.1630170316301,1288.153284671533,943,1273,977,1305
