label,Centroid-0,Centroid-1,bbox-0,bbox-1,bbox-2,bbox-3
1,47.354317998385795,785.6456820016142,28,766,70,808
2,308.42703862660943,877.1727467811158,292,860,328,897
3,608.1628919860627,225.72648083623693,591,205,629,251
4,725.1531291611185,601.2303595206391,710,585,740,620
5,763.5217391304348,954.8301630434783,750,939,780,973
