label,Centroid-0,Centroid-1,bbox-0,bbox-1,bbox-2,bbox-3
1,333.10019841269843,704.7708333333334,314,689,354,723
2,550.0184237461617,1129.0184237461617,531,1114,571,1146
3,836.4407239819004,964.6923076923077,818,947,858,985
4,860.6735598227474,253.61004431314623,845,241,878,268
5,978.2587666263603,976.0362756952842,962,960,996,994
