label,Centroid-0,Centroid-1,bbox-0,bbox-1,bbox-2,bbox-3
1,15.3875,1316.1675,0,1294,35,1341
2,290.2028824833703,898.7838137472284,274,882,309,918
3,356.75263527758256,731.8397751229796,335,712,379,755
4,825.1928934010152,1080.3337563451776,809,1064,841,1098
5,828.4035714285715,161.03303571428572,810,142,850,183
6,888.3827238335435,146.97288776796972,867,125,912,171
7,906.8579676674365,326.6316397228637,887,312,927,343
8,982.1758708581139,160.18266779949022,962,141,1005,181
