label,Centroid-0,Centroid-1,bbox-0,bbox-1,bbox-2,bbox-3
1,325.92223238792315,883.459286367795,303,867,351,903
2,861.7606837606837,518.0854700854701,842,505,883,531
