label,Centroid-0,Centroid-1,bbox-0,bbox-1,bbox-2,bbox-3
1,858.5604508196722,533.0573770491803,842,516,879,554
