label,Centroid-0,Centroid-1,bbox-0,bbox-1,bbox-2,bbox-3
1,46.0109375,789.753125,26,769,69,813
2,314.1506849315069,876.2824025289779,297,860,334,896
3,610.8428158148505,221.549662487946,594,201,631,244
4,771.4311111111111,952.5466666666666,749,935,797,974
