label,Centroid-0,Centroid-1,bbox-0,bbox-1,bbox-2,bbox-3
1,343.9871382636656,706.609860664523,327,690,364,725
2,547.4357053682896,1132.2571785268415,532,1117,565,1149
3,838.6122448979592,960.8015873015873,821,945,858,979
4,854.4791666666666,543.9934210526316,838,528,874,563
5,866.238679245283,255.4367924528302,844,241,891,272
6,975.7618453865337,979.6695760598503,960,964,993,997
