label,Centroid-0,Centroid-1,bbox-0,bbox-1,bbox-2,bbox-3
1,324.5562015503876,881.3381782945736,305,862,346,903
2,542.5034832172261,1203.152628245725,520,1182,569,1226
3,865.4136732329084,518.5550405561993,845,507,888,532
