label,Centroid-0,Centroid-1,bbox-0,bbox-1,bbox-2,bbox-3
1,335.84123910939013,704.027105517909,316,689,357,721
2,547.9081081081081,1136.0223938223937,529,1115,569,1159
3,835.532538955087,965.6480293308891,818,948,856,986
4,862.0164502164503,257.8017316017316,840,242,888,278
5,856.5718085106383,547.5904255319149,841,533,874,564
6,978.4509090909091,976.7406060606061,962,961,996,994
