label,Centroid-0,Centroid-1,bbox-0,bbox-1,bbox-2,bbox-3
1,333.00770925110135,884.9570484581498,316,865,350,905
2,862.4132762312634,521.2066381156317,843,507,885,538
