label,Centroid-0,Centroid-1,bbox-0,bbox-1,bbox-2,bbox-3
1,324.6111111111111,884.1666666666666,302,868,349,903
2,683.4070904645477,359.3459657701712,667,343,702,378
3,858.3170134638923,519.2582619339046,840,506,879,534
