label,Centroid-0,Centroid-1,bbox-0,bbox-1,bbox-2,bbox-3
1,104.19464944649447,1099.1817343173432,86,1081,125,1121
2,317.1868686868687,885.9909090909091,296,870,340,904
3,534.4501182033097,1181.0931442080378,510,1154,562,1211
4,807.9243902439024,1005.0341463414634,789,992,828,1019
5,864.07249712313,519.2197928653625,843,507,886,532
