label,Centroid-0,Centroid-1,bbox-0,bbox-1,bbox-2,bbox-3
1,68.69828571428572,885.1634285714285,53,869,87,904
2,330.7088607594937,893.8390596745027,311,877,354,914
3,573.7265469061877,817.3592814371258,553,792,600,844
4,574.9755319148936,237.90106382978723,556,224,597,255
5,865.1254237288135,519.3604519774011,846,505,887,533
6,1009.6717062634989,81.82721382289417,996,63,1027,103
