label,Centroid-0,Centroid-1,bbox-0,bbox-1,bbox-2,bbox-3
1,103.08285714285714,1099.9285714285713,86,1082,124,1121
2,317.11984659635664,884.4630872483222,296,868,341,904
3,533.5884413309982,1181.7478108581436,514,1156,554,1210
4,806.8409742120344,1002.8395415472779,789,991,825,1016
5,864.5279126213592,518.8434466019418,845,507,886,532
6,1022.0408163265306,1373.3632653061225,1003,1354,1040,1392
