label,Centroid-0,Centroid-1,bbox-0,bbox-1,bbox-2,bbox-3
1,48.15709728867623,786.799043062201,28,767,71,809
2,312.0091463414634,875.030487804878,294,859,333,894
3,608.0238777459408,224.14231136580707,592,203,627,248
4,764.3,953.1858695652174,748,936,784,974
