label,Centroid-0,Centroid-1,bbox-0,bbox-1,bbox-2,bbox-3
1,322.8863636363636,885.6600378787879,301,869,347,904
2,865.657960199005,517.5721393034826,846,506,887,531
