label,Centroid-0,Centroid-1,bbox-0,bbox-1,bbox-2,bbox-3
1,842.9366626065773,971.6443361753959,829,952,857,992
2,980.2562814070352,973.8221105527638,963,956,999,995
