label,Centroid-0,Centroid-1,bbox-0,bbox-1,bbox-2,bbox-3
1,89.08173076923077,730.6502403846154,73,715,108,749
2,172.69851380042462,1365.8853503184714,152,1351,194,1381
3,341.76576576576576,878.4144144144144,325,860,360,900
4,654.1427469135803,942.1103395061729,633,923,679,961
5,840.5520833333334,1128.642361111111,825,1110,858,1148
6,845.1306042884991,1039.4493177387915,827,1022,865,1059
7,859.4412628487519,994.1255506607929,837,975,884,1016
8,914.7515923566879,52.467091295116774,897,35,935,73
