label,Centroid-0,Centroid-1,bbox-0,bbox-1,bbox-2,bbox-3
1,94.60767590618337,988.9925373134329,79,971,114,1009
2,214.18322698268003,424.4494074749316,197,406,236,447
3,693.6066433566433,211.354020979021,672,195,719,229
4,905.0431965442765,841.0482361411088,876,826,936,859
5,975.9597826086956,112.20326086956521,953,101,1000,124
