label,Centroid-0,Centroid-1,bbox-0,bbox-1,bbox-2,bbox-3
1,326.02396313364056,883.6377880184332,303,867,351,903
2,685.9056,366.6304,667,347,709,391
3,857.9410348977136,519.1516245487364,839,506,879,534
