label,Centroid-0,Centroid-1,bbox-0,bbox-1,bbox-2,bbox-3
1,345.70215175537936,710.9320498301246,330,694,364,730
2,545.6186046511627,1130.0755813953488,528,1114,564,1147
3,841.0780065005417,959.9219934994583,823,944,861,977
4,854.8507135016465,547.0878155872667,838,531,874,565
5,875.721098265896,253.44942196531792,860,238,893,269
6,975.5702179176756,979.5108958837773,960,964,993,997
