label,Centroid-0,Centroid-1,bbox-0,bbox-1,bbox-2,bbox-3
1,7.685288640595903,744.8994413407821,0,729,20,765
2,696.4190672153635,761.4272976680384,673,743,724,783
3,704.6039689387403,211.57635893011218,684,195,730,232
4,784.5040650406504,926.7723577235772,767,913,803,942
5,906.8177525967894,271.9641170915958,887,256,930,292
6,977.2552083333334,111.90104166666667,954,100,1002,124
7,1030.5519031141869,94.90311418685121,1019,78,1040,113
