label,Centroid-0,Centroid-1,bbox-0,bbox-1,bbox-2,bbox-3
1,67.82718271827183,1301.9180918091809,49,1284,90,1323
2,322.73230088495575,890.4424778761062,307,873,341,910
3,804.6639566395664,980.156278229449,787,961,825,1002
4,884.7485875706215,1235.0203389830508,858,1211,914,1260
5,1017.6436781609195,990.1954022988506,1004,977,1033,1004
