label,Centroid-0,Centroid-1,bbox-0,bbox-1,bbox-2,bbox-3
1,326.16651248843664,883.7169287696577,304,867,351,903
2,865.3260340632603,517.6520681265207,845,506,887,530
