label,Centroid-0,Centroid-1,bbox-0,bbox-1,bbox-2,bbox-3
1,314.93415637860085,875.4794238683128,298,859,335,895
2,884.4296636085627,931.980122324159,870,917,900,948
3,983.0563973063973,343.7382154882155,966,323,1004,368
4,1022.7787234042553,1027.750354609929,1008,1012,1039,1043
