label,Centroid-0,Centroid-1,bbox-0,bbox-1,bbox-2,bbox-3
1,345.69204927211644,711.3079507278835,330,694,364,731
2,544.9886363636364,1131.9772727272727,531,1116,560,1150
3,840.6545643153527,960.454356846473,823,944,861,980
4,857.3426573426574,550.3041958041958,841,535,876,568
5,870.9082652134423,256.5286103542234,852,239,894,277
6,975.8058608058608,980.1062271062272,960,965,994,997
