label,Centroid-0,Centroid-1,bbox-0,bbox-1,bbox-2,bbox-3
1,33.78551532033426,1046.8653667595172,15,1030,57,1068
2,345.98856053384173,876.3317445185892,328,858,367,897
3,516.1281800391389,806.2681017612524,496,790,539,825
4,842.1830822711472,1036.5793742757821,823,1023,863,1052
5,882.4758871701547,785.6596906278435,860,769,906,804
6,878.4175438596491,1186.0865497076024,863,1166,894,1208
7,1021.6768027801911,1005.3423110338836,1002,987,1040,1026
