label,Centroid-0,Centroid-1,bbox-0,bbox-1,bbox-2,bbox-3
1,283.3066538090646,885.0877531340406,267,865,302,908
2,693.0808219178082,235.686301369863,670,216,720,257
3,985.4345738295318,111.1500600240096,964,100,1008,123
4,1028.6226086956522,416.4295652173913,1016,402,1040,432
