label,Centroid-0,Centroid-1,bbox-0,bbox-1,bbox-2,bbox-3
1,336.1080817916261,878.7818889970789,318,861,356,899
2,840.9594594594595,1036.061425061425,823,1023,861,1052
3,963.906949352179,77.68786808009423,948,62,983,96
