label,Centroid-0,Centroid-1,bbox-0,bbox-1,bbox-2,bbox-3
1,210.83973758200563,887.2989690721649,191,871,234,907
2,333.5606361829026,892.1252485089464,316,875,353,912
3,590.7384823848239,220.65176151761517,576,205,607,238
4,711.0280701754386,1063.1649122807019,694,1043,731,1087
5,863.0744382022472,517.0926966292135,846,504,882,530
