label,Centroid-0,Centroid-1,bbox-0,bbox-1,bbox-2,bbox-3
1,10.924263674614306,1333.1192145862553,0,1318,28,1354
2,21.46646942800789,917.1094674556213,5,898,41,939
3,198.78341013824885,1183.0608294930876,181,1165,220,1204
4,227.8100511073254,522.2376490630323,208,503,251,544
5,263.2261146496815,854.0764331210191,249,841,279,869
6,282.9854260089686,889.0739910313902,265,873,303,906
7,854.2404227212681,1054.992073976222,843,1036,867,1075
8,895.2420749279539,851.9798270893372,880,836,911,869
