label,Centroid-0,Centroid-1,bbox-0,bbox-1,bbox-2,bbox-3
1,114.784,692.4824615384615,91,670,142,717
2,305.02138364779876,888.5610062893081,286,876,325,903
3,864.5631768953068,519.0649819494585,845,506,886,532
