label,Centroid-0,Centroid-1,bbox-0,bbox-1,bbox-2,bbox-3
1,75.03242677824268,260.75,60,242,93,283
2,246.29610655737704,908.0,229,891,266,928
3,333.29214659685863,881.2167539267016,316,864,353,901
4,954.3223021582734,114.37841726618706,941,98,970,132
5,988.1121621621621,968.6594594594594,974,952,1005,985
