label,Centroid-0,Centroid-1,bbox-0,bbox-1,bbox-2,bbox-3
1,235.09467040673212,846.468443197756,213,821,257,870
2,286.1949152542373,893.1610169491526,269,875,307,914
3,305.945,1254.801,286,1239,329,1274
4,912.0518345952242,810.5393127548049,889,782,937,835
5,965.4043715846994,457.30382513661203,949,441,985,477
