label,Centroid-0,Centroid-1,bbox-0,bbox-1,bbox-2,bbox-3
1,325.8237378210806,894.555358724535,308,878,349,917
2,758.6482635796972,429.5725734639359,740,412,780,451
3,763.350439882698,221.05278592375367,750,205,778,239
4,865.2961816305469,520.8968008255933,845,507,889,536
