label,Centroid-0,Centroid-1,bbox-0,bbox-1,bbox-2,bbox-3
1,340.609437751004,884.8584337349398,323,868,360,904
2,730.0675146771038,243.27592954990214,712,225,749,264
3,817.9270315091211,95.85820895522389,795,79,844,112
4,839.7997311827957,1036.7244623655913,823,1023,858,1051
5,911.6552399608228,256.0763956904995,891,242,935,274
6,971.2361275088548,64.38370720188902,955,49,990,83
7,984.171339563863,808.0981308411215,969,795,999,823
