label,Centroid-0,Centroid-1,bbox-0,bbox-1,bbox-2,bbox-3
1,35.54713493530499,1050.231977818854,17,1033,57,1071
2,170.3020730503455,726.761105626851,152,711,193,747
3,187.05672009864364,1342.6633785450063,171,1327,205,1360
4,345.0,877.6698564593302,327,860,366,898
5,525.0532710280373,812.7383177570093,505,796,548,831
6,843.6771844660194,1036.6322815533981,825,1023,863,1052
7,875.5274869109948,1179.5340314136126,863,1160,889,1200
8,884.9009159034139,789.0541215653622,865,770,906,810
9,1017.7878211227403,1007.2492863939106,1000,990,1038,1027
