label,Centroid-0,Centroid-1,bbox-0,bbox-1,bbox-2,bbox-3
1,71.12701421800948,339.34123222748815,53,322,93,360
2,192.74330164217804,846.8401037165082,174,828,214,868
3,323.2232804232804,879.495238095238,305,861,343,900
4,863.9152148664343,519.4878048780488,844,507,886,534
5,1021.8778103616813,1375.3870967741937,1004,1358,1040,1392
