label,Centroid-0,Centroid-1,bbox-0,bbox-1,bbox-2,bbox-3
1,72.24575513851653,335.41733690795354,52,319,96,353
2,191.80495356037153,846.3227554179566,172,826,214,869
3,325.1974386339381,878.1526147278548,307,859,345,899
4,863.9697986577181,519.4127516778524,843,507,886,533
5,1019.5193982581156,1374.381631037213,999,1355,1040,1392
