label,Centroid-0,Centroid-1,bbox-0,bbox-1,bbox-2,bbox-3
1,73.45693277310924,258.20063025210084,57,241,94,279
2,104.0828025477707,886.7443130118289,87,867,124,909
3,189.15254237288136,453.58800521512387,174,438,207,472
4,338.4637223974763,878.5909568874869,321,863,359,897
5,839.2528180354267,1037.1610305958131,825,1024,855,1051
6,881.3447037701975,972.4407540394973,858,957,905,990
7,963.9602888086642,113.87123947051745,948,98,983,132
8,981.6741666666667,973.1325,963,954,1003,995
