label,Centroid-0,Centroid-1,bbox-0,bbox-1,bbox-2,bbox-3
1,334.3979591836735,884.9612244897959,312,870,358,901
2,865.8181818181819,519.7738095238095,845,507,889,533
3,991.3942006269592,899.0736677115988,972,878,1013,922
4,1022.5114503816794,1108.3478735005453,1003,1093,1040,1124
5,1022.113488372093,246.78232558139536,1004,227,1040,269
