label,Centroid-0,Centroid-1,bbox-0,bbox-1,bbox-2,bbox-3
1,97.07611798287346,985.2568981921979,82,965,115,1009
2,205.1294964028777,681.2631038026722,189,663,223,703
3,334.53097345132744,450.68543845535,316,430,356,474
4,632.0906593406594,713.5100732600732,612,694,651,735
5,697.5881024096385,215.1664156626506,673,198,725,232
6,908.7698803659395,844.5123152709359,886,825,933,865
7,978.4201500535905,111.94533762057878,955,101,1003,124
