label,Centroid-0,Centroid-1,bbox-0,bbox-1,bbox-2,bbox-3
1,123.01204819277109,575.3966635773864,104,558,145,596
2,337.1410748560461,881.2936660268714,320,864,357,902
3,677.0290540540541,498.10945945945946,658,475,700,526
4,841.2361477572559,1036.2770448548813,824,1023,860,1052
5,966.897545357524,90.1846318036286,950,74,987,109
