label,Centroid-0,Centroid-1,bbox-0,bbox-1,bbox-2,bbox-3
1,325.16291532690246,894.3879957127546,308,878,345,913
2,716.7456588355465,175.95199182839633,700,158,737,197
3,795.3819444444445,963.1111111111111,780,948,812,980
4,826.8458961474037,1090.8860971524289,806,1073,851,1112
5,856.4984833164813,360.7947421638018,838,344,878,380
6,889.114619080302,1255.6362388469458,868,1234,914,1277
7,958.1050257731958,374.6095360824742,935,351,986,402
