label,Centroid-0,Centroid-1,bbox-0,bbox-1,bbox-2,bbox-3
1,123.9109390125847,508.4172313649564,105,491,146,529
2,343.07894736842104,887.0221052631579,321,873,366,901
3,622.1332737030411,322.69677996422183,601,302,641,342
4,866.1010752688172,519.5774193548388,845,507,889,533
5,1006.8652073732719,550.0115207373271,991,533,1025,569
