label,Centroid-0,Centroid-1,bbox-0,bbox-1,bbox-2,bbox-3
1,337.2372528616025,881.7825182101977,321,864,356,902
2,416.293542074364,560.5958904109589,398,544,437,580
3,710.1898470097358,895.4749652294854,690,874,733,916
4,843.1216931216932,1038.350529100529,827,1024,861,1054
5,1017.8049940546967,142.09631391200952,1002,126,1037,160
