label,Centroid-0,Centroid-1,bbox-0,bbox-1,bbox-2,bbox-3
1,310.7260869565217,876.9521739130435,295,860,329,897
2,574.5383928571429,511.5544642857143,557,491,593,535
3,611.293,220.987,594,203,632,242
4,721.3925619834711,594.8438016528926,701,577,744,615
5,768.6345381526104,954.182329317269,748,935,792,977
6,882.6333789329685,769.9630642954857,868,752,897,786
