label,Centroid-0,Centroid-1,bbox-0,bbox-1,bbox-2,bbox-3
1,542.068356374808,1135.2749615975422,519,1113,565,1156
2,832.7497507477567,963.4007976071784,815,946,852,983
3,859.0141776937618,539.562381852552,841,522,881,560
4,975.8,974.0518072289157,960,958,994,992
