label,Centroid-0,Centroid-1,bbox-0,bbox-1,bbox-2,bbox-3
1,325.5263157894737,887.7532894736842,305,874,348,903
2,865.7956756756756,519.7762162162162,844,507,889,533
3,1024.0373395565928,1112.3453908984832,1008,1093,1040,1131
4,1030.740625,249.440625,1020,229,1040,269
