label,Centroid-0,Centroid-1,bbox-0,bbox-1,bbox-2,bbox-3
1,111.3350471293916,1242.750642673522,91,1226,135,1263
2,297.4805194805195,903.7324675324676,282,889,315,921
3,682.6071784646061,859.0019940179461,655,829,713,889
4,680.6114130434783,318.6263586956522,668,300,693,338
5,811.239607659972,956.0004670714619,782,925,840,985
6,909.1205962059621,479.4810298102981,894,462,925,498
7,918.8921465968587,307.6722513089005,897,293,940,323
8,966.3208606173995,112.63517305893359,944,99,992,130
9,975.6319895968791,310.74642392717817,957,297,996,325
