label,Centroid-0,Centroid-1,bbox-0,bbox-1,bbox-2,bbox-3
1,336.73549000951476,704.8858230256898,317,689,358,724
2,541.42,1131.269090909091,520,1107,564,1155
3,834.4115913555992,964.607072691552,817,948,855,985
4,859.3991596638656,543.5994397759104,844,529,876,560
5,861.9538461538461,259.14125874125875,846,244,878,275
6,975.9833531510106,974.7158145065398,961,958,994,993
