label,Centroid-0,Centroid-1,bbox-0,bbox-1,bbox-2,bbox-3
1,133.30582524271844,574.3434466019418,117,559,152,593
2,336.6708463949843,877.8317659352142,320,861,355,897
3,676.8269736842105,494.62565789473683,657,471,700,523
4,719.9284116331096,1372.3698732289336,697,1354,746,1392
5,729.546803652968,52.635844748858446,712,37,749,70
6,841.5261044176707,1037.0160642570281,824,1024,861,1052
7,889.4070197044335,974.6120689655172,867,949,912,1002
8,976.4732824427481,104.9618320610687,960,89,996,124
