label,Centroid-0,Centroid-1,bbox-0,bbox-1,bbox-2,bbox-3
1,324.50581915846016,890.4350940017905,305,873,347,910
2,865.6198895027625,519.3182320441989,845,506,888,533
3,995.5318374772589,904.7052759248029,974,879,1016,933
4,1022.2284069097889,246.22456813819576,1005,226,1040,268
5,1024.0789825970548,1108.528781793842,1007,1095,1040,1124
