label,Centroid-0,Centroid-1,bbox-0,bbox-1,bbox-2,bbox-3
1,317.3899127061106,883.1212415130941,301,865,337,904
2,958.3818181818182,858.0493506493507,938,841,982,878
3,979.6613226452906,197.5511022044088,962,181,1000,217
4,986.7017094017094,342.61965811965814,968,324,1009,364
5,1021.3930722891566,1028.8975903614457,1007,1013,1036,1044
