label,Centroid-0,Centroid-1,bbox-0,bbox-1,bbox-2,bbox-3
1,342.2237354085603,878.954280155642,325,862,363,899
2,656.6675603217158,937.9075067024129,642,922,674,953
3,720.1284796573876,582.5492505353319,698,569,743,598
4,790.2142429682825,953.3099940155596,765,934,821,976
5,840.852867830424,1034.6620947630922,823,1021,861,1050
6,840.6889848812095,1128.011879049676,823,1109,859,1148
7,859.8704393149665,992.5271779597915,837,976,888,1015
8,920.5788912579958,46.92963752665245,902,29,941,67
9,1002.900655021834,1012.2237991266376,985,996,1023,1028
