label,Centroid-0,Centroid-1,bbox-0,bbox-1,bbox-2,bbox-3
1,337.8263414634146,892.1453658536585,320,875,358,912
2,639.3676582761251,1185.4790236460717,620,1164,660,1209
3,845.7435320584926,1031.9010123734533,826,1018,867,1047
4,892.3016042780748,1174.197860962567,877,1157,911,1194
