label,Centroid-0,Centroid-1,bbox-0,bbox-1,bbox-2,bbox-3
1,859.3340184994861,532.8283658787255,843,516,880,554
2,866.1333973128599,170.14779270633397,848,153,888,190
