label,Centroid-0,Centroid-1,bbox-0,bbox-1,bbox-2,bbox-3
1,860.7497656982193,532.0506091846298,843,515,883,553
