label,Centroid-0,Centroid-1,bbox-0,bbox-1,bbox-2,bbox-3
1,538.1767515923567,1133.6146496815286,523,1120,553,1148
2,833.1666666666666,962.9309210526316,817,947,853,983
3,859.7845953002611,539.0809399477807,843,525,878,555
4,978.2285714285714,973.989010989011,962,957,996,994
