label,Centroid-0,Centroid-1,bbox-0,bbox-1,bbox-2,bbox-3
1,124.026291931097,575.5113327289212,103,560,148,595
2,336.17305458768874,878.931475029036,321,862,354,898
3,676.3956043956044,497.5171703296703,656,475,700,524
4,721.8408091468777,1372.6613896218118,703,1355,744,1392
5,840.8850129198967,1036.4883720930231,823,1023,860,1052
6,966.8403755868544,102.33450704225352,951,87,986,121
