label,Centroid-0,Centroid-1,bbox-0,bbox-1,bbox-2,bbox-3
1,328.7237728585178,899.0076997112608,313,877,347,923
2,759.2044310171199,426.12789526686805,740,410,781,445
3,862.2497200447929,521.0190369540874,844,507,884,537
4,918.5546639919759,485.82146439317955,901,469,939,505
5,955.4909456740443,49.96277665995976,937,34,977,70
