label,Centroid-0,Centroid-1,bbox-0,bbox-1,bbox-2,bbox-3
1,345.0288288288288,706.1504504504504,326,689,366,726
2,549.7011764705883,1132.6070588235293,532,1118,570,1149
3,838.5971769815418,962.9174809989142,823,946,858,983
4,855.2654958677685,542.9690082644628,838,526,875,562
5,866.5237191650854,254.82258064516128,844,240,891,271
6,976.8890274314215,978.8229426433916,961,964,995,996
