label,Centroid-0,Centroid-1,bbox-0,bbox-1,bbox-2,bbox-3
1,194.71391752577318,1179.3754295532647,173,1162,220,1195
2,237.89007092198582,847.7012411347517,217,831,260,867
3,285.39203354297695,892.9989517819706,268,876,305,912
4,838.5487179487179,929.1923076923077,819,917,859,943
5,902.2022090059473,826.052676295667,884,807,923,848
6,978.4624145785878,111.48974943052391,956,100,1002,124
