label,Centroid-0,Centroid-1,bbox-0,bbox-1,bbox-2,bbox-3
1,10.829545454545455,1384.059659090909,0,1375,25,1392
2,103.12545126353791,1358.6362815884477,85,1339,124,1381
3,199.7233644859813,1149.0570093457943,182,1131,220,1170
4,318.3157262905162,884.68787515006,302,869,337,903
5,955.0761750405186,858.902755267423,935,841,978,881
6,979.4095045500505,195.95652173913044,962,179,1000,215
7,991.3229166666666,342.99715909090907,973,326,1013,362
