label,Centroid-0,Centroid-1,bbox-0,bbox-1,bbox-2,bbox-3
1,14.514231499051233,1311.3776091081595,0,1292,34,1335
2,293.7129533678756,901.9316062176166,277,885,313,922
3,666.5154639175257,93.01218369259607,646,76,690,113
4,828.7034782608696,1081.3678260869565,808,1062,851,1103
5,832.8675429726997,160.82507583417595,816,144,853,181
6,885.9839407041384,127.04385423100679,867,102,907,156
