label,Centroid-0,Centroid-1,bbox-0,bbox-1,bbox-2,bbox-3
1,257.45436507936506,631.0436507936508,240,614,278,651
2,337.37629937629936,892.5904365904366,320,876,357,911
3,713.5109104589917,1071.5658389766743,695,1048,737,1094
4,779.9777580071175,909.5,762,891,801,931
5,866.4801762114538,518.1740088105727,846,504,890,532
