label,Centroid-0,Centroid-1,bbox-0,bbox-1,bbox-2,bbox-3
1,859.6559031281533,532.271442986882,843,516,881,553
