label,Centroid-0,Centroid-1,bbox-0,bbox-1,bbox-2,bbox-3
1,323.14539748953973,891.2897489539749,302,877,346,908
2,751.6569536423841,1005.5973509933775,737,990,769,1021
3,864.2311886586696,519.1842966194112,843,506,887,532
4,897.7953422724065,1039.7713479181368,876,1019,922,1063
