label,Centroid-0,Centroid-1,bbox-0,bbox-1,bbox-2,bbox-3
1,313.42084562438544,876.4159292035398,297,858,333,897
2,883.4613297150611,934.1207598371777,868,917,899,952
3,983.1080380293863,339.55488331892826,966,320,1005,363
4,1023.1548183254345,1027.4233807266983,1009,1013,1039,1042
