label,Centroid-0,Centroid-1,bbox-0,bbox-1,bbox-2,bbox-3
1,327.11916110581507,883.5795996186845,305,867,351,903
2,862.5714285714286,519.1291925465838,843,507,883,532
