label,Centroid-0,Centroid-1,bbox-0,bbox-1,bbox-2,bbox-3
1,135.08953817153628,504.9820923656927,117,487,157,526
2,340.3913612565445,883.4188481675393,323,868,358,900
3,623.5728155339806,323.16343042071196,600,303,646,342
4,865.9446808510638,520.0797872340426,845,507,889,534
5,1007.4247871333964,550.4465468306528,991,532,1027,572
