label,Centroid-0,Centroid-1,bbox-0,bbox-1,bbox-2,bbox-3
1,122.8286252354049,575.6007532956686,104,558,145,596
2,335.86101694915254,881.8237288135593,320,865,355,901
3,668.6005459508644,497.21292083712467,652,475,689,523
4,840.776923076923,1036.9641025641026,824,1023,860,1053
5,969.8349834983499,89.06820682068206,953,73,990,108
