label,Centroid-0,Centroid-1,bbox-0,bbox-1,bbox-2,bbox-3
1,10.608623548922056,1040.988391376451,0,1027,26,1058
2,292.9932614555256,900.4865229110512,279,885,310,918
3,474.6045364891519,153.9467455621302,458,136,495,175
4,714.5241844769404,237.72778402699663,697,222,735,256
5,720.4711316397229,102.0080831408776,701,88,741,117
6,808.4255952380952,109.92782738095238,785,93,837,131
7,917.4915032679738,992.9424836601307,904,975,932,1012
8,980.927435387674,113.11729622266401,957,101,1006,126
9,1030.9235668789809,985.9087048832272,1019,973,1040,1004
