label,Centroid-0,Centroid-1,bbox-0,bbox-1,bbox-2,bbox-3
1,317.73396226415093,885.9811320754717,296,870,342,905
2,533.7587430309173,1181.956411556006,511,1154,559,1209
3,810.8207913110939,1008.9317300232739,791,989,835,1033
4,862.9184149184149,518.8624708624709,843,507,885,532
