label,Centroid-0,Centroid-1,bbox-0,bbox-1,bbox-2,bbox-3
1,299.21177944862154,904.437343358396,284,889,317,922
2,674.5204081632653,851.8204081632653,647,823,703,882
3,798.1735419630156,962.5078236130868,783,946,814,980
4,918.5583333333333,307.4611111111111,896,291,940,325
5,923.4545454545455,245.3821138211382,905,220,945,270
6,968.0249187432286,111.38678223185265,946,99,992,125
7,976.1664499349805,311.25357607282183,957,298,996,326
8,1032.6036960985625,363.50102669404515,1023,343,1040,382
