label,Centroid-0,Centroid-1,bbox-0,bbox-1,bbox-2,bbox-3
1,335.21691542288556,893.4099502487562,317,877,356,912
2,842.7470664928292,1036.8279009126468,825,1023,861,1052
3,980.6645161290322,152.81055718475073,957,129,1012,173
4,980.9263873159683,77.92525481313703,964,63,1001,96
