label,Centroid-0,Centroid-1,bbox-0,bbox-1,bbox-2,bbox-3
1,244.12971342383108,841.1930618401207,230,827,260,857
2,284.82560975609755,888.2634146341463,268,873,303,906
3,370.78664192949907,1274.1456400742115,352,1257,393,1294
4,673.3814814814815,79.68395061728395,658,65,692,97
5,817.1727688787186,606.4382151029748,800,591,836,624
6,874.7017937219731,64.46076233183857,858,49,895,83
7,911.5449330783939,813.9674952198852,888,780,937,848
8,1025.7064102564102,149.78974358974358,1011,132,1040,168
9,1029.1931972789116,208.2340136054422,1017,189,1040,228
