label,Centroid-0,Centroid-1,bbox-0,bbox-1,bbox-2,bbox-3
1,541.4558823529412,1135.5882352941176,519,1113,564,1157
2,832.9031007751938,965.5658914728682,815,948,853,985
3,855.8782894736842,260.1195175438597,836,243,874,276
4,858.6520146520146,538.6822344322344,840,521,881,560
5,975.369020501139,974.6002277904328,959,958,993,993
