label,Centroid-0,Centroid-1,bbox-0,bbox-1,bbox-2,bbox-3
1,334.78269617706235,893.5915492957746,318,876,354,913
2,499.5689075630252,1294.0478991596638,481,1274,520,1317
3,843.2096985583224,1036.1939711664481,826,1022,862,1052
4,973.749213836478,143.67295597484278,954,124,998,168
5,984.5232704402516,77.47798742138365,969,62,1003,96
