label,Centroid-0,Centroid-1,bbox-0,bbox-1,bbox-2,bbox-3
1,322.79249011857706,884.098814229249,303,867,345,904
2,864.3626373626373,517.3504273504274,844,505,886,530
