label,Centroid-0,Centroid-1,bbox-0,bbox-1,bbox-2,bbox-3
1,76.74774774774775,891.0202702702703,60,876,97,910
2,211.28238583410996,888.6626281453867,193,871,233,909
3,335.6663157894737,890.8663157894737,318,874,356,909
4,583.8560975609756,229.0548780487805,568,212,601,247
5,710.8272027373823,1060.366980325064,691,1042,733,1081
6,867.015572858732,518.5350389321468,847,504,890,533
7,1009.7955493741307,72.28511821974965,994,57,1027,88
