label,Centroid-0,Centroid-1,bbox-0,bbox-1,bbox-2,bbox-3
1,344.622027534418,711.2115143929913,329,695,362,729
2,546.4291091593476,1132.4203262233375,530,1117,564,1149
3,837.6670270270271,960.5567567567567,820,944,858,980
4,852.7517006802722,546.8129251700681,836,531,872,565
5,867.3942652329749,255.5089605734767,847,239,892,274
6,975.9716399506782,979.4537607891492,960,964,994,997
