label,Centroid-0,Centroid-1,bbox-0,bbox-1,bbox-2,bbox-3
1,277.1532110091743,866.5357798165138,259,847,297,888
2,337.49782608695654,877.5684782608696,321,861,357,897
3,727.6327800829876,16.952282157676347,710,0,749,38
4,843.2293178519593,1036.7706821480406,827,1024,861,1052
