label,Centroid-0,Centroid-1,bbox-0,bbox-1,bbox-2,bbox-3
1,536.4861572535991,1137.5415282392028,520,1120,553,1158
2,833.1026615969582,965.069391634981,815,947,854,985
3,859.2852071005917,539.6130177514793,843,524,878,558
4,976.3197604790419,973.8479041916167,960,959,995,991
