label,Centroid-0,Centroid-1,bbox-0,bbox-1,bbox-2,bbox-3
1,335.3027613412229,889.586785009862,315,874,358,907
2,774.4215686274509,225.1934046345811,754,209,799,245
3,865.975321888412,520.7038626609442,845,508,889,535
