label,Centroid-0,Centroid-1,bbox-0,bbox-1,bbox-2,bbox-3
1,178.09405940594058,637.3700495049505,162,623,197,655
2,320.2800495662949,887.2106567534076,301,873,341,903
3,860.4007455731594,533.6048462255359,842,516,883,555
