label,Centroid-0,Centroid-1,bbox-0,bbox-1,bbox-2,bbox-3
1,278.25269461077846,885.7844311377246,261,869,297,904
2,687.1436515291937,139.3846153846154,670,120,705,161
3,711.7115466553047,395.48743076267573,690,363,737,431
4,895.9064425770308,303.71260504201683,864,287,932,325
5,1032.3037694013303,326.56762749445676,1023,308,1040,343
