label,Centroid-0,Centroid-1,bbox-0,bbox-1,bbox-2,bbox-3
1,326.94969199178644,889.911704312115,310,872,347,911
2,751.2288786482335,1004.4884792626729,737,990,767,1020
3,864.7812840043525,518.7301414581067,844,505,888,533
