label,Centroid-0,Centroid-1,bbox-0,bbox-1,bbox-2,bbox-3
1,860.6839788732394,532.0598591549295,842,515,884,553
