label,Centroid-0,Centroid-1,bbox-0,bbox-1,bbox-2,bbox-3
1,191.24042742653606,844.7604630454141,174,825,210,868
2,319.36161616161615,882.5333333333333,300,865,341,902
3,864.4697833523375,519.115165336374,844,506,887,532
4,894.9801084990959,8.602169981916818,880,0,913,22
5,1013.9652173913043,1369.6298136645962,999,1352,1031,1389
