label,Centroid-0,Centroid-1,bbox-0,bbox-1,bbox-2,bbox-3
1,334.93714821763604,891.9634146341464,318,874,355,913
2,586.4579358196011,1206.1474414570685,568,1187,607,1228
3,843.4120667522465,1035.5365853658536,825,1022,863,1050
4,986.2402366863905,79.36331360946745,969,65,1006,97
