label,Centroid-0,Centroid-1,bbox-0,bbox-1,bbox-2,bbox-3
1,324.99808612440194,883.8143540669856,303,867,349,903
