label,Centroid-0,Centroid-1,bbox-0,bbox-1,bbox-2,bbox-3
1,322.5914285714286,884.8409523809523,300,868,347,903
2,859.6654719235364,519.3034647550777,841,506,881,534
