label,Centroid-0,Centroid-1,bbox-0,bbox-1,bbox-2,bbox-3
1,59.602739726027394,537.8767123287671,45,523,77,555
2,318.0,886.0441400304414,304,871,333,902
3,866.3689119170984,519.7471502590673,845,507,890,534
