label,Centroid-0,Centroid-1,bbox-0,bbox-1,bbox-2,bbox-3
1,278.4253246753247,887.939393939394,264,867,295,910
2,712.6254458977407,399.88049940546966,691,376,740,428
3,714.8887283236994,1135.8634393063585,692,1117,739,1158
4,848.0445795339413,188.28571428571428,831,170,866,210
5,853.8856053384176,306.75500476644424,834,292,877,325
6,881.0913120567376,148.3758865248227,862,130,904,169
