label,Centroid-0,Centroid-1,bbox-0,bbox-1,bbox-2,bbox-3
1,335.83251714005877,892.6552399608228,318,876,357,911
2,869.44,1195.9878787878788,854,1179,887,1215
