label,Centroid-0,Centroid-1,bbox-0,bbox-1,bbox-2,bbox-3
1,330.83565737051794,889.2918326693227,311,874,353,908
2,627.0633130962706,320.85862966175193,609,302,649,344
3,866.0736728060672,520.1061755146262,845,507,889,534
