label,Centroid-0,Centroid-1,bbox-0,bbox-1,bbox-2,bbox-3
1,239.13312693498452,28.881320949432403,223,10,259,51
2,288.76610978520284,886.8842482100239,271,872,309,905
3,599.2094440213252,1245.7707539984767,578,1225,622,1268
4,823.9236311239193,606.5374639769452,808,591,839,621
