label,Centroid-0,Centroid-1,bbox-0,bbox-1,bbox-2,bbox-3
1,310.8063806380638,904.6017601760176,293,889,331,922
2,535.4215314632297,1125.2971948445793,514,1105,558,1147
3,827.4995425434583,1089.911253430924,810,1070,847,1112
4,895.1444444444444,1246.7727272727273,874,1233,918,1264
5,957.8512396694215,383.6432506887052,943,367,973,402
