label,Centroid-0,Centroid-1,bbox-0,bbox-1,bbox-2,bbox-3
1,233.1032258064516,724.5629032258065,215,705,257,749
2,334.43243243243245,891.8762993762994,317,875,354,911
3,706.7544731610338,960.2097415506959,687,945,730,979
4,839.4304775280899,1337.818820224719,818,1317,862,1360
5,838.5,1029.8569482288829,825,1013,855,1047
6,863.8278278278278,512.064064064064,841,495,888,530
7,905.1057934508816,887.4517212426532,884,869,929,908
