label,Centroid-0,Centroid-1,bbox-0,bbox-1,bbox-2,bbox-3
1,102.98812785388128,1099.4712328767123,85,1081,124,1121
2,316.5244267198405,885.629112662014,295,869,340,904
3,534.9577819785759,1183.0693131695023,515,1154,554,1210
4,806.4703504043126,1003.1832884097036,788,992,826,1016
5,864.20783847981,518.8515439429929,844,507,886,532
6,1009.8792924037461,1373.3194588969823,993,1355,1030,1392
