label,Centroid-0,Centroid-1,bbox-0,bbox-1,bbox-2,bbox-3
1,330.63127413127415,898.0791505791506,315,879,350,921
2,574.6781954887218,821.7977443609022,555,802,598,844
3,865.787570621469,519.0983050847458,846,504,888,534
