label,Centroid-0,Centroid-1,bbox-0,bbox-1,bbox-2,bbox-3
1,332.1296296296296,916.3187830687831,316,899,350,934
2,536.2253363228699,1137.9181614349775,520,1120,553,1159
3,833.9018087855297,964.7054263565891,815,945,856,985
4,859.8723404255319,539.9753639417693,843,524,879,558
5,977.5376226826609,974.1461286804798,961,957,996,993
