label,Centroid-0,Centroid-1,bbox-0,bbox-1,bbox-2,bbox-3
1,44.92413793103448,789.7498432601881,23,763,69,816
2,308.689,878.452,291,861,329,898
3,606.4544431946007,226.46681664791902,591,206,623,247
