label,Centroid-0,Centroid-1,bbox-0,bbox-1,bbox-2,bbox-3
1,128.25858951175408,1169.2911392405063,112,1150,148,1191
2,254.67957405614715,634.3969022265247,239,615,273,657
3,334.3990291262136,894.4436893203883,317,878,355,914
4,778.8241245136187,908.8381322957198,758,889,803,931
5,843.692712906058,1032.079894644425,825,1014,865,1053
6,866.4434060228452,517.2689511941849,844,503,891,532
