label,Centroid-0,Centroid-1,bbox-0,bbox-1,bbox-2,bbox-3
1,283.9581881533101,749.1010452961673,263,730,306,769
2,321.7541191381496,13.043092522179975,306,0,341,31
3,568.9086757990867,1257.5555555555557,554,1243,585,1273
4,584.2108108108108,1055.5491891891893,567,1039,604,1076
5,631.3062310030396,1150.365501519757,611,1129,651,1176
6,763.1995589856671,1008.3914002205072,746,992,781,1025
7,903.5151315789474,744.9868421052631,881,724,926,767
8,997.1094147582697,199.58269720101782,981,185,1016,217
