label,Centroid-0,Centroid-1,bbox-0,bbox-1,bbox-2,bbox-3
1,259.45430809399477,767.3167972149695,245,741,275,795
2,581.1935828877006,72.38823529411765,565,55,601,93
3,590.6323024054983,1025.9885452462772,576,1005,605,1048
4,616.9305912596401,1130.459297343616,598,1112,640,1153
5,910.5,576.3525943396227,890,562,932,592
6,924.0989898989899,722.6161616161617,899,694,953,750
7,946.5298398835516,455.0858806404658,932,441,963,471
