label,Centroid-0,Centroid-1,bbox-0,bbox-1,bbox-2,bbox-3
1,233.93606393606393,287.7392607392607,216,271,255,308
2,325.6050338818974,729.4288480154888,304,712,349,749
3,716.2797427652733,1032.539389067524,697,1013,738,1055
4,786.7298787210584,1003.8621830209482,769,988,806,1022
5,930.443472409152,803.6177658142665,909,783,956,829
6,996.5354691075515,202.5308924485126,980,187,1016,221
