label,Centroid-0,Centroid-1,bbox-0,bbox-1,bbox-2,bbox-3
1,259.95290858725764,769.0193905817174,246,744,275,795
2,538.6506696428571,1012.8604910714286,524,991,553,1036
3,589.0436456996149,1024.4942233632862,576,1005,603,1045
4,866.9789356984479,568.7827050997782,850,552,885,588
5,910.9375,585.9570895522388,893,568,932,607
6,927.2050978067575,728.4439834024896,904,702,954,752
7,951.7010463378176,450.355754857997,938,436,968,466
