label,Centroid-0,Centroid-1,bbox-0,bbox-1,bbox-2,bbox-3
1,324.45934256055364,730.2984429065745,300,713,351,750
2,415.71398305084745,223.27754237288136,396,208,437,241
3,580.3230184581976,1269.1943539630836,555,1245,608,1296
4,620.163357400722,1163.8167870036102,602,1146,641,1184
5,724.0129496402877,1043.189928057554,710,1026,737,1061
6,790.8797687861272,1001.8601156069365,774,986,809,1019
7,890.2027491408935,610.5558419243986,872,591,910,632
8,919.0641646489104,767.0399515738499,903,753,939,784
9,996.8918918918919,201.72972972972974,980,186,1016,219
