label,Centroid-0,Centroid-1,bbox-0,bbox-1,bbox-2,bbox-3
1,259.58053097345135,766.9884955752212,246,741,275,794
2,518.2056574923547,983.9678899082569,497,965,541,1006
3,582.8071161048689,1026.1210986267165,562,1003,605,1050
4,606.7238723872388,1154.5236523652366,591,1137,625,1174
5,638.2394014962593,1060.7518703241894,618,1035,659,1087
6,655.8579285059578,1113.89825847846,638,1094,677,1135
7,890.7726838586437,548.8352435530086,862,523,921,572
8,933.0048154093098,737.3916532905297,913,718,954,758
