label,Centroid-0,Centroid-1,bbox-0,bbox-1,bbox-2,bbox-3
1,138.26716839134525,216.52022577610535,119,198,161,238
2,263.8160504959423,767.3020739404869,247,748,284,790
3,503.3175257731959,923.0192439862543,482,902,525,944
4,577.0715294117647,1015.5816470588235,542,992,607,1041
5,723.2952101661779,930.6422287390029,701,915,747,946
6,931.9377745241582,718.8133235724744,911,690,954,749
