label,Centroid-0,Centroid-1,bbox-0,bbox-1,bbox-2,bbox-3
1,281.3762287756926,750.2412868632708,261,731,303,770
2,318.5556858147714,13.806565064478312,302,0,339,32
3,583.3845303867404,1054.6110497237569,566,1038,602,1075
4,630.6521739130435,1147.8285024154588,610,1128,651,1170
5,757.5903890160183,1009.929061784897,741,994,776,1028
6,903.4020552344251,744.6506101477199,880,723,924,771
7,997.2453917050691,200.72926267281105,980,185,1017,218
