label,Centroid-0,Centroid-1,bbox-0,bbox-1,bbox-2,bbox-3
1,325.639,726.213,304,710,349,744
2,573.9261363636364,1068.9068181818182,555,1054,593,1085
3,903.8634984833164,806.7214357937311,871,788,940,828
4,996.3957816377172,203.16625310173697,980,188,1015,221
