label,Centroid-0,Centroid-1,bbox-0,bbox-1,bbox-2,bbox-3
1,596.4508126603935,1051.7450812660393,578,1032,617,1074
2,693.5448776065276,991.2085222121486,675,972,712,1013
3,758.4455445544554,1243.1287128712872,744,1230,774,1258
4,889.3605442176871,1339.455782312925,871,1322,909,1359
