label,Centroid-0,Centroid-1,bbox-0,bbox-1,bbox-2,bbox-3
1,258.5146898803047,770.6158868335147,245,750,273,793
2,461.0123384253819,1373.4594594594594,433,1349,486,1392
3,531.8914634146341,1129.4646341463415,516,1114,550,1148
4,558.961057023644,989.5006954102921,542,976,578,1003
5,949.3172161172162,719.8139194139194,932,697,969,748
