label,Centroid-0,Centroid-1,bbox-0,bbox-1,bbox-2,bbox-3
1,134.29706601466992,209.24694376528117,116,195,155,226
2,262.93188010899183,767.4450499545867,246,749,283,791
3,587.4170748775367,1019.0636808957313,569,994,608,1048
4,720.1769841269842,933.1904761904761,698,916,745,952
5,928.3238199780461,723.0751920965971,901,697,957,752
