label,Centroid-0,Centroid-1,bbox-0,bbox-1,bbox-2,bbox-3
1,220.91312559017942,969.1397544853636,203,951,241,990
2,259.3531499556344,769.7666370896185,246,744,273,797
3,576.5435582822086,996.2319018404908,557,982,597,1012
4,686.0784410458806,1173.4607794770598,656,1149,719,1200
5,842.8757850662945,699.8653175157013,822,679,868,723
6,884.1009003415088,622.8193107730518,841,580,921,663
7,949.419689119171,722.6516983304548,929,694,972,751
8,950.9423076923077,584.5727424749164,930,566,975,606
9,965.8196443691787,998.1566469093988,949,977,986,1023
