label,Centroid-0,Centroid-1,bbox-0,bbox-1,bbox-2,bbox-3
1,326.6093155893536,727.5142585551331,304,711,351,746
2,572.2841666666667,1072.925,551,1056,598,1095
3,695.5601895734598,152.91090047393365,677,135,717,174
4,894.583065380493,805.3804930332261,864,787,930,826
5,965.6985294117648,972.0985294117647,951,957,981,988
6,997.1531413612565,202.7133507853403,982,188,1015,220
