label,Centroid-0,Centroid-1,bbox-0,bbox-1,bbox-2,bbox-3
1,321.07365145228215,727.5259336099585,300,712,344,745
2,573.9833887043189,1069.0498338870432,555,1054,594,1086
3,908.1947194719472,807.5676567656766,877,790,943,829
4,995.9517647058824,202.9329411764706,979,187,1015,221
