label,Centroid-0,Centroid-1,bbox-0,bbox-1,bbox-2,bbox-3
1,258.9926605504587,766.2220183486238,246,741,274,792
2,581.4284841075795,1025.4486552567237,559,1003,605,1049
3,604.4077669902913,1157.8942826321468,588,1140,623,1177
4,891.6605374823197,544.6746817538897,876,531,909,561
5,931.0,725.7683706070287,912,706,952,747
6,975.1520618556701,1306.4415807560138,955,1287,997,1327
