label,Centroid-0,Centroid-1,bbox-0,bbox-1,bbox-2,bbox-3
1,260.64343163538877,768.6773905272565,247,742,277,796
2,558.6741721854305,1024.9933774834437,542,1008,575,1042
3,594.4384816753927,1015.5274869109948,579,1000,611,1032
4,908.1928414901388,751.4587289992695,886,731,932,774
5,932.9393203883495,719.084142394822,912,693,954,747
