label,Centroid-0,Centroid-1,bbox-0,bbox-1,bbox-2,bbox-3
1,18.32126696832579,465.87669683257917,3,449,37,486
2,323.97076023391816,725.7475633528265,302,710,348,744
3,572.0273851590106,1070.9690812720848,551,1055,596,1091
4,908.4514563106796,806.4363538295577,877,789,944,827
5,996.0669240669241,201.01287001287002,981,186,1014,219
