label,Centroid-0,Centroid-1,bbox-0,bbox-1,bbox-2,bbox-3
1,314.89544235924933,731.4226988382484,290,715,342,750
2,396.9711141678129,1285.6863823933975,382,1271,414,1303
3,571.7506193228736,1073.2691990090834,551,1057,597,1095
4,698.3268398268398,152.03030303030303,682,134,718,173
5,905.1095666394112,802.579721995094,877,790,934,817
6,965.0998389694042,972.3945249597424,951,958,979,987
7,976.4295874822191,1380.2048364153627,958,1367,995,1392
8,994.8734491315137,203.4181141439206,979,188,1013,221
