label,Centroid-0,Centroid-1,bbox-0,bbox-1,bbox-2,bbox-3
1,263.8810572687225,768.4977973568282,247,749,284,792
2,314.606993006993,355.06433566433566,297,342,333,370
3,631.6908939014202,1107.6165413533834,609,1086,655,1130
4,640.7839088643645,1034.7347810608758,611,1004,680,1075
5,763.1233407079646,1241.217367256637,738,1218,788,1266
6,928.733368532207,709.5718057022175,905,678,953,736
7,947.5264797507788,1095.2056074766356,933,1082,963,1110
8,994.4466084620551,597.0235057085292,974,574,1017,622
