label,Centroid-0,Centroid-1,bbox-0,bbox-1,bbox-2,bbox-3
1,269.2327044025157,758.832884097035,250,741,292,781
2,717.089605734767,1010.3942652329749,698,992,738,1029
3,911.6430903155604,736.8683351468989,900,714,925,761
