label,Centroid-0,Centroid-1,bbox-0,bbox-1,bbox-2,bbox-3
1,101.06238361266294,1065.1275605214153,84,1047,121,1086
2,258.5405887600357,769.8198037466548,245,744,272,797
3,410.7084078711986,909.4603458556946,392,873,427,944
4,783.9947414548642,1014.2427695004382,766,997,805,1034
5,842.7339945897205,696.0550045085663,824,678,864,716
6,838.5029411764706,1169.0102941176472,825,1153,854,1185
7,949.1450079239303,720.0007923930269,933,697,968,746
8,964.9592391304348,790.143115942029,944,773,986,810
