label,Centroid-0,Centroid-1,bbox-0,bbox-1,bbox-2,bbox-3
1,263.4431818181818,770.9161931818181,246,748,285,797
2,692.5898942420681,1168.885428907168,661,1148,721,1190
3,763.2645074224022,1023.9068825910931,745,1011,782,1038
4,848.6959517657192,641.328165374677,830,622,872,664
5,867.6854884246188,177.2970073404856,844,153,894,204
6,897.775,617.4166666666666,877,595,922,643
7,951.607501320655,730.4886423666138,928,703,977,759
8,967.3280961182994,1003.9121996303143,948,982,986,1026
9,1012.3626834381552,717.0786163522013,999,694,1028,742
