label,Centroid-0,Centroid-1,bbox-0,bbox-1,bbox-2,bbox-3
1,263.4246935201401,768.4141856392295,247,749,283,792
2,640.5420118343195,1038.5692307692307,609,1003,674,1076
3,632.1973898858075,1107.310766721044,609,1085,656,1130
4,762.785431959345,1239.085827216262,738,1216,787,1263
5,929.027397260274,709.740779768177,904,679,954,736
6,947.3468118195957,1095.1213063763607,933,1082,963,1110
7,994.1167213114754,595.2983606557377,974,572,1016,621
