label,Centroid-0,Centroid-1,bbox-0,bbox-1,bbox-2,bbox-3
1,260.4572727272727,768.9254545454545,247,743,276,796
2,577.9959246051961,1014.4880285277636,543,985,607,1042
3,715.3965517241379,930.4772727272727,693,914,740,950
4,908.8434414668548,749.3575458392102,887,729,934,773
5,933.2665130568356,721.6935483870968,911,695,956,750
