label,Centroid-0,Centroid-1,bbox-0,bbox-1,bbox-2,bbox-3
1,264.00890207715133,769.1305637982196,246,752,285,789
2,584.5022601707684,1036.7870416875942,558,1013,609,1069
3,708.83786316776,1006.43580131209,691,988,729,1024
4,738.5737351991388,167.3616792249731,721,149,758,187
5,757.2122186495177,1239.74115755627,742,1227,773,1253
6,983.3491436100131,1326.395256916996,968,1311,1000,1343
