label,Centroid-0,Centroid-1,bbox-0,bbox-1,bbox-2,bbox-3
1,201.3590772316951,276.7642928786359,183,259,223,298
2,259.1254826254826,769.6303088803089,246,746,273,795
3,409.72901678657075,931.6067146282974,389,911,433,955
4,603.0086455331412,988.9438040345822,588,973,619,1006
5,786.6690450054884,1018.7832052689353,765,990,809,1048
6,834.997920997921,1176.1198891198892,814,1154,858,1200
7,847.283880171184,647.0142653352353,833,631,862,665
8,952.4371428571428,723.5342857142857,935,700,972,750
9,966.8550185873606,798.9762081784387,949,777,988,823
