label,Centroid-0,Centroid-1,bbox-0,bbox-1,bbox-2,bbox-3
1,600.295010845987,1050.3232104121475,584,1033,619,1070
2,661.9360189573459,996.4845971563981,646,980,680,1014
3,891.4967105263158,1337.579769736842,871,1317,912,1360
4,957.6048109965636,693.2038946162658,939,676,978,711
