label,Centroid-0,Centroid-1,bbox-0,bbox-1,bbox-2,bbox-3
1,260.2489120974761,767.6257615317668,246,741,276,795
2,583.4154852780807,68.4525627044711,566,51,603,88
3,591.4366359447005,1026.6658986175116,577,1006,606,1049
4,620.8844594594594,1123.410135135135,599,1102,645,1147
5,910.9483146067415,576.1910112359551,890,562,933,592
6,923.1870681145114,720.9067127344521,897,691,953,749
7,947.8820895522388,455.089552238806,934,441,964,471
