label,Centroid-0,Centroid-1,bbox-0,bbox-1,bbox-2,bbox-3
1,16.58513931888545,795.3209494324045,1,776,34,817
2,139.78346456692913,216.46358267716536,121,199,162,238
3,263.9848484848485,768.0785984848485,248,750,284,790
4,502.8587962962963,925.2129629629629,485,909,521,943
5,565.8047585724282,1011.3016095171448,540,987,590,1035
6,930.5396941005098,716.3241077931536,910,687,952,747
