label,Centroid-0,Centroid-1,bbox-0,bbox-1,bbox-2,bbox-3
1,269.9539295392954,759.10027100271,251,741,292,781
2,719.0,1012.8523622047244,700,996,740,1029
3,912.1829787234043,736.5808510638298,900,713,925,761
