label,Centroid-0,Centroid-1,bbox-0,bbox-1,bbox-2,bbox-3
1,260.38908450704224,767.9278169014085,246,742,276,795
2,591.3433179723502,1026.634792626728,577,1006,606,1049
3,911.2774566473988,577.8277456647398,891,564,933,594
4,923.1036554832249,721.9779669504256,897,692,952,750
5,949.0278184480235,454.0351390922401,935,439,965,470
