label,Centroid-0,Centroid-1,bbox-0,bbox-1,bbox-2,bbox-3
1,57.267087276550996,111.20925341745532,40,95,79,131
2,104.23203026481715,126.96595208070617,87,113,124,143
3,258.79162410623087,771.1807967313586,245,749,273,795
4,952.4716417910448,721.5686567164179,935,699,974,748
