label,Centroid-0,Centroid-1,bbox-0,bbox-1,bbox-2,bbox-3
1,37.524570024570025,596.529484029484,19,583,58,611
2,264.64684014869886,770.5901486988847,247,753,285,792
3,315.26218323586744,358.35769980506825,295,344,339,376
4,631.252408477842,1018.1926782273603,587,989,675,1055
5,740.9162303664922,1254.3486910994764,721,1239,763,1271
6,888.5365239294711,624.051637279597,854,593,924,657
7,935.0265193370166,725.7121546961326,911,699,961,750
