label,Centroid-0,Centroid-1,bbox-0,bbox-1,bbox-2,bbox-3
1,259.36872586872585,768.3638996138997,246,744,274,794
2,559.2463235294117,1026.2916666666667,544,1009,576,1045
3,618.2100840336135,1116.0406162464985,601,1102,636,1131
4,622.3427931292009,1049.758775205377,602,1029,645,1074
5,931.2685774946922,726.453821656051,905,698,958,753
