label,Centroid-0,Centroid-1,bbox-0,bbox-1,bbox-2,bbox-3
1,229.87061994609164,285.2789757412399,218,267,242,305
2,326.3113382899628,728.949814126394,304,711,351,749
3,715.7125,1036.33984375,696,1016,737,1059
4,770.8945005611672,978.7620650953984,754,963,790,997
5,929.5131215469613,802.4530386740331,908,784,956,826
6,996.2568697729988,201.805256869773,980,186,1015,220
