label,Centroid-0,Centroid-1,bbox-0,bbox-1,bbox-2,bbox-3
1,118.06320907617504,1268.9748784440842,98,1249,140,1291
2,258.2568981921979,769.2749762131303,245,745,272,795
3,320.28073234524845,280.0706190061029,298,264,344,299
4,534.8548148148149,997.882962962963,521,982,549,1015
5,596.8028350515464,1176.3118556701031,582,1161,615,1194
6,658.7845583277141,1146.3452461227241,625,1113,698,1187
7,945.8154425612053,723.4532328939108,926,698,969,752
