label,Centroid-0,Centroid-1,bbox-0,bbox-1,bbox-2,bbox-3
1,257.715667311412,769.3752417794971,245,746,273,794
2,303.0457018498368,285.70348204570183,266,266,343,307
3,300.0059880239521,1085.9632164242942,278,1070,323,1106
4,409.98533333333336,28.752,395,14,428,46
5,534.5641330166271,999.1009501187649,519,981,550,1019
6,652.5226130653266,1140.6633165829146,627,1117,681,1168
7,735.5420560747664,1261.2928348909657,721,1247,751,1277
8,827.1581881533101,1272.0606271777003,804,1251,852,1296
9,945.7156368221943,721.1929382093316,927,695,966,751
