label,Centroid-0,Centroid-1,bbox-0,bbox-1,bbox-2,bbox-3
1,273.72393247269116,757.656405163853,257,740,294,779
2,628.7877966101695,1140.7918644067797,607,1119,651,1164
3,746.6210526315789,1011.0684210526316,729,994,765,1028
4,911.0298879202988,738.6363636363636,899,719,924,760
5,997.5354141656662,199.97238895558223,980,185,1017,217
