label,Centroid-0,Centroid-1,bbox-0,bbox-1,bbox-2,bbox-3
1,40.173421300659754,1133.807728557964,21,1117,61,1154
2,263.56469002695417,771.1725067385445,246,747,284,798
3,411.46011904761906,910.6166666666667,393,874,428,945
4,786.1585298957762,1018.996708721887,765,989,809,1049
5,838.3286713286714,1170.4293706293706,824,1154,854,1187
6,843.7877192982456,696.2736842105263,825,678,865,717
7,950.2428571428571,721.0984126984127,934,698,969,747
8,964.6189555125725,788.9645390070922,943,766,988,814
