label,Centroid-0,Centroid-1,bbox-0,bbox-1,bbox-2,bbox-3
1,260.61296296296297,768.5768518518519,247,743,276,795
2,574.3825321597833,1017.6371022342586,544,996,605,1041
3,714.8547854785479,929.796204620462,694,913,738,950
4,927.7360537190083,723.3223140495868,901,696,957,752
