label,Centroid-0,Centroid-1,bbox-0,bbox-1,bbox-2,bbox-3
1,78.50355329949238,412.83959390862947,60,396,99,432
2,225.9417670682731,346.02710843373495,206,328,248,366
3,257.9137554585153,769.1146288209607,245,748,272,792
4,466.00130890052355,947.1125654450262,449,931,483,963
5,538.0503261882573,997.5908667287978,521,979,558,1020
6,584.2184249628529,947.611441307578,563,928,609,969
7,737.6109873793615,1277.2657757980699,714,1260,764,1296
8,947.1829140461216,726.8228511530398,926,697,969,757
