label,Centroid-0,Centroid-1,bbox-0,bbox-1,bbox-2,bbox-3
1,23.92025664527956,732.7250229147571,4,717,46,751
2,106.43720379146919,129.4277251184834,88,115,127,145
3,258.93715545755236,773.425578831312,246,753,273,796
4,466.10886075949367,1365.7278481012659,450,1348,483,1385
5,572.740192926045,995.3511254019293,543,972,603,1020
6,948.2994112699747,722.1278385197645,933,698,964,749
