label,Centroid-0,Centroid-1,bbox-0,bbox-1,bbox-2,bbox-3
1,261.10443349753695,769.120197044335,248,745,276,794
2,585.9698630136986,1018.3657534246576,574,1000,599,1038
3,609.7184154175588,1124.7922912205568,589,1106,631,1144
4,864.888,569.4066666666666,848,555,884,586
5,915.3015479876161,349.1814241486068,891,327,942,374
6,932.8027597402597,715.2483766233767,914,688,952,744
7,954.7798449612403,445.97364341085273,941,432,971,461
