label,Centroid-0,Centroid-1,bbox-0,bbox-1,bbox-2,bbox-3
1,16.130193905817176,466.68559556786704,2,451,33,485
2,320.65668662674653,728.9251497005988,299,713,344,747
3,342.8937931034483,444.23172413793105,328,429,360,461
4,572.2572254335261,1067.3526011560693,556,1053,589,1082
5,677.9738372093024,26.348837209302324,658,11,701,45
6,942.8029556650247,799.5197044334975,923,785,963,816
7,996.8967517401392,202.830626450116,980,187,1016,221
