label,Centroid-0,Centroid-1,bbox-0,bbox-1,bbox-2,bbox-3
1,197.96376811594203,285.39565217391305,183,271,215,302
2,320.6266531027467,728.5350966429298,299,712,343,746
3,572.1662198391421,1067.033512064343,555,1052,590,1083
4,677.3956611570248,27.675619834710744,660,11,698,47
5,937.5636716224951,804.4634776987718,915,783,964,829
6,996.088200238379,202.0917759237187,980,187,1015,220
