label,Centroid-0,Centroid-1,bbox-0,bbox-1,bbox-2,bbox-3
1,264.6820512820513,764.7418803418803,246,745,286,788
2,584.5581655480985,1036.9787472035794,559,1014,607,1066
3,709.4539400665926,1004.315205327414,693,988,728,1023
4,737.953095684803,170.17260787992495,721,150,758,193
5,986.7679033649698,1327.8757549611735,966,1311,1010,1346
