label,Centroid-0,Centroid-1,bbox-0,bbox-1,bbox-2,bbox-3
1,258.50880829015546,1046.1295336787564,245,1025,273,1069
2,358.6335167160389,1178.1489631823952,334,1143,393,1211
3,464.5222929936306,1198.9200283085634,442,1180,491,1220
4,588.0846484935438,1340.961262553802,573,1326,604,1356
5,846.4797385620915,1122.7398692810457,831,1108,863,1139
6,964.5577264653641,847.974245115453,938,834,992,863
