label,Centroid-0,Centroid-1,bbox-0,bbox-1,bbox-2,bbox-3
1,437.2055555555556,1192.8674603174604,417,1173,460,1215
2,753.6212962962964,741.5185185185185,735,724,775,761
