label,Centroid-0,Centroid-1,bbox-0,bbox-1,bbox-2,bbox-3
1,413.62085976039464,1078.6828752642707,393,1056,437,1101
2,432.9865092748735,275.47976391231026,413,256,457,298
3,440.638731596829,1204.690826727067,424,1189,459,1223
