label,Centroid-0,Centroid-1,bbox-0,bbox-1,bbox-2,bbox-3
1,48.65340909090909,1193.7352272727273,34,1176,66,1214
2,330.64359861591697,1182.1712802768166,312,1165,353,1203
3,401.2402280130293,1044.5252442996743,382,1025,423,1067
4,436.9538679914833,1199.6628814762244,417,1175,460,1223
5,471.3623931623932,1371.6811965811967,453,1352,490,1392
6,776.3067331670823,694.3890274314215,755,677,799,714
