label,Centroid-0,Centroid-1,bbox-0,bbox-1,bbox-2,bbox-3
1,155.25796661608499,262.5660091047041,141,247,170,279
2,290.3046875,1292.416294642857,277,1272,305,1314
3,452.97805343511453,1175.868320610687,435,1159,473,1194
4,621.3133253301321,507.33493397358944,607,487,637,528
