label,Centroid-0,Centroid-1,bbox-0,bbox-1,bbox-2,bbox-3
1,222.1917808219178,1234.841095890411,205,1220,241,1250
2,259.86935638808836,1044.7050912584054,244,1024,278,1066
3,377.78971255673224,1199.627836611195,363,1186,394,1215
4,462.3696682464455,1202.7588204318063,438,1175,488,1232
5,466.65354330708664,242.01870078740157,449,222,487,264
6,528.1960950764006,386.9864176570458,509,368,550,408
7,813.2456935630099,1377.1069809610153,792,1360,836,1392
8,818.8957006369427,325.9012738853503,799,307,842,348
9,966.5229166666667,847.715625,944,833,990,863
