label,Centroid-0,Centroid-1,bbox-0,bbox-1,bbox-2,bbox-3
1,152.68005018820577,286.1028858218319,133,274,173,299
2,435.6232558139535,1182.7209302325582,418,1162,458,1208
3,638.3374655647383,1059.01652892562,623,1043,655,1076
4,661.3528235882059,870.9890054972514,635,844,688,902
5,736.8179566563467,964.8210526315789,715,941,759,990
