label,Centroid-0,Centroid-1,bbox-0,bbox-1,bbox-2,bbox-3
1,430.91799265605874,1064.3831089351286,413,1048,450,1082
2,441.1805183199285,1203.6881143878463,422,1187,463,1223
3,596.1925423728813,823.4935593220339,575,801,618,848
4,692.3901098901099,801.2060439560439,663,786,720,822
5,816.525296689569,840.8813241723923,793,819,839,866
