label,Centroid-0,Centroid-1,bbox-0,bbox-1,bbox-2,bbox-3
1,71.34605597964376,283.7964376590331,56,269,90,302
2,226.36336779911375,1247.3958641063516,210,1234,242,1263
3,240.6194111232279,1314.2846237731733,220,1297,260,1331
4,260.99311701081615,1049.4139626352016,244,1030,279,1070
5,448.49545454545455,1129.8511363636364,435,1109,463,1152
6,456.42147117296224,1197.6805831676606,435,1175,480,1221
7,738.2593961799138,859.1404805914972,718,831,759,889
8,811.6228260869565,1377.7260869565218,794,1361,831,1392
9,965.9954545454545,847.6909090909091,945,833,988,863
