label,Centroid-0,Centroid-1,bbox-0,bbox-1,bbox-2,bbox-3
1,151.8601092896175,265.14207650273227,136,246,170,287
2,170.32781954887218,1269.7218045112782,157,1254,185,1287
3,226.63757575757575,503.8690909090909,209,490,247,519
4,482.17619047619047,1138.247619047619,464,1121,502,1157
5,620.4319852941177,503.42371323529414,602,485,643,525
6,639.4149377593361,878.6058091286307,625,864,656,896
7,681.5033816425121,898.4173913043478,656,886,708,912
8,805.4486434108527,678.609496124031,785,663,827,695
9,876.8582857142857,885.3737142857143,855,860,899,913
