label,Centroid-0,Centroid-1,bbox-0,bbox-1,bbox-2,bbox-3
1,152.05421686746988,264.06265060240963,138,245,167,284
2,220.14375,502.84,205,487,238,521
3,465.5121951219512,1162.5121951219512,447,1146,485,1180
4,779.0375722543353,686.2109826589596,761,669,799,705
5,801.2239221140472,1272.0528511821974,786,1256,818,1289
6,828.048492791612,439.87680209698556,815,423,843,459
7,876.6492471213463,878.0956598759965,856,859,895,902
