label,Centroid-0,Centroid-1,bbox-0,bbox-1,bbox-2,bbox-3
1,111.90140845070422,1226.8104993597951,97,1210,129,1246
2,260.74315391879134,1046.8564683663833,245,1026,279,1068
3,467.17176764522173,1197.3472829481575,442,1178,494,1219
4,481.3229461756374,249.19121813031163,466,233,498,265
5,532.258776328987,403.96690070210633,516,385,552,426
6,814.6090686274509,335.2279411764706,801,318,831,355
7,816.7636363636364,1381.3355371900827,801,1369,835,1392
8,847.0998902305159,1122.6212952799121,830,1106,866,1142
9,965.9531737773153,848.1394380853278,943,834,990,863
