label,Centroid-0,Centroid-1,bbox-0,bbox-1,bbox-2,bbox-3
1,183.8001651527663,1047.2196531791908,165,1027,206,1071
2,201.81070366699703,244.90981169474728,182,229,224,262
3,438.2650709219858,1185.9202127659576,420,1166,457,1205
4,642.3555849306015,574.3502974223397,622,552,665,599
5,665.0824175824176,873.0689310689311,638,844,693,901
