label,Centroid-0,Centroid-1,bbox-0,bbox-1,bbox-2,bbox-3
1,151.2761276127613,266.58415841584156,136,247,168,288
2,479.4934010152284,1145.902538071066,462,1129,499,1164
3,679.6433063791554,898.7142857142857,652,887,708,912
4,802.4569640062598,681.093896713615,782,662,825,702
5,876.12,884.2275,855,860,898,909
