label,Centroid-0,Centroid-1,bbox-0,bbox-1,bbox-2,bbox-3
1,437.8787185354691,1179.1618993135012,414,1158,465,1203
2,550.4510769230769,987.7218461538462,526,968,574,1009
3,646.6438848920864,1063.864748201439,625,1041,670,1087
4,662.9809096013475,869.3391353172375,638,845,693,896
5,736.3491666666666,965.7983333333333,717,947,758,987
6,767.6150793650794,697.0330687830688,749,684,787,711
