label,Centroid-0,Centroid-1,bbox-0,bbox-1,bbox-2,bbox-3
1,65.33267909715407,282.40824337585866,46,267,88,300
2,115.67948717948718,690.4216524216524,103,674,131,709
3,156.9179869524697,373.3112767940354,139,353,178,396
4,226.67682363804246,1240.8698060941829,209,1223,247,1261
5,237.02787456445992,1315.9268292682927,221,1298,254,1335
6,263.63532763532766,1053.159544159544,247,1032,280,1074
7,450.112968591692,1200.2684903748734,427,1173,475,1231
8,737.013903192585,860.3264675592173,713,832,760,893
9,962.0592503022974,845.4461910519951,943,830,983,861
