label,Centroid-0,Centroid-1,bbox-0,bbox-1,bbox-2,bbox-3
1,224.57427258805512,1317.0382848392037,203,1300,251,1339
2,223.07187112763322,1232.189591078067,204,1219,243,1245
3,266.4592314901593,1054.7619493908153,249,1035,285,1076
4,427.1325818572195,1208.0933977455716,389,1184,462,1230
5,572.0210843373494,912.8102409638554,558,898,587,929
6,748.993281075028,863.1690929451288,734,842,766,883
7,932.4089327146172,1274.8602088167054,908,1254,959,1298
8,1026.3754266211604,1380.844709897611,1011,1369,1040,1392
