label,Centroid-0,Centroid-1,bbox-0,bbox-1,bbox-2,bbox-3
1,159.05168986083498,451.227634194831,141,434,181,472
2,431.1133567662566,1162.530755711775,412,1145,452,1182
