label,Centroid-0,Centroid-1,bbox-0,bbox-1,bbox-2,bbox-3
1,177.255880256593,1308.568781183179,154,1291,203,1328
2,355.8491847826087,1067.8858695652175,342,1052,372,1085
3,439.10630407911003,1193.250309023486,416,1171,465,1221
4,598.4525357607282,881.2158647594279,584,863,614,900
5,636.0961392884178,1031.1809235427706,616,1012,659,1054
6,925.6302201974183,825.1473044798785,905,806,949,846
