label,Centroid-0,Centroid-1,bbox-0,bbox-1,bbox-2,bbox-3
1,46.62056737588652,1352.8289007092199,27,1334,70,1373
2,151.93650793650792,265.14285714285717,138,246,167,286
3,221.7465940054496,504.8923705722071,207,490,238,522
4,464.7273612463486,1153.891918208374,447,1136,484,1174
5,650.9914893617022,893.4014184397163,638,876,666,911
6,794.0898100172711,676.1234887737478,773,659,818,695
7,875.1829896907217,883.5811855670103,854,860,897,908
8,883.6363636363636,498.77161862527714,867,483,903,517
