label,Centroid-0,Centroid-1,bbox-0,bbox-1,bbox-2,bbox-3
1,433.3914623069936,276.28610354223434,414,259,456,297
2,442.6754716981132,1204.5367924528302,424,1187,463,1224
3,858.1209486166008,860.3328063241107,834,844,883,878
