label,Centroid-0,Centroid-1,bbox-0,bbox-1,bbox-2,bbox-3
1,46.82206035379813,1190.8064516129032,30,1175,66,1211
2,252.7196048632219,1288.5463525835867,230,1267,276,1312
3,328.46347607052894,1186.1570109151974,309,1168,351,1208
4,402.9091564527758,1044.4945926459986,380,1024,427,1067
5,443.17363851617995,1211.9818468823994,424,1193,464,1234
6,472.4679841897233,1364.99604743083,454,1345,493,1388
7,777.0028328611897,696.5986779981114,758,680,799,716
