label,Centroid-0,Centroid-1,bbox-0,bbox-1,bbox-2,bbox-3
1,436.0900826446281,1180.19173553719,417,1161,457,1201
2,641.2526766595289,1069.5867237687366,616,1044,668,1097
3,656.6772247360483,492.74811463046757,642,477,672,509
4,753.3835319609967,774.6457204767064,737,756,771,795
5,893.4353741496599,1006.13529856387,868,989,922,1022
