label,Centroid-0,Centroid-1,bbox-0,bbox-1,bbox-2,bbox-3
1,152.78553299492387,264.13578680203045,138,247,169,283
2,211.32774049217002,490.8333333333333,196,473,230,511
3,448.7301905717151,1178.6359077231696,431,1162,469,1198
4,623.8526570048309,507.56038647342996,608,490,638,528
5,659.3395,859.6325,635,829,682,897
6,723.1898115840893,1109.725750174459,703,1089,746,1131
