label,Centroid-0,Centroid-1,bbox-0,bbox-1,bbox-2,bbox-3
1,154.41448382126347,264.1587057010786,140,249,169,280
2,450.1883656509695,1178.3397968605725,433,1159,469,1199
3,621.875157629256,508.45271122320304,608,489,638,528
