label,Centroid-0,Centroid-1,bbox-0,bbox-1,bbox-2,bbox-3
1,155.21189024390245,263.3993902439024,141,248,170,280
2,296.6793002915452,1296.5422740524782,280,1278,316,1317
3,453.82782101167317,1177.7412451361868,437,1160,473,1198
4,622.1820151679307,506.4626218851571,607,486,641,526
