label,Centroid-0,Centroid-1,bbox-0,bbox-1,bbox-2,bbox-3
1,374.83088235294116,1071.7444852941176,351,1057,400,1087
2,438.8,1195.8646288209607,418,1180,461,1215
3,654.2797101449275,832.5753623188406,640,817,670,848
4,679.9042879019908,642.8667687595712,660,622,702,665
5,712.355504587156,495.9954128440367,697,478,730,517
6,749.0848484848485,1293.6606060606061,730,1275,770,1315
7,769.3359375,995.6484375,753,979,788,1014
