label,Centroid-0,Centroid-1,bbox-0,bbox-1,bbox-2,bbox-3
1,438.0811059907834,1189.2294930875576,420,1170,457,1209
2,604.5490936555891,492.01963746223566,587,470,624,516
3,643.9464516129033,1064.9967741935484,617,1042,670,1087
4,756.1133858267716,768.692125984252,736,749,777,789
5,894.2945544554456,1009.3811881188119,875,997,914,1024
