label,Centroid-0,Centroid-1,bbox-0,bbox-1,bbox-2,bbox-3
1,371.3447905477981,1077.3834586466166,354,1061,391,1096
2,433.7349468713105,1195.6924439197167,413,1172,460,1222
3,551.4752851711027,481.382762991128,534,467,571,498
4,590.7416666666667,469.92857142857144,576,451,608,490
5,652.4884792626729,1342.0901909150757,629,1322,677,1364
6,776.0452517527087,1304.0146590184831,757,1281,798,1330
7,783.1303225806452,1005.443870967742,766,990,800,1023
8,817.129829984544,1021.9768160741886,802,1008,834,1035
9,1024.651746724891,296.9912663755459,1009,276,1040,319
