label,Centroid-0,Centroid-1,bbox-0,bbox-1,bbox-2,bbox-3
1,156.7323135755258,451.34608030592733,138,434,179,472
2,431.2888888888889,1170.87969348659,412,1149,453,1196
