label,Centroid-0,Centroid-1,bbox-0,bbox-1,bbox-2,bbox-3
1,50.094927536231886,143.1550724637681,30,116,72,172
2,145.9904912836767,983.9350237717908,125,966,169,1004
3,439.73220640569394,1193.0222419928825,423,1173,460,1214
4,990.5215189873418,629.7324894514768,971,612,1014,651
