label,Centroid-0,Centroid-1,bbox-0,bbox-1,bbox-2,bbox-3
1,152.33964365256125,265.24387527839644,137,246,170,287
2,473.6824644549763,1153.0218009478674,456,1136,493,1173
3,621.0968122786304,204.4923258559622,605,189,640,222
4,658.2645128722867,891.6168601716305,623,867,701,911
5,801.7914735866543,678.6126042632067,779,663,824,696
6,836.5160349854227,437.68513119533526,821,424,853,452
7,875.7,883.9929936305732,854,860,898,909
