label,Centroid-0,Centroid-1,bbox-0,bbox-1,bbox-2,bbox-3
1,51.8822695035461,1172.181560283688,36,1158,69,1187
2,412.00562983814217,1085.4433497536945,390,1062,435,1108
3,441.0789220404235,1202.507218479307,423,1185,461,1221
4,867.4445200816882,861.4513274336283,844,841,891,883
5,880.1539682539683,1202.1412698412698,866,1187,894,1217
6,1030.4347826086957,982.2023988005997,1019,962,1040,1002
