label,Centroid-0,Centroid-1,bbox-0,bbox-1,bbox-2,bbox-3
1,224.82751091703057,1235.6768558951965,204,1219,247,1253
2,228.09613869188337,203.73758865248226,208,182,251,227
3,259.38955823293173,1043.6184738955824,243,1024,278,1064
4,269.52741228070175,1190.2850877192982,253,1174,290,1211
5,460.43450815360336,1202.6570226196739,435,1176,486,1232
6,529.2220408163265,385.77714285714285,510,366,551,407
7,815.7404520654716,1377.3094310210445,792,1359,842,1392
8,819.0758965804837,324.3144286905755,799,306,842,346
9,968.9213114754099,847.8885245901639,947,834,992,863
