label,Centroid-0,Centroid-1,bbox-0,bbox-1,bbox-2,bbox-3
1,111.38874680306905,1228.3312020460357,97,1211,128,1248
2,260.0450191570881,1046.2030651340997,243,1026,278,1066
3,381.49775280898876,1199.91797752809,360,1188,404,1213
4,465.37283398546674,1194.5449972051426,439,1173,493,1217
5,471.3004807692308,247.00240384615384,450,228,495,266
6,533.6897435897436,404.41282051282053,514,386,556,425
7,816.2912442396313,338.184331797235,802,314,833,363
8,846.8219326818676,1121.9956568946798,830,1105,866,1141
9,964.7340980187696,847.8821689259645,942,833,988,863
