label,Centroid-0,Centroid-1,bbox-0,bbox-1,bbox-2,bbox-3
1,362.8281110116383,1073.9758281110117,344,1057,384,1094
2,439.90030211480365,1194.2894259818731,417,1174,468,1221
3,641.4424588992138,1030.892065761258,620,1011,665,1053
