label,Centroid-0,Centroid-1,bbox-0,bbox-1,bbox-2,bbox-3
1,50.45652173913044,143.8608695652174,26,117,78,175
2,146.66540212443095,985.0007587253414,125,966,171,1005
3,440.6813819577735,1194.5767754318617,424,1176,460,1214
4,992.1946768060836,629.4745247148289,971,610,1017,652
