label,Centroid-0,Centroid-1,bbox-0,bbox-1,bbox-2,bbox-3
1,126.25990099009901,1247.2326732673268,111,1231,143,1266
2,155.73003033367038,266.04347826086956,138,248,177,287
3,228.29418604651164,503.3,213,487,246,522
4,454.41382868937046,1146.921568627451,437,1130,474,1166
5,620.1424957841484,504.63153456998316,601,486,643,526
6,619.5977121067683,590.159199237369,601,572,639,609
7,684.9112050739958,891.46229739253,659,874,712,911
8,808.4584717607974,681.9883720930233,789,663,830,700
9,878.7638146167558,894.7549019607843,858,873,898,916
