label,Centroid-0,Centroid-1,bbox-0,bbox-1,bbox-2,bbox-3
1,364.39071566731144,1079.9758220502902,348,1062,385,1102
2,430.15341959334563,1192.9805914972274,413,1174,450,1213
3,569.0595375722544,475.4520231213873,535,457,603,497
4,655.8137317228226,1344.6706929434201,630,1325,682,1366
5,767.5808510638298,1306.0691489361702,753,1285,784,1328
6,818.708722741433,1021.2336448598131,804,1007,835,1035
7,1023.5979843225084,298.47256438969765,1007,278,1040,320
