label,Centroid-0,Centroid-1,bbox-0,bbox-1,bbox-2,bbox-3
1,373.3634053367217,1077.959339263024,357,1063,390,1094
2,432.2043429844098,1192.4949888641424,408,1168,460,1217
3,431.9656108597285,1042.798190045249,414,1025,453,1063
4,571.8650952858576,468.5411233701103,535,441,604,496
5,652.6310496543055,1339.2652419861722,629,1317,678,1363
6,788.0706467661691,1003.7154228855721,768,987,808,1022
7,1027.1416149068323,291.2173913043478,1013,272,1040,311
