label,Centroid-0,Centroid-1,bbox-0,bbox-1,bbox-2,bbox-3
1,413.23651721897335,1066.858349577648,389,1045,439,1092
2,439.3575174825175,1208.1695804195804,422,1188,459,1230
3,594.6863057324841,826.0644904458599,575,806,616,848
4,700.5953525641025,801.3790064102565,679,783,723,822
