label,Centroid-0,Centroid-1,bbox-0,bbox-1,bbox-2,bbox-3
1,153.82004555808655,264.34738041002277,139,246,171,285
2,219.05442176870747,504.6065759637188,204,487,237,524
3,458.84717948717946,1167.1476923076923,441,1151,480,1186
4,623.2928571428571,503.13,607,490,640,519
5,782.4201747418587,687.2668784749801,761,668,806,707
6,793.4171066525871,1276.5934530095037,778,1257,813,1296
