label,Centroid-0,Centroid-1,bbox-0,bbox-1,bbox-2,bbox-3
1,150.8932584269663,266.6539325842697,135,247,168,288
2,481.9917525773196,1144.476288659794,464,1128,501,1162
3,637.4258675078864,879.468454258675,623,865,653,895
4,680.5734870317003,899.0182516810759,655,887,707,913
5,802.0573839662447,680.8886075949367,783,662,824,702
6,875.4478527607362,884.1717791411043,854,860,898,908
