label,Centroid-0,Centroid-1,bbox-0,bbox-1,bbox-2,bbox-3
1,428.5595009596929,1167.242802303263,412,1149,447,1188
2,638.3950795947901,1076.8458755426918,617,1057,663,1099
3,954.3277310924369,955.2983193277311,940,939,970,973
