label,Centroid-0,Centroid-1,bbox-0,bbox-1,bbox-2,bbox-3
1,431.76877587226494,1191.1691306918983,411,1166,457,1217
2,432.91276978417267,1044.7491007194244,414,1027,454,1065
3,582.8362662586075,461.8653404743688,563,442,604,483
4,640.8548387096774,1339.2872208436725,618,1317,667,1363
5,650.2887430590611,867.1751640585563,626,842,673,895
6,786.0694444444445,1005.3244949494949,769,991,804,1021
7,1028.0595238095239,288.53439153439155,1014,268,1040,308
