label,Centroid-0,Centroid-1,bbox-0,bbox-1,bbox-2,bbox-3
1,365.3083645443196,1057.9563046192259,349,1043,383,1075
2,440.34139402560453,1194.4815078236131,418,1175,464,1215
3,753.0270506108202,739.7556719022688,734,722,774,760
4,936.2141997593261,774.9554753309266,916,761,957,791
