label,Centroid-0,Centroid-1,bbox-0,bbox-1,bbox-2,bbox-3
1,354.731843575419,1085.4491620111733,338,1068,373,1105
2,440.01843003412966,1193.6559726962457,417,1176,465,1214
3,763.0330906684316,749.85506287227,743,726,784,774
