label,Centroid-0,Centroid-1,bbox-0,bbox-1,bbox-2,bbox-3
1,153.94222833562586,283.4222833562586,136,271,173,296
2,438.6090458488228,1184.5068153655513,419,1160,460,1209
3,551.1899059024807,987.8023952095808,532,967,573,1011
4,646.6278366111951,1063.8358547655068,625,1042,670,1086
5,664.2840623428858,871.8164906988436,637,846,692,899
6,737.6803615447823,966.1364009860313,719,946,758,988
