label,Centroid-0,Centroid-1,bbox-0,bbox-1,bbox-2,bbox-3
1,65.23982300884956,284.2778761061947,45,268,88,303
2,113.88639551192146,695.0757363253857,101,678,129,714
3,156.171992481203,373.70864661654133,138,353,177,397
4,227.53462603878117,1240.5863342566943,210,1222,248,1261
5,234.06645569620252,1312.9662447257383,216,1295,253,1332
6,264.6602687140115,1047.6276391554702,247,1027,282,1069
7,450.7933618843683,1201.5256959314775,429,1175,476,1231
8,738.850438370294,860.5033522434245,715,832,762,891
9,964.3524130190797,846.7598204264871,944,831,986,863
