label,Centroid-0,Centroid-1,bbox-0,bbox-1,bbox-2,bbox-3
1,42.94662638469285,1189.2557905337362,25,1173,63,1209
2,251.15699100572363,1281.6745707277187,227,1264,277,1300
3,404.8119030124908,1042.4158706833211,383,1021,428,1066
4,444.83809523809526,1210.4987012987012,426,1192,466,1229
5,471.9192501802451,1359.268925739005,452,1338,493,1382
6,776.8823529411765,695.4696832579185,757,679,800,715
