label,Centroid-0,Centroid-1,bbox-0,bbox-1,bbox-2,bbox-3
1,60.639700374531834,137.98352059925094,41,118,86,164
2,445.2236328125,1187.65234375,427,1170,465,1206
3,638.5281100478469,564.3761961722488,617,541,664,591
4,668.3694839192221,873.4083769633507,653,843,686,905
