label,Centroid-0,Centroid-1,bbox-0,bbox-1,bbox-2,bbox-3
1,126.25722145804677,150.2242090784044,107,128,153,177
2,382.3753369272237,1075.5606469002696,360,1053,410,1097
3,432.2026188835286,1196.461061337009,411,1176,456,1220
4,616.2251148545176,891.2059724349158,596,871,640,915
5,681.4971830985916,634.9570422535211,658,615,708,656
6,750.3482786228983,1294.923939151321,732,1274,771,1317
7,772.4319248826291,995.0033534540577,751,972,796,1018
8,813.3813131313132,1017.0058922558923,795,998,834,1038
9,921.7305475504322,826.7161383285303,910,809,935,845
