label,Centroid-0,Centroid-1,bbox-0,bbox-1,bbox-2,bbox-3
1,359.795358649789,1081.0991561181434,343,1064,379,1100
2,436.3966609096143,1187.839953943581,411,1168,465,1215
3,645.1297587131368,1033.1624664879357,620,1010,671,1057
