label,Centroid-0,Centroid-1,bbox-0,bbox-1,bbox-2,bbox-3
1,11.607453416149069,564.8223602484472,0,548,29,586
2,162.96280991735537,1210.403305785124,145,1189,185,1236
3,261.9902755267423,1264.6523500810372,243,1244,283,1287
4,349.79664179104475,1035.94776119403,332,1018,370,1057
5,361.3841121495327,462.74579439252335,343,443,383,486
6,433.0790055248619,1194.2977900552487,413,1167,455,1223
7,656.3832335329341,902.6906187624751,642,879,670,928
8,695.4782608695652,842.9399928135106,651,819,735,870
