label,Centroid-0,Centroid-1,bbox-0,bbox-1,bbox-2,bbox-3
1,366.01364023870417,1069.1977834612105,346,1051,388,1090
2,432.9299442033478,1195.2851828890266,408,1173,461,1218
3,433.93760539629005,1046.0994940978078,414,1028,457,1068
4,624.922898997687,1337.5011565150346,605,1318,647,1358
5,649.6798196166854,864.7790304396843,630,840,674,891
6,723.7803379416283,1215.2465437788019,704,1195,746,1237
7,795.8773704171934,1312.9658659924146,783,1294,811,1333
8,878.6252891287587,1144.5050115651504,857,1127,903,1164
9,960.692633361558,544.2497883149873,941,526,983,564
