label,Centroid-0,Centroid-1,bbox-0,bbox-1,bbox-2,bbox-3
1,425.30978934324656,1060.9752168525404,402,1038,451,1085
2,447.5800524934383,1203.20384951881,428,1185,468,1223
3,595.9219160104986,823.8523622047244,574,801,618,847
4,700.7173038229377,803.7957746478874,681,788,721,822
5,817.174116077385,842.7531687791861,795,821,839,865
