label,Centroid-0,Centroid-1,bbox-0,bbox-1,bbox-2,bbox-3
1,117.65556612749762,1371.2036156041866,99,1354,140,1392
2,331.84615384615387,404.7631118881119,313,387,354,426
3,408.5202628696605,1064.8094194961666,394,1046,425,1086
4,434.7568259385666,1199.3097269624573,417,1181,455,1221
5,592.6634103019538,821.2255772646537,574,800,615,840
6,791.1234272019174,1355.4032354703415,771,1330,812,1381
