label,Centroid-0,Centroid-1,bbox-0,bbox-1,bbox-2,bbox-3
1,182.73936899862827,1131.355281207133,165,1118,201,1146
2,270.2675649663138,1064.4677574590953,253,1046,290,1085
3,365.3883647798742,1136.8930817610062,352,1122,380,1152
4,484.368840919756,1221.499296105115,455,1197,512,1246
5,861.7180028129395,497.79676511954995,841,477,884,521
6,948.2132024977699,849.4696699375558,917,826,984,875
