label,Centroid-0,Centroid-1,bbox-0,bbox-1,bbox-2,bbox-3
1,82.24528301886792,1159.0073831009024,63,1140,106,1182
2,430.1436031331593,1166.8198433420366,411,1150,451,1186
3,951.8132911392405,960.6120253164557,933,936,972,986
