label,Centroid-0,Centroid-1,bbox-0,bbox-1,bbox-2,bbox-3
1,183.97004048582997,1047.3044534412954,164,1028,206,1070
2,201.3801404212638,246.16850551654966,184,229,223,266
3,435.81442392260334,1183.4687774846086,417,1165,456,1204
4,642.148623853211,571.760244648318,621,548,665,596
5,662.509343763581,870.6410256410256,634,843,693,901
