label,Centroid-0,Centroid-1,bbox-0,bbox-1,bbox-2,bbox-3
1,55.959656652360515,1161.2154506437769,37,1143,78,1182
2,417.1803278688525,1088.5260804769002,403,1073,432,1105
3,438.1693171188026,1197.7895229186156,420,1180,458,1218
4,872.1763122476447,1207.092193808883,851,1185,895,1230
5,992.4285714285714,629.4237560192616,972,610,1016,651
