label,Centroid-0,Centroid-1,bbox-0,bbox-1,bbox-2,bbox-3
1,155.3876698014629,263.8965517241379,137,247,177,283
2,228.44818976279652,509.1260923845193,213,494,246,527
3,276.86728395061726,1069.937242798354,259,1053,296,1089
4,620.1163547599674,503.5093572009764,600,485,644,525
5,618.8856868395774,590.1700288184438,601,573,638,609
6,689.0369318181819,889.3484848484849,671,872,709,909
7,775.4673311184939,1273.859357696567,759,1258,796,1294
8,806.5027726432533,680.5628465804067,787,663,828,699
9,879.342082980525,895.0008467400509,859,871,897,918
