label,Centroid-0,Centroid-1,bbox-0,bbox-1,bbox-2,bbox-3
1,440.03709856035437,1181.7303433001107,416,1159,466,1207
2,551.2750373692078,980.9506726457399,537,968,567,997
3,639.557856272838,1058.83922046285,624,1041,657,1078
4,664.215868109222,872.2096857290056,637,847,692,899
5,737.2556521739131,965.9991304347826,719,947,758,987
