label,Centroid-0,Centroid-1,bbox-0,bbox-1,bbox-2,bbox-3
1,152.84821428571428,267.19419642857144,137,249,171,288
2,219.31907090464549,510.5293398533007,204,495,237,529
3,476.97773279352225,1141.8218623481782,460,1124,496,1161
4,612.9336219336219,588.046176046176,600,572,628,606
5,619.9824267782427,505.744769874477,601,487,643,528
6,668.8964577656676,885.3165304268847,634,856,712,910
7,806.2030965391621,680.8378870673953,788,663,827,701
8,835.8897849462365,435.99059139784947,820,422,854,452
9,875.9526813880126,887.6424815983175,854,859,897,920
