label,Centroid-0,Centroid-1,bbox-0,bbox-1,bbox-2,bbox-3
1,153.21143617021278,264.50531914893617,139,247,168,283
2,267.26569217540845,1267.2141014617368,247,1250,289,1285
3,452.72227579556414,1174.1427193828351,435,1157,472,1192
4,624.1689259645464,507.7674661105318,607,488,642,529
5,663.5131034482758,867.4641379310344,640,842,684,895
6,721.2549668874173,1095.7218543046358,704,1077,742,1113
