label,Centroid-0,Centroid-1,bbox-0,bbox-1,bbox-2,bbox-3
1,425.3433641975309,1169.3016975308642,406,1148,446,1194
2,642.3529845246868,1078.183492999263,621,1058,666,1100
3,741.914691943128,775.8400473933649,727,759,760,796
