label,Centroid-0,Centroid-1,bbox-0,bbox-1,bbox-2,bbox-3
1,173.74824561403508,1309.4315789473685,155,1289,194,1331
2,359.38568588469184,1076.5453943008615,337,1052,382,1103
3,435.65251238499644,1191.4670912951167,413,1172,459,1213
4,598.4506258692629,879.1988873435326,584,862,613,897
5,636.4916387959867,1030.7217391304348,615,1009,661,1055
6,923.4447300771208,823.5501285347044,904,806,947,846
