label,Centroid-0,Centroid-1,bbox-0,bbox-1,bbox-2,bbox-3
1,177.50956937799043,1307.7097288676237,156,1290,202,1328
2,356.60928961748635,1075.9899817850637,338,1057,377,1097
3,438.7849056603774,1192.5698113207548,417,1170,464,1221
4,598.033921302578,881.3337856173677,583,864,613,899
5,637.3543726235741,1031.4007604562737,617,1012,660,1054
6,927.6613026819923,828.7065134099616,907,810,951,850
