label,Centroid-0,Centroid-1,bbox-0,bbox-1,bbox-2,bbox-3
1,378.04584304584307,1055.4087024087023,358,1037,400,1077
2,439.3863976083707,1201.8251121076232,421,1180,462,1225
3,463.67857142857144,349.8563829787234,443,330,487,373
4,617.100935828877,610.3181818181819,594,591,644,634
