label,Centroid-0,Centroid-1,bbox-0,bbox-1,bbox-2,bbox-3
1,254.07218309859155,541.1892605633802,234,524,278,562
2,368.3706004140787,1069.559696342305,350,1046,389,1096
3,439.1693683622135,1197.4292901062047,415,1175,466,1222
4,598.616935483871,883.5752688172043,584,866,614,902
5,617.1277173913044,513.4014945652174,594,494,643,536
6,636.5625931445603,1029.8144560357675,617,1010,661,1053
7,902.795497185741,353.20919324577864,886,335,923,375
8,937.3565604151223,826.9866567828021,916,809,961,849
