label,Centroid-0,Centroid-1,bbox-0,bbox-1,bbox-2,bbox-3
1,64.06203288490283,139.37369207772795,45,119,89,166
2,181.26676829268294,1042.6493902439024,167,1028,197,1058
3,413.06606606606607,1093.0015015015015,392,1074,436,1112
4,445.81288614298325,1188.6328331862312,427,1170,467,1210
5,640.6744604316547,567.8896882494005,618,544,665,594
6,672.7106227106227,876.0209314495029,653,844,695,905
