label,Centroid-0,Centroid-1,bbox-0,bbox-1,bbox-2,bbox-3
1,158.57331571994715,1149.1756935270805,136,1126,180,1171
2,270.6769662921348,1066.7041198501872,252,1049,292,1087
3,348.8810888252149,1210.6303724928366,334,1195,365,1227
4,478.70928753180664,1223.9809160305344,455,1204,502,1245
5,844.3031496062993,1124.5485564304463,829,1110,862,1141
6,875.6022727272727,1340.8876262626263,861,1322,891,1361
7,954.6470588235294,852.0257043994068,926,830,988,878
