label,Centroid-0,Centroid-1,bbox-0,bbox-1,bbox-2,bbox-3
1,313.10701438848923,1121.086330935252,295,1102,334,1143
2,335.981679389313,400.0015267175572,320,387,353,414
3,413.8204592901879,1061.9429366736256,395,1041,436,1085
4,437.441637630662,1206.2256097560976,420,1187,458,1228
5,792.8417997097242,1353.5631349782293,771,1330,814,1379
