label,Centroid-0,Centroid-1,bbox-0,bbox-1,bbox-2,bbox-3
1,150.83705357142858,266.87276785714283,135,247,168,288
2,222.61876832844575,505.6774193548387,207,492,239,520
3,479.7353535353535,1146.5666666666666,462,1129,498,1164
4,678.7680642283675,898.9910793933988,651,887,707,912
5,802.358550039401,681.0260047281324,782,662,825,701
6,875.6758747697975,884.5702885205648,854,861,898,909
