label,Centroid-0,Centroid-1,bbox-0,bbox-1,bbox-2,bbox-3
1,440.5728417266187,1188.0935251798562,421,1170,461,1208
2,605.0602893890675,492.19212218649517,586,472,626,514
3,644.1002621231979,1064.6762778505897,618,1042,669,1087
4,758.4320388349514,770.3665048543689,738,750,780,790
5,896.5877502944641,1009.0212014134275,876,994,916,1023
