label,Centroid-0,Centroid-1,bbox-0,bbox-1,bbox-2,bbox-3
1,439.81626506024094,1184.1280120481927,420,1163,461,1206
2,548.5960591133005,988.5016420361248,528,971,570,1008
3,603.7445460942998,489.71639690358904,585,467,625,511
4,646.1298517995766,1063.5074100211714,623,1041,670,1086
5,661.4086734693877,864.5127551020408,635,839,692,892
6,768.8056680161943,697.2780026990554,751,685,788,710
