label,Centroid-0,Centroid-1,bbox-0,bbox-1,bbox-2,bbox-3
1,361.33887283236993,1076.771676300578,339,1055,383,1102
2,436.6728509585652,1189.0556586270873,412,1169,462,1213
3,637.07295029051,1030.7178825048418,614,1009,662,1054
