label,Centroid-0,Centroid-1,bbox-0,bbox-1,bbox-2,bbox-3
1,304.433242506812,1118.646684831971,286,1101,325,1139
2,331.4655436447167,403.8660030627871,310,385,356,425
3,413.2012847965739,1065.04568165596,395,1042,435,1088
4,440.98637316561843,1205.6928721174004,424,1189,460,1224
5,791.4801104972375,1354.3375690607734,771,1328,813,1381
