label,Centroid-0,Centroid-1,bbox-0,bbox-1,bbox-2,bbox-3
1,153.26666666666668,264.0904761904762,139,245,169,284
2,222.6281859070465,503.24737631184405,208,489,239,519
3,467.53774464119294,1160.4762348555453,448,1143,488,1178
4,786.0581867388363,682.0838971583221,763,662,809,705
5,787.0037537537537,1278.8918918918919,767,1257,811,1299
6,832.0612676056338,436.4450704225352,808,418,858,456
7,874.2688320663442,882.3123704215618,852,861,896,905
