label,Centroid-0,Centroid-1,bbox-0,bbox-1,bbox-2,bbox-3
1,426.97113997113996,1069.3419913419914,411,1055,444,1085
2,444.1825993555317,1202.1600429645543,426,1186,463,1219
3,596.3401162790698,825.7376453488372,577,804,617,849
4,695.2310321257689,803.6390977443609,668,786,722,824
