label,Centroid-0,Centroid-1,bbox-0,bbox-1,bbox-2,bbox-3
1,152.7185628742515,265.9053892215569,137,249,171,286
2,217.3093023255814,510.8,201,495,236,529
3,343.03310613437196,602.9074975657254,326,585,363,623
4,478.86726546906186,1139.2914171656687,462,1121,498,1159
5,614.5555555555555,588.2527777777777,600,572,631,606
6,620.0076923076923,505.9632478632479,601,487,642,528
7,667.2132721202004,884.079716193656,633,853,712,910
8,804.9766637856526,681.3509075194469,786,663,827,703
9,873.712158808933,881.1910669975186,855,862,894,902
