label,Centroid-0,Centroid-1,bbox-0,bbox-1,bbox-2,bbox-3
1,155.35441176470587,263.16323529411767,141,247,171,280
2,296.6883830455259,1294.2284144427001,279,1273,318,1318
3,453.0730223123732,1176.4056795131846,436,1159,473,1195
4,620.2760814249364,506.30152671755724,607,487,634,527
