label,Centroid-0,Centroid-1,bbox-0,bbox-1,bbox-2,bbox-3
1,153.3825,263.4425,139,246,170,283
2,460.28164556962025,1170.3301687763712,443,1154,479,1188
3,622.8569230769231,503.93538461538463,608,490,638,520
4,666.0414364640884,879.1588397790056,651,862,682,897
5,793.8315151515152,1272.878787878788,778,1255,812,1290
