label,Centroid-0,Centroid-1,bbox-0,bbox-1,bbox-2,bbox-3
1,415.3963636363636,1068.448,395,1046,438,1092
2,444.6466552315609,1204.114922813036,427,1184,465,1226
3,595.025626092021,824.6651135701806,572,799,618,852
4,700.9178217821782,803.9455445544554,681,788,722,822
5,817.5496129486278,842.7726952850105,796,822,839,864
