label,Centroid-0,Centroid-1,bbox-0,bbox-1,bbox-2,bbox-3
1,24.303964757709252,92.64647577092511,9,75,42,114
2,256.17224080267556,538.2934782608696,235,521,281,559
3,364.9437963944857,1064.712619300106,350,1045,382,1087
4,440.14564564564563,1193.0495495495495,413,1170,471,1218
5,598.5880758807588,882.9552845528456,584,865,614,901
6,615.4306151645208,510.28397711015737,593,491,641,530
7,636.1998572448251,1029.1227694503925,616,1010,662,1054
8,901.4937888198758,353.5703933747412,884,337,921,373
9,941.7855477855478,820.9195804195804,922,808,962,837
