label,Centroid-0,Centroid-1,bbox-0,bbox-1,bbox-2,bbox-3
1,219.51267605633802,1282.018309859155,205,1266,235,1299
2,444.6028547439127,1177.4517212426533,426,1158,464,1199
3,640.328125,1071.0072916666666,614,1045,668,1099
4,658.356884057971,495.66485507246375,639,474,678,515
5,750.1387559808612,776.244019138756,734,760,769,795
6,885.8595744680852,1009.2078014184398,863,989,911,1030
