label,Centroid-0,Centroid-1,bbox-0,bbox-1,bbox-2,bbox-3
1,179.17561521252796,1300.0794183445191,159,1285,200,1316
2,359.9187935034803,1071.7470997679814,345,1053,376,1092
3,437.04926423544464,1192.001279590531,413,1173,462,1217
4,600.3453145057766,881.0551989730424,585,863,616,900
5,623.7881241565452,511.09716599190284,600,492,650,532
6,636.6139569413511,1029.0950259836675,616,1009,661,1052
7,900.1887793783169,344.9082638362396,881,324,922,369
8,927.8912133891214,823.5411436541144,905,805,953,843
