label,Centroid-0,Centroid-1,bbox-0,bbox-1,bbox-2,bbox-3
1,371.7765567765568,1077.9771062271063,354,1060,392,1099
2,430.08206857785274,1191.3788645306352,406,1166,458,1218
3,427.4219653179191,1049.2167630057804,414,1033,442,1067
4,622.0440967283073,1336.7162162162163,601,1317,645,1359
5,648.8685322069693,865.9572333685322,627,840,674,893
6,720.6348061316502,1210.0063119927863,702,1192,743,1232
7,877.3599706744868,1141.7104105571848,856,1123,903,1164
8,905.2727272727273,520.5361952861953,886,502,927,542
9,960.4001713796058,541.9588688946016,938,526,985,560
