label,Centroid-0,Centroid-1,bbox-0,bbox-1,bbox-2,bbox-3
1,48.55026455026455,1195.3502645502645,33,1176,66,1217
2,330.51,1183.8184615384616,310,1164,353,1205
3,401.8241335044929,1033.3145057766367,384,1020,421,1047
4,434.31849968213606,1195.8734901462174,414,1169,458,1223
5,449.07306338028167,490.89964788732397,429,474,473,512
6,474.7738095238095,1376.6623376623377,457,1361,494,1392
7,777.3957845433255,694.9367681498829,755,678,801,714
