label,Centroid-0,Centroid-1,bbox-0,bbox-1,bbox-2,bbox-3
1,69.60205992509363,1225.3501872659176,53,1207,90,1249
2,436.35916824196596,1169.2457466918715,418,1152,456,1188
3,635.057856272838,1072.0943970767357,611,1049,662,1097
