label,Centroid-0,Centroid-1,bbox-0,bbox-1,bbox-2,bbox-3
1,152.56726457399103,265.2757847533632,137,247,171,286
2,342.57573149741825,604.8502581755594,325,585,362,627
3,477.4288681204569,1138.6583592938732,461,1121,496,1158
4,619.1934084995663,505.03555941023416,601,486,641,528
5,657.3409836065574,871.572131147541,643,858,672,886
6,683.0138339920949,897.9347826086956,658,885,709,911
7,805.3154710458082,681.4615384615385,786,663,827,702
8,877.2390057361376,886.585086042065,856,862,898,914
