label,Centroid-0,Centroid-1,bbox-0,bbox-1,bbox-2,bbox-3
1,152.11320754716982,263.8714622641509,138,244,167,284
2,221.3878627968338,502.3944591029024,205,488,239,518
3,465.76370887337987,1161.642073778664,448,1145,485,1180
4,469.65625,1075.8690476190477,455,1061,486,1092
5,781.3040892193309,685.5881040892193,761,665,802,707
6,802.0523255813954,1272.5581395348838,787,1257,818,1289
7,828.2627118644068,438.5074152542373,814,420,845,460
8,875.8017094017094,878.4179487179487,855,859,895,902
