label,Centroid-0,Centroid-1,bbox-0,bbox-1,bbox-2,bbox-3
1,156.07796101949026,264.5472263868066,142,249,171,281
2,435.76072449952335,1170.4556720686369,419,1152,455,1191
3,836.5623529411764,436.7917647058824,816,424,858,450
