label,Centroid-0,Centroid-1,bbox-0,bbox-1,bbox-2,bbox-3
1,15.002463054187192,107.73645320197045,0,92,34,126
2,366.380081300813,1078.6981707317073,352,1058,383,1102
3,438.8566757493188,1193.3482288828338,414,1170,467,1218
4,613.5214067278288,506.4762996941896,590,488,639,525
5,645.001321003963,1020.8837516512549,628,1005,662,1039
6,682.5364025695932,424.3672376873662,666,408,702,444
7,706.1320598006645,486.50581395348837,688,467,727,509
8,738.1782094594595,962.6782094594595,719,944,759,983
9,940.6889168765744,849.7619647355164,924,814,961,885
