label,Centroid-0,Centroid-1,bbox-0,bbox-1,bbox-2,bbox-3
1,152.27305389221556,264.6682634730539,138,246,168,285
2,221.3048275862069,504.2234482758621,207,489,238,522
3,465.2257425742574,1159.9287128712872,447,1143,485,1179
4,622.9984076433121,501.65445859872614,608,489,639,516
5,781.551231135822,686.1175536139793,761,667,803,705
6,790.3305785123966,1274.6794569067297,767,1252,818,1300
7,835.5361189801699,437.9043909348442,814,418,860,461
8,876.1350245499182,880.3060556464811,856,860,896,904
