label,Centroid-0,Centroid-1,bbox-0,bbox-1,bbox-2,bbox-3
1,442.2859680284192,1175.2166962699823,424,1157,462,1196
2,834.3233287858118,436.3274215552524,816,424,853,449
