label,Centroid-0,Centroid-1,bbox-0,bbox-1,bbox-2,bbox-3
1,356.24647122692727,1083.2095548317047,340,1066,375,1103
2,438.6920634920635,1194.6196825396826,416,1175,464,1220
3,758.5178181818181,748.5534545454545,740,726,778,773
