label,Centroid-0,Centroid-1,bbox-0,bbox-1,bbox-2,bbox-3
1,56.896402877697845,1163.946762589928,36,1143,79,1188
2,409.93552311435525,1091.0206812652068,392,1073,428,1109
3,440.6532976827094,1197.0026737967914,423,1178,461,1218
4,872.2154445165477,1205.4860480207658,852,1182,894,1231
5,994.2359230220956,627.0064148253742,972,609,1021,650
6,1031.006289308176,981.9103773584906,1020,961,1040,1002
