label,Centroid-0,Centroid-1,bbox-0,bbox-1,bbox-2,bbox-3
1,162.6597510373444,1147.9211618257261,142,1130,185,1169
2,264.1088280060883,1054.1750380517503,245,1030,284,1079
3,311.1327077747989,642.6407506702412,295,629,330,659
4,489.04896907216494,1211.3355670103092,463,1188,516,1238
5,846.1743929359824,1122.9867549668875,829,1107,865,1141
6,971.2627533193571,850.6086652690426,939,835,1005,867
7,964.4887940234792,146.89327641408752,944,133,987,163
8,1019.2642967542504,377.4312210200927,999,357,1040,400
