label,Centroid-0,Centroid-1,bbox-0,bbox-1,bbox-2,bbox-3
1,71.14298480786417,1332.490616621984,52,1314,92,1353
2,154.12823397075366,262.03374578177727,139,243,172,284
3,221.95724137931035,505.32689655172413,207,490,238,522
4,305.5807453416149,354.9120082815735,291,333,321,378
5,468.7785714285714,1154.1102040816327,451,1137,489,1173
6,651.7226775956284,894.3169398907104,639,877,666,913
7,795.6279640228945,678.1553556827473,775,660,820,699
8,820.7258601553829,447.84350721420645,804,432,840,466
9,875.4653401797176,883.5699614890885,854,860,897,908
