label,Centroid-0,Centroid-1,bbox-0,bbox-1,bbox-2,bbox-3
1,153.5686274509804,263.51503267973857,139,247,170,282
2,452.52277432712214,1183.0445134575568,435,1166,471,1203
3,623.9681818181818,507.7022727272727,607,490,640,528
4,659.9740518962076,859.625249500998,636,829,683,896
5,717.8556220891551,1105.7425149700598,696,1083,741,1129
