label,Centroid-0,Centroid-1,bbox-0,bbox-1,bbox-2,bbox-3
1,258.73297872340424,1047.2755319148937,246,1026,273,1070
2,359.8490488006617,1180.4991728701407,331,1148,393,1212
3,467.83597883597884,1204.4144620811287,443,1184,498,1225
4,587.608169440242,1340.89258698941,572,1327,604,1355
5,847.0438247011953,1122.7915006640105,832,1108,864,1139
6,969.2803951367781,849.0471124620061,939,834,1001,865
