label,Centroid-0,Centroid-1,bbox-0,bbox-1,bbox-2,bbox-3
1,438.2369668246445,1180.2322274881517,415,1158,462,1203
2,551.9085173501577,987.6080441640379,533,966,573,1008
3,646.2004310344828,1063.4504310344828,624,1041,670,1086
4,663.1842555618939,869.1637193382772,638,847,693,895
5,737.3037423846823,965.5056570931245,719,947,758,986
