label,Centroid-0,Centroid-1,bbox-0,bbox-1,bbox-2,bbox-3
1,414.231748158071,1075.8037508372404,392,1053,436,1101
2,432.79793637145315,276.2218400687876,413,258,456,298
3,442.39065420560746,1205.688785046729,425,1187,462,1226
4,864.2210200927357,858.8323029366306,838,842,888,880
