label,Centroid-0,Centroid-1,bbox-0,bbox-1,bbox-2,bbox-3
1,118.38433382137629,1372.8360175695461,97,1352,139,1392
2,331.51174496644296,402.88674496644296,312,385,354,424
3,408.62022471910115,1064.3808988764044,394,1045,425,1086
4,440.06403013182677,1203.497175141243,422,1186,460,1223
5,593.3027777777778,821.1592592592592,576,799,614,842
6,791.219760479042,1354.0251497005988,773,1327,811,1382
