label,Centroid-0,Centroid-1,bbox-0,bbox-1,bbox-2,bbox-3
1,153.8968347010551,263.00586166471277,139,244,170,283
2,213.89973614775727,502.09630606860156,201,485,229,521
3,458.6130346232179,1166.8289205702647,441,1149,477,1186
4,622.8287037037037,502.5108024691358,607,490,639,518
5,788.559589581689,690.3338595106551,772,665,810,715
6,793.3112513144059,1275.4121976866456,778,1256,813,1295
