label,Centroid-0,Centroid-1,bbox-0,bbox-1,bbox-2,bbox-3
1,152.0119305856833,263.4587852494577,135,247,173,282
2,239.3596392333709,516.3483652762119,222,501,259,534
3,619.4010025062656,502.96658312447784,600,484,642,524
4,618.9842602308499,588.6421825813221,602,572,638,607
5,693.7717868338558,884.2576802507837,672,858,718,909
6,777.3205992509363,1280.2277153558052,758,1258,799,1301
7,813.5064011379801,678.796586059744,798,663,829,696
8,834.8401253918495,438.69592476489026,819,421,853,459
9,872.3046728971963,892.7635514018691,849,877,895,909
