label,Centroid-0,Centroid-1,bbox-0,bbox-1,bbox-2,bbox-3
1,160.6294498381877,1146.0655339805826,140,1127,183,1167
2,262.81255771006465,1049.70729455217,245,1029,282,1070
3,310.4,643.5766233766234,293,630,330,659
4,489.31349206349205,1210.012471655329,463,1187,516,1234
5,846.5754716981132,1122.0377358490566,829,1106,865,1140
6,970.5536211699165,849.9206128133704,938,834,1004,866
7,964.6466321243523,144.82279792746115,943,131,988,161
8,1019.4016832440703,376.4468247895945,998,357,1040,398
