label,Centroid-0,Centroid-1,bbox-0,bbox-1,bbox-2,bbox-3
1,65.9889224572004,281.2175226586103,48,265,87,301
2,118.85522788203754,682.8780160857909,105,667,136,701
3,156.19102112676057,372.98591549295776,137,353,178,395
4,221.40627580511975,1239.6820809248554,203,1219,243,1262
5,235.63190823774767,1316.4754953076122,219,1298,254,1337
6,266.448730964467,1051.0812182741117,250,1031,283,1071
7,448.11828605914303,1204.3071816535908,427,1180,472,1231
8,736.3001555209953,861.6687402799378,712,832,759,894
9,961.2632241813602,845.1926952141058,943,830,981,861
