label,Centroid-0,Centroid-1,bbox-0,bbox-1,bbox-2,bbox-3
1,151.88528389339513,265.79721900347624,137,247,169,287
2,222.95007342143907,505.40822320117474,208,491,239,520
3,474.2715298885512,1157.0233029381966,456,1140,493,1175
4,658.21100454316,891.5234729934376,623,867,701,912
5,669.6054590570719,248.77047146401986,654,233,688,266
6,800.0442043222004,678.1011787819253,778,664,823,693
7,875.7387158296249,883.7279084551811,854,860,898,908
