label,Centroid-0,Centroid-1,bbox-0,bbox-1,bbox-2,bbox-3
1,152.1147342995169,264.07729468599035,138,245,168,284
2,219.04291287386215,502.8946684005202,204,487,236,521
3,463.93503937007875,1162.3120078740158,446,1145,483,1180
4,622.6040372670808,501.4347826086956,607,489,639,516
5,778.7488284910966,688.3139643861293,761,671,799,708
6,795.2522167487684,1275.9753694581282,775,1257,817,1293
7,826.5110821382008,440.8318122555411,813,423,841,460
8,878.7489495798319,877.5273109243698,861,858,895,900
