label,Centroid-0,Centroid-1,bbox-0,bbox-1,bbox-2,bbox-3
1,74.56484375,1227.74921875,55,1209,97,1251
2,441.6333333333333,1170.9207207207207,422,1154,463,1189
3,637.0446663163426,1072.8155543878088,609,1050,666,1098
4,657.6460674157304,494.85313001605135,639,474,678,518
