label,Centroid-0,Centroid-1,bbox-0,bbox-1,bbox-2,bbox-3
1,24.60388127853881,93.04452054794521,9,77,44,112
2,256.18374558303884,541.280035335689,237,523,279,563
3,366.9472674976031,1074.4928092042187,350,1056,387,1097
4,437.587487283825,1191.435910478128,410,1166,467,1215
5,597.4388185654009,884.4880450070324,583,868,613,902
6,614.5582586427657,511.22535211267603,592,489,639,536
7,638.0529747351263,1024.3072534637326,615,1007,663,1043
8,898.2948369565217,348.04347826086956,883,334,916,365
9,944.3124432334241,831.1244323342416,927,810,962,854
