label,Centroid-0,Centroid-1,bbox-0,bbox-1,bbox-2,bbox-3
1,20.38797169811321,97.93514150943396,5,82,39,117
2,252.93408499566348,539.9869904596704,233,523,277,562
3,367.3739456419869,1078.3514526710403,350,1061,388,1100
4,434.69775357385976,1190.4057181756298,410,1171,460,1211
5,614.6192283364959,511.0208728652751,592,488,640,535
6,647.2238586156112,1023.5272459499264,632,1008,663,1040
7,944.19921875,832.8935546875,925,812,962,853
