label,Centroid-0,Centroid-1,bbox-0,bbox-1,bbox-2,bbox-3
1,153.75730994152048,264.5029239766082,139,249,169,281
2,277.7809330628803,1384.1967545638945,259,1375,296,1392
3,448.5737855178735,1176.8799266727772,430,1159,469,1196
4,620.7681347150259,507.01554404145077,607,488,636,527
