label,Centroid-0,Centroid-1,bbox-0,bbox-1,bbox-2,bbox-3
1,419.209242618742,1069.1720154043646,403,1051,436,1088
2,439.70224215246634,1201.601793721973,421,1184,461,1221
3,592.6725490196078,828.1366013071895,572,805,614,852
4,704.4543249797898,793.5529506871463,680,776,729,812
