label,Centroid-0,Centroid-1,bbox-0,bbox-1,bbox-2,bbox-3
1,152.49864864864864,264.1932432432432,139,247,168,283
2,261.9426559356137,1267.1488933601609,244,1248,281,1288
3,449.7629558541267,1179.7370441458734,431,1162,470,1198
4,623.4152892561983,508.30061983471074,607,488,641,530
5,666.0542168674699,874.0421686746988,648,852,685,896
6,721.2056737588653,1096.3645390070922,706,1081,739,1111
