label,Centroid-0,Centroid-1,bbox-0,bbox-1,bbox-2,bbox-3
1,116.40487804878049,1365.4975609756098,102,1352,131,1380
2,299.35167464114835,1116.6874003189794,280,1097,321,1140
3,331.3015384615385,404.1461538461538,310,385,355,426
4,408.6340694006309,1064.4479495268138,394,1043,424,1087
5,439.5233644859813,1205.0700934579438,423,1187,459,1226
6,593.8680904522613,825.3291457286432,575,811,614,840
7,790.4985074626866,1352.8871641791045,771,1327,812,1380
