label,Centroid-0,Centroid-1,bbox-0,bbox-1,bbox-2,bbox-3
1,124.43497757847534,158.39237668161434,103,141,151,181
2,368.2780784844384,1081.9194857916102,346,1060,391,1106
3,433.83751568381433,1193.5552070263489,414,1169,459,1219
4,549.0376532399299,487.16637478108584,530,466,571,511
5,629.683366733467,898.5698062792251,609,873,655,930
6,681.1644612476371,629.5964083175803,658,616,706,645
7,748.9764397905759,1299.1871727748692,736,1280,762,1319
8,780.9910414333707,1006.1131019036955,768,986,795,1029
9,813.5569877883311,1018.7883310719131,794,997,835,1043
