label,Centroid-0,Centroid-1,bbox-0,bbox-1,bbox-2,bbox-3
1,325.53074204946995,1183.8770318021202,304,1164,349,1207
2,392.5866454689984,1044.5635930047695,372,1025,414,1067
3,434.153194765204,1205.3687451886067,416,1181,455,1228
4,445.33251028806586,490.98847736625515,427,471,468,515
5,781.3919843597263,686.5904203323558,761,669,803,705
