label,Centroid-0,Centroid-1,bbox-0,bbox-1,bbox-2,bbox-3
1,445.2506762849414,1182.4174932371507,426,1165,466,1201
2,603.5139573070608,487.83004926108373,587,466,624,514
3,647.4014084507043,1062.9176056338029,624,1041,672,1086
4,749.4885145482389,760.7304747320061,736,746,765,777
5,892.7849927849928,1006.8961038961039,876,994,910,1022
