label,Centroid-0,Centroid-1,bbox-0,bbox-1,bbox-2,bbox-3
1,153.62344139650872,264.1371571072319,139,247,171,283
2,213.21472392638037,493.258691206544,197,476,234,515
3,455.2920268972142,1174.420749279539,437,1158,475,1193
4,623.236559139785,504.0614439324117,608,490,639,520
5,663.9088422971741,872.5888787602553,645,850,682,897
6,725.8107116654438,1108.3418928833455,703,1089,752,1129
