label,Centroid-0,Centroid-1,bbox-0,bbox-1,bbox-2,bbox-3
1,152.70323928944617,447.62382445141066,133,433,176,466
2,431.1691842900302,1172.771903323263,413,1150,452,1198
