label,Centroid-0,Centroid-1,bbox-0,bbox-1,bbox-2,bbox-3
1,153.80671296296296,262.6608796296296,139,244,171,283
2,217.19467213114754,499.66905737704917,200,483,238,520
3,459.38939857288483,1170.0479102956167,443,1152,478,1190
4,622.5117370892019,503.2034428794992,607,490,638,518
5,665.3125,878.9029255319149,650,861,681,898
6,791.521186440678,697.4353813559322,775,680,812,717
7,794.3234244946492,1273.5826397146254,778,1256,813,1291
