label,Centroid-0,Centroid-1,bbox-0,bbox-1,bbox-2,bbox-3
1,153.53743961352657,265.5096618357488,138,249,172,285
2,218.51938895417157,514.0411280846064,203,498,237,532
3,342.09936766034326,597.803071364047,325,580,364,620
4,479.08378088077336,1140.9752953813104,462,1123,498,1160
5,614.210027100271,587.6016260162602,600,572,631,606
6,621.2004643962848,505.0479876160991,601,486,646,528
7,668.6718041704443,884.9029918404352,635,856,712,909
8,805.8651685393259,679.811797752809,787,662,827,699
9,877.0280991735538,886.9333333333333,855,859,898,920
