label,Centroid-0,Centroid-1,bbox-0,bbox-1,bbox-2,bbox-3
1,262.31475667189954,1052.0188383045527,245,1028,282,1078
2,357.72742616033753,1173.4940928270041,333,1136,390,1212
3,468.2066792690611,1194.698172652804,444,1174,496,1216
4,589.208446866485,1342.0272479564032,573,1327,606,1357
5,620.5359897172236,935.3766066838047,607,916,635,956
6,846.5802139037434,1122.2098930481284,831,1107,863,1138
7,963.4218472468916,847.5106571936057,937,833,991,863
