label,Centroid-0,Centroid-1,bbox-0,bbox-1,bbox-2,bbox-3
1,430.54333643988815,1168.0782851817335,413,1150,450,1189
2,636.4950419527079,1074.6003051106027,615,1055,660,1096
