label,Centroid-0,Centroid-1,bbox-0,bbox-1,bbox-2,bbox-3
1,296.3200408997955,1296.4171779141104,280,1279,315,1317
2,453.86027111574555,1177.3972888425444,437,1160,473,1197
