label,Centroid-0,Centroid-1,bbox-0,bbox-1,bbox-2,bbox-3
1,40.584479371316306,1354.3654223968565,23,1337,62,1374
2,152.2565445026178,264.69633507853405,139,246,167,284
3,464.82696390658174,1155.2929936305732,448,1138,484,1175
4,788.8880597014926,672.1970149253731,774,658,806,688
5,874.8548721492743,882.937802349689,854,861,896,906
6,970.9315726290516,605.5594237695078,955,590,989,623
