label,Centroid-0,Centroid-1,bbox-0,bbox-1,bbox-2,bbox-3
1,138.91959064327486,1381.6681286549708,121,1370,159,1392
2,165.50379746835443,1210.783122362869,147,1190,185,1233
3,264.18077474892397,1268.4827833572454,242,1250,289,1292
4,348.00401203610835,1043.3811434302909,331,1026,367,1063
5,362.6619318181818,463.16477272727275,344,445,384,484
6,435.1036144578313,1195.9710843373493,419,1180,453,1214
7,610.9733840304183,1331.3735741444866,594,1311,631,1354
8,655.6641883519206,897.909541511772,643,878,670,919
9,691.9698082415341,842.2288861689107,648,820,729,870
