label,Centroid-0,Centroid-1,bbox-0,bbox-1,bbox-2,bbox-3
1,354.9548944337812,1082.0134357005759,338,1065,376,1103
2,437.05970149253733,1194.2298507462688,417,1175,460,1217
3,755.3926619828259,746.1147540983607,738,724,775,770
