label,Centroid-0,Centroid-1,bbox-0,bbox-1,bbox-2,bbox-3
1,151.63636363636363,266.68363636363637,137,249,169,287
2,336.8309305373526,602.9003931847968,324,585,350,622
3,479.3333333333333,1140.2679528403,463,1123,498,1159
4,618.6557213930348,503.54328358208954,601,487,640,524
5,804.1348528015195,681.0265906932574,786,664,826,701
6,877.1813013265951,885.9488313329122,857,861,898,913
