label,Centroid-0,Centroid-1,bbox-0,bbox-1,bbox-2,bbox-3
1,151.9431818181818,264.1426767676768,138,245,167,284
2,220.94117647058823,501.9426470588235,206,488,238,517
3,465.66287487073424,1161.5129265770424,448,1145,485,1180
4,780.7630718954248,685.0915032679738,762,665,801,706
5,828.2062572421785,438.73812282734644,814,421,844,459
6,875.8706326723324,878.0132200188857,856,860,895,900
