label,Centroid-0,Centroid-1,bbox-0,bbox-1,bbox-2,bbox-3
1,439.7397660818713,1167.7329434697856,422,1150,459,1188
2,520.7739965095986,373.4092495636998,502,354,543,397
