label,Centroid-0,Centroid-1,bbox-0,bbox-1,bbox-2,bbox-3
1,298.80179372197307,1116.1201793721973,281,1097,320,1139
2,331.10169491525426,402.1168599464764,310,385,355,419
3,408.6285390713477,1064.2842582106455,395,1044,424,1086
4,439.3552758954501,1204.9312681510164,423,1187,459,1226
5,790.0960670535138,1352.742746615087,772,1328,811,1379
