label,Centroid-0,Centroid-1,bbox-0,bbox-1,bbox-2,bbox-3
1,410.66748768472905,1064.6330049261085,396,1046,426,1084
2,444.55887521968367,1204.1818980667838,427,1185,465,1226
3,593.2505947660587,823.8842188739096,574,801,614,845
4,700.3779193205945,803.796178343949,681,789,721,822
5,817.0106544901065,842.0098934550989,796,822,838,862
