label,Centroid-0,Centroid-1,bbox-0,bbox-1,bbox-2,bbox-3
1,42.870588235294115,1189.0181818181818,26,1173,63,1208
2,251.33646616541353,1281.218045112782,230,1265,275,1299
3,400.30683229813667,1046.0111801242235,384,1028,418,1065
4,444.70487364620936,1210.2915162454874,426,1192,466,1229
5,471.50262172284647,1358.8411985018727,452,1338,493,1382
6,776.290731707317,695.0721951219513,757,679,798,714
