label,Centroid-0,Centroid-1,bbox-0,bbox-1,bbox-2,bbox-3
1,201.38070628768304,1322.953488372093,181,1306,225,1343
2,263.64607843137253,1049.8882352941177,246,1031,283,1070
3,435.8612852664577,1201.376959247649,416,1182,459,1222
4,572.7539682539683,912.2883597883598,557,896,589,930
5,931.2810304449649,1275.2818110850899,911,1257,956,1298
6,1022.9665653495441,1381.9635258358662,1004,1371,1040,1392
