label,Centroid-0,Centroid-1,bbox-0,bbox-1,bbox-2,bbox-3
1,258.35856079404465,1045.9069478908189,244,1030,275,1065
2,314.3320610687023,635.7419847328244,291,618,340,655
3,482.0748840291584,1205.1749502982107,459,1182,505,1228
4,548.9446772841576,1243.333612740989,529,1225,573,1265
5,693.7754662840746,922.8285509325682,673,900,715,946
6,846.0974632843792,1123.547396528705,831,1109,863,1140
7,963.9496676163343,149.71130104463438,944,133,987,169
8,968.957957957958,850.2522522522522,945,837,994,864
9,1023.9086859688196,254.26614699331847,1007,238,1040,272
