label,Centroid-0,Centroid-1,bbox-0,bbox-1,bbox-2,bbox-3
1,428.08766859344894,1196.7206165703276,411,1178,448,1216
2,430.3590208522212,1042.1477787851315,413,1024,451,1063
3,579.5195488721805,461.8496240601504,560,441,603,486
4,650.8234072022161,1340.2652354570637,629,1320,675,1363
5,1025.1799761620978,293.688915375447,1010,275,1040,314
