label,Centroid-0,Centroid-1,bbox-0,bbox-1,bbox-2,bbox-3
1,175.69073783359497,1262.629513343799,155,1244,199,1285
2,334.34787350054523,1030.453653217012,319,1013,352,1051
3,363.11066666666665,463.78266666666667,345,449,381,479
4,396.81168831168833,318.88528138528136,380,302,417,339
5,433.6274630541872,1196.0738916256157,412,1172,457,1223
6,451.4807467911319,1096.8763127187865,437,1078,466,1117
7,702.9305785123967,846.0561983471074,689,832,717,861
