label,Centroid-0,Centroid-1,bbox-0,bbox-1,bbox-2,bbox-3
1,360.33870967741933,1076.2488479262672,344,1060,379,1095
2,439.39387464387465,1193.611111111111,417,1174,464,1215
3,643.1775232641374,1031.0558339298498,622,1011,668,1053
