label,Centroid-0,Centroid-1,bbox-0,bbox-1,bbox-2,bbox-3
1,431.0988213961922,1166.453309156845,413,1148,451,1187
2,639.3469055374593,1077.2247557003257,620,1059,663,1098
3,742.887012987013,780.1714285714286,730,762,757,800
