label,Centroid-0,Centroid-1,bbox-0,bbox-1,bbox-2,bbox-3
1,440.30410447761193,1184.4589552238806,420,1167,462,1203
2,602.5840480274443,488.9022298456261,587,467,623,515
3,639.488219895288,1059.7696335078533,625,1043,656,1078
4,750.03457106274,767.145966709347,736,749,764,787
5,894.5093457943925,1008.4766355140187,879,996,911,1022
