label,Centroid-0,Centroid-1,bbox-0,bbox-1,bbox-2,bbox-3
1,257.77989821882954,1046.8727735368957,245,1028,271,1067
2,316.38240574506284,638.7333931777379,297,621,339,659
3,472.95071335927366,1205.3229571984436,448,1188,503,1228
4,550.590756302521,1242.5,531,1224,573,1264
5,846.2243502051983,1123.0424076607387,831,1108,863,1139
6,967.4342915811088,849.3244353182752,944,836,992,863
