label,Centroid-0,Centroid-1,bbox-0,bbox-1,bbox-2,bbox-3
1,225.26895119418484,206.40394600207685,208,190,246,226
2,230.24009603841537,1243.5810324129652,214,1226,247,1262
3,259.0113378684807,1048.3253968253969,244,1029,275,1069
4,457.8142957252978,1198.9285213735109,436,1177,480,1221
5,738.0194585448393,857.4932318104907,721,833,756,884
6,812.0974770642201,1378.7224770642201,794,1363,831,1392
