label,Centroid-0,Centroid-1,bbox-0,bbox-1,bbox-2,bbox-3
1,75.68602362204724,1230.1938976377953,57,1214,98,1250
2,225.8929254302103,1275.1156787762907,211,1253,243,1300
3,437.1064006650042,1176.9592684954282,417,1159,460,1197
4,634.8864353312302,1071.570977917981,609,1049,659,1097
5,655.5790884718499,490.3941018766756,638,471,677,514
