label,Centroid-0,Centroid-1,bbox-0,bbox-1,bbox-2,bbox-3
1,174.98549107142858,296.01785714285717,156,281,197,314
2,194.26984126984127,1107.3049289891396,174,1087,217,1130
3,232.39518900343643,987.8041237113403,213,970,255,1009
4,371.27880658436214,1070.1152263374486,355,1053,391,1090
5,426.2043422733078,1189.823116219668,404,1167,453,1216
6,620.2090132090132,1334.7062937062938,600,1315,643,1356
7,653.5524981897175,846.1013758146271,628,811,680,890
8,936.2695722356739,536.1920903954802,915,517,961,558
9,978.587037037037,339.0898148148148,959,321,1001,360
