label,Centroid-0,Centroid-1,bbox-0,bbox-1,bbox-2,bbox-3
1,439.8377483443709,1182.932119205298,421,1163,461,1204
2,548.4710957722174,988.3968938740294,528,971,570,1008
3,598.3887005649717,487.4,585,467,614,509
4,639.6923076923077,1059.2242503259451,625,1042,656,1078
5,660.8782608695652,864.071195652174,635,839,691,891
