label,Centroid-0,Centroid-1,bbox-0,bbox-1,bbox-2,bbox-3
1,270.76545454545453,1064.3472727272726,255,1044,290,1087
2,448.1753445635528,1172.3101071975498,428,1152,471,1194
3,492.24762470308787,1252.0540380047505,466,1234,521,1273
4,735.90458488228,441.30731102850064,723,422,750,462
5,794.6396946564886,640.3267175572519,782,624,807,658
6,905.0672926447575,1114.796557120501,879,1088,933,1144
7,898.0364697301239,572.1371261852662,880,551,919,596
8,916.587528174305,835.1863260706236,888,819,946,854
