label,Centroid-0,Centroid-1,bbox-0,bbox-1,bbox-2,bbox-3
1,437.0809128630705,1170.7085062240665,419,1154,457,1189
