label,Centroid-0,Centroid-1,bbox-0,bbox-1,bbox-2,bbox-3
1,141.24147217235188,1137.3958707360862,123,1119,162,1158
2,151.1621983914209,265.19839142091155,138,247,165,284
3,466.6461038961039,1158.8051948051948,449,1143,486,1177
4,873.4159544159544,882.5,852,861,895,904
