label,Centroid-0,Centroid-1,bbox-0,bbox-1,bbox-2,bbox-3
1,223.81456953642385,1317.0314569536424,203,1300,249,1338
2,266.729315628192,1054.4964249233913,251,1036,285,1075
3,406.33792048929666,1217.0611620795107,390,1205,424,1230
4,440.5375457875458,1202.21336996337,422,1185,462,1222
5,930.9082232011748,1271.9691629955946,908,1254,958,1293
6,1028.6935817805384,1380.4948240165631,1016,1369,1040,1392
