label,Centroid-0,Centroid-1,bbox-0,bbox-1,bbox-2,bbox-3
1,152.3346104725415,265.8978288633461,137,249,170,285
2,216.91095066185318,510.8447653429603,201,495,235,529
3,342.76233635448136,602.8247734138973,326,585,363,623
4,478.6735537190083,1139.3429752066115,462,1122,498,1159
5,619.6257035647279,505.6303939962477,602,487,641,527
6,653.6126865671641,874.3925373134329,633,853,674,896
7,804.7460611677479,681.1899907321595,787,663,826,702
8,873.4369016536118,880.976501305483,855,862,893,902
