label,Centroid-0,Centroid-1,bbox-0,bbox-1,bbox-2,bbox-3
1,155.2736842105263,450.33815789473687,139,433,171,468
2,431.06652587117213,1167.7338965153115,414,1151,450,1186
3,954.4600619195046,961.0328173374613,934,936,975,986
