label,Centroid-0,Centroid-1,bbox-0,bbox-1,bbox-2,bbox-3
1,130.62637362637363,195.23516483516482,116,177,149,217
2,198.61430246189917,370.20984759671745,183,354,218,389
3,256.7803921568627,268.66960784313727,238,252,279,286
4,282.6303879310345,1050.2553879310344,265,1034,303,1069
5,415.56686930091183,1136.3024316109422,402,1123,432,1152
6,427.96024464831805,1203.2035823503713,402,1172,456,1235
7,571.6128782001551,913.9092319627619,550,896,596,935
8,641.7574123989218,630.3917340521114,623,612,663,651
