label,Centroid-0,Centroid-1,bbox-0,bbox-1,bbox-2,bbox-3
1,153.64042303172738,263.00705052878965,139,244,171,284
2,220.01581920903953,502.09717514124293,204,486,240,521
3,459.74059405940596,1166.1534653465346,442,1148,479,1186
4,782.7732371794872,689.8701923076923,762,671,806,711
5,793.0529344073648,1276.58918296893,776,1259,813,1295
