label,Centroid-0,Centroid-1,bbox-0,bbox-1,bbox-2,bbox-3
1,438.31499051233396,1176.5645161290322,419,1160,459,1196
