label,Centroid-0,Centroid-1,bbox-0,bbox-1,bbox-2,bbox-3
1,155.7245575221239,264.07522123893807,138,248,177,283
2,234.38681592039802,508.3544776119403,219,493,252,526
3,343.04610318331504,1090.7167947310647,326,1075,363,1109
4,620.1665213600697,504.34001743679164,601,486,643,525
5,617.662398137369,588.9359720605355,601,573,637,607
6,689.9125102207686,890.755519215045,668,873,713,911
7,832.2485795454545,436.47727272727275,819,421,848,454
8,879.8279301745636,898.168744804655,861,873,897,924
