label,Centroid-0,Centroid-1,bbox-0,bbox-1,bbox-2,bbox-3
1,438.8779790276454,1177.43565300286,420,1160,460,1195
2,639.9898843930636,1058.9624277456646,626,1043,656,1076
3,663.5505678745268,871.4321254732288,638,846,691,899
4,737.68671679198,966.0292397660819,719,946,758,988
