label,Centroid-0,Centroid-1,bbox-0,bbox-1,bbox-2,bbox-3
1,441.31231813773036,1177.795344325897,423,1160,461,1197
