label,Centroid-0,Centroid-1,bbox-0,bbox-1,bbox-2,bbox-3
1,151.09057971014494,266.0193236714976,136,248,168,286
2,483.07978723404256,1139.5031914893616,466,1122,501,1158
3,638.775641025641,878.900641025641,625,865,654,894
4,801.8896925858951,679.9737793851718,783,662,824,701
5,837.026075619296,434.7561929595828,821,420,855,451
6,876.6357535082367,883.9035997559488,855,859,899,909
