label,Centroid-0,Centroid-1,bbox-0,bbox-1,bbox-2,bbox-3
1,277.44708423326136,1384.375809935205,259,1375,295,1392
2,448.32383665717,1176.730294396961,430,1160,469,1196
