label,Centroid-0,Centroid-1,bbox-0,bbox-1,bbox-2,bbox-3
1,261.53342070773266,1265.834862385321,245,1250,280,1283
2,447.47762645914395,1178.9406614785992,429,1161,467,1197
3,623.4665071770335,507.5657894736842,608,489,641,527
