label,Centroid-0,Centroid-1,bbox-0,bbox-1,bbox-2,bbox-3
1,384.78466741826384,1053.023675310034,368,1037,405,1072
2,433.47080291970804,1198.5839416058395,417,1173,455,1224
3,617.0870942201109,610.0752177355503,597,592,641,632
