label,Centroid-0,Centroid-1,bbox-0,bbox-1,bbox-2,bbox-3
1,268.70958083832335,1062.943113772455,254,1042,285,1085
2,447.36976744186046,1173.1503875968992,427,1154,470,1195
3,490.02757456387167,1250.8767585818796,461,1232,520,1272
4,735.4651162790698,441.1188630490956,723,423,750,461
5,906.3750608865075,1112.8017535314175,878,1084,937,1143
6,899.5180995475113,571.3793363499245,881,550,920,595
7,915.2454128440367,834.5298165137615,887,819,944,853
