label,Centroid-0,Centroid-1,bbox-0,bbox-1,bbox-2,bbox-3
1,152.6315789473684,264.5567867036011,139,248,168,283
2,448.67932489451476,1182.5443037974683,432,1165,468,1202
3,624.8753246753247,508.94805194805195,610,492,639,528
4,655.4528462192013,849.2276975361087,637,831,677,870
5,720.9742765273312,1108.1101286173634,702,1089,743,1130
