label,Centroid-0,Centroid-1,bbox-0,bbox-1,bbox-2,bbox-3
1,367.51682953311615,1075.8979370249729,348,1061,389,1093
2,433.1533333333333,1194.3342857142857,416,1176,453,1215
3,561.0982300884956,475.7566371681416,537,457,586,496
4,659.2639068564037,1343.2367399741267,634,1323,685,1365
5,766.4647201946472,1304.8369829683697,752,1286,783,1325
