label,Centroid-0,Centroid-1,bbox-0,bbox-1,bbox-2,bbox-3
1,383.0030241935484,1048.5211693548388,361,1034,406,1065
2,436.76100628930817,1200.5683962264152,420,1178,457,1224
3,461.688566552901,350.17235494880543,443,331,484,373
4,616.4678143712575,610.6646706586827,594,592,642,633
