label,Centroid-0,Centroid-1,bbox-0,bbox-1,bbox-2,bbox-3
1,414.8549295774648,1075.6971830985915,400,1060,431,1093
2,444.08303249097474,1201.5270758122745,424,1185,465,1220
3,864.5425268373245,861.4351775392238,844,844,888,882
4,1030.9336349924586,982.2835595776772,1020,960,1040,1003
