label,Centroid-0,Centroid-1,bbox-0,bbox-1,bbox-2,bbox-3
1,156.80174291938997,335.7962962962963,139,320,176,354
2,160.60201280878317,1258.1939615736505,144,1239,181,1281
3,249.4295112781955,1224.7265037593984,232,1206,270,1246
4,274.2976480129765,1070.9829683698297,253,1053,297,1090
5,491.67564259485926,1257.4406364749082,467,1235,518,1283
6,524.8370445344129,484.03036437246965,507,466,545,504
7,890.9025044722719,1126.4150268336314,874,1107,911,1149
8,915.0334281650071,833.9110953058322,885,818,945,853
9,985.3345388788426,1169.5343580470162,967,1151,1006,1190
