label,Centroid-0,Centroid-1,bbox-0,bbox-1,bbox-2,bbox-3
1,152.17179487179487,264.67820512820515,138,246,167,284
2,465.01869158878503,1159.6801661474558,448,1143,485,1178
3,775.6662354463131,684.2897800776196,761,668,792,703
4,800.5007215007215,1272.9018759018759,785,1258,817,1289
5,828.7572706935123,438.9821029082774,814,421,845,460
6,876.0119485294117,879.2720588235294,856,860,895,901
