label,Centroid-0,Centroid-1,bbox-0,bbox-1,bbox-2,bbox-3
1,438.63474827245807,1168.0967423494571,420,1151,459,1188
2,520.7057837384745,371.94886839899414,501,352,544,396
