label,Centroid-0,Centroid-1,bbox-0,bbox-1,bbox-2,bbox-3
1,269.2449567723343,1065.4293948126801,251,1047,289,1086
2,482.27814569536423,1221.4427625354779,453,1196,510,1246
3,643.5263584752636,966.5523114355232,625,947,665,988
4,861.5899333826795,497.49296817172467,842,476,883,522
5,942.4735099337748,848.1594134342479,910,825,980,871
