label,Centroid-0,Centroid-1,bbox-0,bbox-1,bbox-2,bbox-3
1,444.7703056768559,1180.8969432314411,424,1163,466,1200
2,548.5263636363636,989.1472727272727,530,971,569,1009
3,598.3696808510638,489.9255319148936,587,471,612,510
4,639.1471747700394,1059.6806833114324,624,1043,656,1078
5,770.8587257617728,698.0637119113574,753,686,790,711
