label,Centroid-0,Centroid-1,bbox-0,bbox-1,bbox-2,bbox-3
1,151.20560747663552,266.55957943925233,136,248,168,287
2,479.2270833333333,1145.7729166666666,462,1129,498,1164
3,802.7045215562566,677.6561514195583,782,663,824,693
4,875.9218218898708,883.6505778382053,855,861,897,907
