label,Centroid-0,Centroid-1,bbox-0,bbox-1,bbox-2,bbox-3
1,42.888454011741686,1189.4843444227006,24,1174,66,1208
2,252.45142857142858,1282.4351020408162,231,1264,277,1304
3,400.673417721519,1044.5443037974683,386,1026,417,1064
4,441.79078341013826,1206.9170506912442,424,1188,461,1228
5,469.83742331288346,1357.5329754601228,450,1337,491,1379
