label,Centroid-0,Centroid-1,bbox-0,bbox-1,bbox-2,bbox-3
1,354.6371158392435,1084.9692671394798,339,1068,373,1104
2,445.1087786259542,1193.1784351145038,427,1176,465,1213
3,760.1194029850747,748.0245829675154,744,727,781,774
