label,Centroid-0,Centroid-1,bbox-0,bbox-1,bbox-2,bbox-3
1,155.6285403050109,339.7712418300654,138,324,176,359
2,212.78371710526315,315.3412828947368,194,293,232,338
3,268.1331316187595,1065.2768532526475,254,1051,285,1081
4,489.8377581120944,1254.207669616519,462,1233,518,1276
5,888.141924959217,1125.616639477977,870,1105,908,1147
6,915.1378787878788,839.1944444444445,887,818,948,862
