label,Centroid-0,Centroid-1,bbox-0,bbox-1,bbox-2,bbox-3
1,153.33478893740903,264.3333333333333,140,248,168,282
2,266.55605786618446,1266.9122965641952,247,1250,288,1285
3,452.6327967806841,1173.9899396378269,435,1157,472,1192
4,624.293427230047,508.69835680751174,608,490,641,529
5,663.1879120879121,872.5868131868132,644,855,682,893
6,720.8034528552457,1096.3505976095616,705,1080,739,1112
