label,Centroid-0,Centroid-1,bbox-0,bbox-1,bbox-2,bbox-3
1,372.27077223851416,1072.672531769306,353,1056,394,1093
2,431.59327731092435,1193.8840336134454,412,1176,454,1215
3,614.6635514018692,887.1435853865761,596,868,637,909
4,680.1393581081081,639.4738175675676,661,621,702,661
5,747.8104056437389,1291.9797178130511,729,1274,769,1313
6,770.4559118236473,995.4318637274549,753,978,790,1015
7,810.452427184466,1015.8252427184466,795,996,830,1039
