label,Centroid-0,Centroid-1,bbox-0,bbox-1,bbox-2,bbox-3
1,362.7719298245614,1074.0600184672207,345,1055,381,1097
2,439.3977646285339,1192.0762656147272,415,1174,467,1215
3,638.5064232589588,1032.0067613252197,617,1010,662,1056
