label,Centroid-0,Centroid-1,bbox-0,bbox-1,bbox-2,bbox-3
1,183.7281964436918,1047.0719729043183,164,1028,206,1069
2,201.10140237324703,245.8824163969795,184,230,222,265
3,436.32610744580586,1184.1215834118757,418,1167,456,1204
4,641.012925170068,570.2897959183673,621,548,664,595
5,665.366398016119,871.5858648481092,640,847,692,893
