label,Centroid-0,Centroid-1,bbox-0,bbox-1,bbox-2,bbox-3
1,156.7095238095238,450.54,138,432,178,471
2,429.7023923444976,1160.8775119617226,411,1144,450,1180
