label,Centroid-0,Centroid-1,bbox-0,bbox-1,bbox-2,bbox-3
1,446.23572170301145,1180.361370716511,429,1163,465,1199
2,621.1757075471698,506.5766509433962,606,487,638,527
