label,Centroid-0,Centroid-1,bbox-0,bbox-1,bbox-2,bbox-3
1,434.4018691588785,1168.8196261682242,416,1151,454,1188
