label,Centroid-0,Centroid-1,bbox-0,bbox-1,bbox-2,bbox-3
1,19.346020761245676,91.90772779700116,3,76,39,111
2,257.4038817005545,540.4482439926063,238,523,280,562
3,363.7884841363102,1073.4077555816687,352,1053,377,1095
4,438.9320175438597,1193.9714912280701,414,1171,467,1220
5,620.3307086614174,511.3275590551181,600,493,644,533
6,636.9515859766277,1032.5559265442405,617,1015,660,1055
7,900.4887683965918,351.71727343144846,882,331,922,378
8,928.3738461538461,824.8207692307692,905,809,956,846
