label,Centroid-0,Centroid-1,bbox-0,bbox-1,bbox-2,bbox-3
1,317.0032840722496,1121.9564860426929,298,1101,338,1145
2,413.42313432835823,1060.2097014925373,395,1039,434,1083
3,437.082239720035,1208.4741907261591,420,1189,457,1230
