label,Centroid-0,Centroid-1,bbox-0,bbox-1,bbox-2,bbox-3
1,152.9819944598338,263.6883656509695,139,247,168,282
2,460.15027027027025,1170.2021621621623,443,1154,479,1188
