label,Centroid-0,Centroid-1,bbox-0,bbox-1,bbox-2,bbox-3
1,432.1937682570594,274.0097370983447,414,255,454,296
2,439.8944562899787,1204.7366737739871,423,1189,459,1223
