label,Centroid-0,Centroid-1,bbox-0,bbox-1,bbox-2,bbox-3
1,151.5077288941736,266.13793103448273,137,247,168,287
2,477.0386221294363,1153.0845511482255,460,1136,495,1171
3,578.287798408488,172.16710875331566,563,157,596,190
4,802.2119071644803,678.0988900100908,781,663,824,694
5,875.9512534818941,883.3008356545961,855,862,897,906
