label,Centroid-0,Centroid-1,bbox-0,bbox-1,bbox-2,bbox-3
1,43.029110936270655,1191.7104642014162,21,1174,67,1211
2,252.70364741641336,1282.2705167173253,231,1264,277,1303
3,396.87516254876465,1045.5448634590377,385,1027,410,1066
4,443.9895337773549,1205.2588011417697,426,1188,465,1224
5,467.491935483871,1354.0862903225807,448,1335,489,1376
