label,Centroid-0,Centroid-1,bbox-0,bbox-1,bbox-2,bbox-3
1,357.45066124109866,1083.0559511698882,341,1066,377,1103
2,439.1438775510204,1195.1897959183673,421,1178,459,1214
