label,Centroid-0,Centroid-1,bbox-0,bbox-1,bbox-2,bbox-3
1,153.07078507078506,264.4388674388674,139,246,168,284
2,467.24418604651163,1160.25,448,1143,487,1178
3,779.6752136752136,678.5445665445666,764,662,798,698
4,782.9316326530612,1277.0591836734693,767,1258,799,1298
5,827.1509785647717,436.2730661696179,808,419,850,456
6,874.2270183852918,880.9800159872102,853,861,895,901
