label,Centroid-0,Centroid-1,bbox-0,bbox-1,bbox-2,bbox-3
1,427.812136325852,1194.3175394846219,411,1171,448,1217
2,432.59697256386,1044.5033112582782,415,1027,453,1065
3,581.9626245847176,461.18936877076413,563,442,604,483
4,640.6853503184714,1339.2452229299363,618,1317,666,1363
5,649.7262113251605,865.6024518388791,628,842,672,890
6,786.1597122302159,1005.2604316546763,770,992,803,1020
7,1028.1914008321776,288.1511789181692,1015,269,1040,307
