label,Centroid-0,Centroid-1,bbox-0,bbox-1,bbox-2,bbox-3
1,45.31951871657754,151.30213903743316,29,134,62,169
2,143.87687969924812,983.4022556390977,124,968,168,1002
3,439.47395301327884,1196.8958120531154,422,1180,459,1216
4,868.354536950421,1205.5481758652948,852,1184,884,1228
5,993.5147801009373,629.5962509012256,971,610,1018,652
