label,Centroid-0,Centroid-1,bbox-0,bbox-1,bbox-2,bbox-3
1,101.98796498905908,1015.8380743982494,85,999,121,1035
2,150.84669811320754,264.29952830188677,134,249,171,283
3,231.616,513.3497142857143,215,498,251,531
4,619.8445825932505,504.6305506216696,601,486,642,525
5,618.6811111111111,589.7388888888889,602,574,638,608
6,686.7886075949367,892.0835443037975,671,875,705,909
7,774.241935483871,1275.7615207373271,758,1259,793,1296
8,833.6337777777778,438.53866666666664,814,420,857,461
9,878.2855450236967,895.9786729857819,861,878,895,913
