label,Centroid-0,Centroid-1,bbox-0,bbox-1,bbox-2,bbox-3
1,359.7096774193548,1081.0456062291435,344,1065,379,1100
2,437.1576923076923,1187.4378205128205,412,1168,464,1212
3,643.6810990840966,1027.0199833472107,621,1011,670,1045
