label,Centroid-0,Centroid-1,bbox-0,bbox-1,bbox-2,bbox-3
1,296.45650224215245,1294.809865470852,279,1275,316,1317
2,452.75342465753425,1177.0073761854583,436,1161,472,1196
