label,Centroid-0,Centroid-1,bbox-0,bbox-1,bbox-2,bbox-3
1,419.67857142857144,1056.1214285714286,404,1039,439,1076
2,447.4777475022707,1203.0118074477748,428,1185,468,1223
3,594.5342126957955,821.5243198680956,575,802,617,844
4,700.5704918032787,803.5989071038251,682,788,721,821
5,817.0014134275618,842.6487632508833,796,822,838,865
