label,Centroid-0,Centroid-1,bbox-0,bbox-1,bbox-2,bbox-3
1,426.37959866220734,1195.2734113712374,408,1173,448,1217
2,432.0374181478017,1042.735266604303,414,1025,453,1063
3,581.6849087893864,461.05887230514094,563,442,603,483
4,652.5753865979382,1339.1952319587629,629,1318,678,1363
5,786.4008097165992,1005.9365721997301,770,992,804,1021
6,1027.1069587628865,290.9072164948454,1013,272,1040,310
