label,Centroid-0,Centroid-1,bbox-0,bbox-1,bbox-2,bbox-3
1,371.86632653061224,1072.6959183673468,355,1056,392,1093
2,429.6880559085133,1192.4580686149936,406,1170,457,1218
3,622.4860779634049,1335.60938743039,603,1317,645,1357
4,649.5231042654028,864.7411137440758,630,841,673,891
5,723.542372881356,1213.7083333333333,703,1193,747,1237
6,877.4761077324066,1140.45438748914,857,1123,902,1162
7,906.6898444647759,517.8444647758463,887,500,929,538
8,961.5797342192691,542.3039867109635,940,525,985,562
