label,Centroid-0,Centroid-1,bbox-0,bbox-1,bbox-2,bbox-3
1,93.72834645669292,491.41240157480314,78,472,113,514
2,414.0613786591124,1354.6345609065156,395,1338,437,1375
3,438.9304531085353,1211.8008429926238,423,1194,457,1231
4,866.3392255892256,453.3543771043771,843,436,892,473
