label,Centroid-0,Centroid-1,bbox-0,bbox-1,bbox-2,bbox-3
1,150.80940279542565,264.9707750952986,137,247,167,285
2,307.0805902383655,353.3098751418842,293,333,323,375
3,472.0131004366812,1156.6102620087336,456,1140,491,1176
4,651.7272727272727,891.4413489736071,639,875,666,909
5,708.2328244274809,300.60305343511453,693,286,726,318
6,796.3257650542942,677.3948667324778,776,663,820,695
7,875.3670175438597,881.9515789473684,854,860,897,905
