label,Centroid-0,Centroid-1,bbox-0,bbox-1,bbox-2,bbox-3
1,156.09050279329608,338.7173184357542,139,323,176,358
2,161.5009276437848,1252.8692022263451,143,1235,182,1274
3,209.7389112903226,317.32862903225805,194,294,225,340
4,267.1020134228188,1068.3959731543623,253,1052,283,1086
5,491.94075403949734,1256.4009575104728,466,1235,520,1279
6,890.678793256433,1124.3371783496007,874,1104,910,1147
7,916.3529411764706,833.8382352941177,886,818,947,853
8,984.7150837988827,1168.4348230912476,968,1150,1005,1189
