label,Centroid-0,Centroid-1,bbox-0,bbox-1,bbox-2,bbox-3
1,261.26826722338205,1045.1106471816283,246,1026,279,1064
2,379.4652406417112,1200.1844919786097,362,1187,399,1214
3,462.49364896073905,1200.3845265588914,436,1176,488,1229
4,469.1127819548872,244.75,451,227,490,266
5,528.1520376175548,391.52742946708463,508,371,550,414
6,820.3570234113712,326.1112040133779,799,308,845,347
7,968.5649794801642,848.6552667578659,950,836,988,862
