label,Centroid-0,Centroid-1,bbox-0,bbox-1,bbox-2,bbox-3
1,73.77534246575343,1220.4630136986302,55,1203,95,1242
2,96.62930186823992,492.9882005899705,82,473,115,516
3,250.74153592072668,1289.4797687861271,231,1270,274,1312
4,416.42085661080074,1356.0270018621975,398,1339,438,1376
5,436.34772896500374,1196.837676842889,417,1173,460,1220
6,862.4813137032843,451.05322763306907,842,435,881,466
