label,Centroid-0,Centroid-1,bbox-0,bbox-1,bbox-2,bbox-3
1,183.05831265508684,1046.7803970223324,169,1029,199,1066
2,416.2248243559719,1088.0316159250585,396,1075,438,1103
3,446.93230174081236,1190.203094777563,428,1174,468,1209
4,638.2026143790849,565.4883286647993,620,548,659,586
5,669.1032028469751,861.3914590747331,652,844,688,879
