label,Centroid-0,Centroid-1,bbox-0,bbox-1,bbox-2,bbox-3
1,151.5354523227384,265.9596577017115,137,248,169,286
2,481.00944386149,1140.5162644281218,464,1123,500,1159
3,620.8247914183552,501.93087008343264,602,487,641,518
4,805.8599791013584,678.5329153605015,786,663,827,694
5,877.1473105134475,885.3276283618582,856,860,899,913
