label,Centroid-0,Centroid-1,bbox-0,bbox-1,bbox-2,bbox-3
1,46.77825618945102,1190.902045209903,31,1175,66,1211
2,248.6336499321574,1281.8303934871099,231,1267,266,1296
3,327.7883548983364,1185.7255083179298,310,1169,350,1207
4,397.62772785622593,1047.4557124518615,381,1030,415,1066
5,443.63225255972696,1212.5503412969283,425,1194,464,1233
6,472.27132412672626,1365.0056864337937,454,1345,492,1388
7,776.566497461929,696.1593908629442,759,680,797,715
