label,Centroid-0,Centroid-1,bbox-0,bbox-1,bbox-2,bbox-3
1,158.90169218372282,1146.8928283642224,137,1129,182,1166
2,262.03546798029555,1050.2935960591133,245,1031,281,1071
3,484.68728039353476,1211.0260014054813,463,1189,508,1234
4,970.2756714060032,850.740916271722,941,836,1001,867
5,959.9853137516689,145.89185580774367,942,132,978,160
6,1023.2675879396985,371.52010050251255,1005,357,1040,387
7,1032.4610389610389,573.4502164502164,1023,555,1040,591
