label,Centroid-0,Centroid-1,bbox-0,bbox-1,bbox-2,bbox-3
1,158.85112781954888,1146.7812030075188,136,1129,184,1166
2,262.60370009737096,1051.640701071081,245,1033,282,1072
3,481.53188602442333,1213.6390773405699,459,1195,507,1236
4,964.500417710944,849.4945697577276,937,835,993,865
5,1023.5007112375533,370.65860597439547,1008,356,1040,386
6,1031.7053231939165,573.3593155893536,1022,555,1040,591
