label,Centroid-0,Centroid-1,bbox-0,bbox-1,bbox-2,bbox-3
1,304.2290874524715,1118.4876425855514,287,1101,325,1139
2,331.1383147853736,403.70906200317967,310,385,355,425
3,407.7775229357798,1064.9782110091744,395,1044,422,1087
4,440.8099352051836,1205.6414686825053,424,1189,460,1224
5,791.0961887477314,1353.967332123412,772,1329,813,1380
