label,Centroid-0,Centroid-1,bbox-0,bbox-1,bbox-2,bbox-3
1,152.15653298835704,264.33376455368693,138,246,167,284
2,219.69024045261668,502.23196605374824,205,488,237,519
3,465.28275862068966,1160.5793103448275,448,1143,485,1180
4,779.7692307692307,688.0414201183432,762,671,800,708
5,799.5668604651163,1273.2950581395348,784,1258,816,1289
6,878.7508493771235,877.436013590034,862,859,895,899
