label,Centroid-0,Centroid-1,bbox-0,bbox-1,bbox-2,bbox-3
1,151.8425806451613,264.32774193548386,138,246,167,284
2,218.71678832116788,502.5051094890511,204,488,235,519
3,463.8054435483871,1162.3719758064517,446,1145,483,1180
4,778.6448780487805,688.0546341463414,761,671,799,708
5,794.8748627881449,1276.1844127332602,775,1259,816,1292
6,878.6933962264151,877.1379716981132,862,859,894,898
