label,Centroid-0,Centroid-1,bbox-0,bbox-1,bbox-2,bbox-3
1,43.14732965009208,1353.2394106813997,25,1335,65,1373
2,152.40764331210192,264.940127388535,139,246,168,285
3,464.4903357070193,1155.1515768056968,448,1137,484,1175
4,789.173001310616,675.1454783748362,774,660,807,693
5,874.938202247191,883.497893258427,854,862,896,906
6,921.2482014388489,545.2817745803358,905,530,940,563
