label,Centroid-0,Centroid-1,bbox-0,bbox-1,bbox-2,bbox-3
1,79.4373356704645,1230.1174408413672,59,1214,104,1249
2,225.31218529707957,1276.0855991943606,211,1255,243,1300
3,441.1263362487852,1173.0,423,1155,460,1192
4,634.2525510204082,1071.8794642857142,609,1049,659,1097
5,656.7692990239574,491.9964507542147,639,473,678,514
