label,Centroid-0,Centroid-1,bbox-0,bbox-1,bbox-2,bbox-3
1,179.7046568627451,1300.110294117647,160,1286,200,1315
2,359.9166666666667,1070.6155913978494,345,1054,376,1088
3,437.76724137931035,1191.2808908045977,415,1173,462,1213
4,623.0359237536657,510.3460410557185,600,492,649,531
5,636.1398104265403,1029.0679304897315,616,1010,660,1052
6,899.8415605095541,344.7746815286624,881,324,921,369
7,927.6222385861561,823.5022091310751,905,806,952,843
