label,Centroid-0,Centroid-1,bbox-0,bbox-1,bbox-2,bbox-3
1,432.7296058661778,1173.8175985334556,416,1155,453,1195
2,637.4220921726409,1074.1953182150694,613,1055,663,1094
