label,Centroid-0,Centroid-1,bbox-0,bbox-1,bbox-2,bbox-3
1,363.97781721384206,1072.204081632653,345,1055,385,1094
2,441.90284974093265,1192.6619170984457,419,1171,469,1219
3,640.4974619289341,1031.3009427121103,619,1011,664,1053
