label,Centroid-0,Centroid-1,bbox-0,bbox-1,bbox-2,bbox-3
1,358.8974854932302,1062.9603481624758,345,1042,377,1087
2,437.658371040724,1193.421568627451,416,1173,463,1215
3,752.9663032705649,742.1357779980178,736,725,773,762
