label,Centroid-0,Centroid-1,bbox-0,bbox-1,bbox-2,bbox-3
1,439.1462383770076,1179.8740490278951,418,1162,462,1200
2,607.0504424778761,492.59557522123896,589,474,628,514
3,636.9273356401384,1062.5882352941176,619,1045,655,1081
4,764.0763260025873,770.7800776196636,747,755,781,789
