label,Centroid-0,Centroid-1,bbox-0,bbox-1,bbox-2,bbox-3
1,371.17893544733863,1077.374858437146,355,1061,390,1096
2,429.31293103448274,1196.1543103448275,413,1174,450,1220
3,652.3082145281738,1342.0482009504412,629,1322,677,1364
4,1024.830588235294,296.5164705882353,1009,277,1040,317
