label,Centroid-0,Centroid-1,bbox-0,bbox-1,bbox-2,bbox-3
1,226.05603448275863,205.91918103448276,210,189,246,226
2,229.53120464441218,1238.345428156749,213,1225,247,1253
3,258.67932960893853,1046.208938547486,244,1027,276,1067
4,458.0505809979494,1197.1886534518114,437,1174,479,1222
5,733.9459084604715,847.3384188626907,720,830,747,866
6,811.4681769147788,1380.0862998921252,791,1366,834,1392
