label,Centroid-0,Centroid-1,bbox-0,bbox-1,bbox-2,bbox-3
1,433.745437079731,1167.2065321805956,416,1150,455,1187
2,952.776393442623,960.504262295082,933,937,973,986
