label,Centroid-0,Centroid-1,bbox-0,bbox-1,bbox-2,bbox-3
1,425.51807228915663,1167.7039586919104,406,1148,446,1189
2,642.0597362296354,1077.7602792862683,621,1058,665,1099
3,741.8132450331126,776.0437086092716,728,760,759,795
