label,Centroid-0,Centroid-1,bbox-0,bbox-1,bbox-2,bbox-3
1,258.3670212765957,769.7989361702128,245,749,273,793
2,471.43190975020144,955.4480257856567,452,934,492,978
3,537.25,998.9898119122257,518,977,556,1022
4,597.5985247629084,1164.8609062170706,581,1148,616,1184
5,704.9663418954827,220.55978742249778,687,202,727,242
6,812.9516129032259,66.9762808349146,795,50,835,87
7,891.5798561151079,545.0014388489209,876,531,909,561
8,934.5812949640288,1280.0820143884891,918,1267,950,1296
9,948.9517663043479,717.3804347826087,928,696,974,741
