label,Centroid-0,Centroid-1,bbox-0,bbox-1,bbox-2,bbox-3
1,325.3081936685289,728.8612662942272,303,711,350,749
2,720.4427906976745,1032.3683720930233,700,1012,740,1056
3,759.907134767837,970.3680634201586,743,954,779,988
4,933.1487243310517,802.7654013690105,909,784,961,826
5,996.029197080292,201.0985401459854,980,186,1015,219
