label,Centroid-0,Centroid-1,bbox-0,bbox-1,bbox-2,bbox-3
1,137.55049504950495,217.23168316831683,119,201,160,238
2,263.18096135721015,767.62205466541,247,750,283,790
3,577.734990619137,1015.4254221388368,544,992,607,1042
4,719.4363277393879,930.7265547877591,699,915,742,946
5,933.3596358118361,721.6039453717755,912,694,955,751
