label,Centroid-0,Centroid-1,bbox-0,bbox-1,bbox-2,bbox-3
1,313.86046511627904,736.8081395348837,292,721,338,755
2,579.1885762284754,1265.3414531709366,552,1233,605,1294
3,620.9923023093072,1165.1028691392582,599,1143,644,1187
4,713.6488636363637,1049.4852272727273,695,1032,732,1066
5,789.539911308204,1002.8669623059867,773,986,808,1021
6,997.9239631336405,201.4942396313364,981,186,1017,219
