label,Centroid-0,Centroid-1,bbox-0,bbox-1,bbox-2,bbox-3
1,292.5773286467487,745.1493848857644,269,730,318,761
2,568.4047306176084,1258.030223390276,552,1242,586,1275
3,584.1314459049545,1059.4600606673407,567,1043,605,1080
4,622.9850746268656,1156.7537313432836,609,1141,638,1173
5,772.3430232558139,1007.6406976744186,755,993,791,1024
6,982.2233009708738,882.0970873786408,968,869,998,897
7,997.586046511628,200.75697674418603,980,185,1017,218
