label,Centroid-0,Centroid-1,bbox-0,bbox-1,bbox-2,bbox-3
1,287.6178451178451,748.7828282828283,266,731,311,769
2,568.1015037593985,1257.6791979949874,551,1241,586,1275
3,584.2736418511066,1058.8511066398391,567,1042,605,1080
4,623.9782608695652,1151.9099378881988,611,1136,638,1168
5,772.1531631520533,1007.3951165371809,754,992,792,1024
6,997.622401847575,201.44803695150117,980,186,1017,219
