label,Centroid-0,Centroid-1,bbox-0,bbox-1,bbox-2,bbox-3
1,261.7218181818182,770.5672727272728,244,752,282,792
2,694.5738327904452,1168.816503800217,663,1146,722,1193
3,851.0873215785055,638.9487825356842,830,622,877,661
4,864.5771883289125,177.8657824933687,840,153,892,206
5,898.7620795107034,617.211620795107,877,595,924,642
6,950.3626297577855,731.8249134948097,930,710,973,756
7,1012.1433054393306,718.8661087866109,1000,695,1026,744
