label,Centroid-0,Centroid-1,bbox-0,bbox-1,bbox-2,bbox-3
1,259.2027168234065,773.9623824451411,246,753,273,797
2,459.8028785982478,1369.5481852315395,436,1348,486,1392
3,542.3107344632768,1114.1276836158193,524,1098,562,1131
4,792.2241035856574,614.8326693227092,775,595,812,637
5,945.4754601226994,723.579754601227,929,701,966,749
