label,Centroid-0,Centroid-1,bbox-0,bbox-1,bbox-2,bbox-3
1,259.86538461538464,767.2246503496503,246,741,275,795
2,582.5522113022113,1026.3734643734645,560,1003,606,1050
3,581.6523109243698,74.59978991596638,564,56,601,95
4,619.9111266620014,1134.9930020993702,597,1114,645,1157
5,929.3993808049536,731.1524767801858,909,711,950,754
6,946.5883211678832,455.14452554744526,932,441,963,471
