label,Centroid-0,Centroid-1,bbox-0,bbox-1,bbox-2,bbox-3
1,260.451343836886,769.4309545875811,247,744,276,796
2,428.8347750865052,864.0795847750865,410,846,451,886
3,561.1178861788618,1023.6409214092141,546,1007,577,1041
4,606.7041499330657,1038.75234270415,591,1024,624,1055
5,614.7237715803453,1115.8393094289509,597,1101,633,1131
6,906.2578369905956,759.1528213166144,886,739,929,780
7,934.5618964003512,718.3125548726954,917,693,953,745
