label,Centroid-0,Centroid-1,bbox-0,bbox-1,bbox-2,bbox-3
1,234.5970731707317,288.86634146341464,216,272,256,309
2,326.49610894941634,729.4143968871596,305,712,350,749
3,717.6211901306241,1033.4354136429608,698,1012,738,1057
4,789.4597048808173,1002.7150964812713,773,987,808,1020
5,931.9052906596995,799.9516655780535,909,780,959,823
6,997.03125,201.9039351851852,980,186,1016,220
