label,Centroid-0,Centroid-1,bbox-0,bbox-1,bbox-2,bbox-3
1,263.2407120743034,767.546439628483,247,744,283,795
2,540.4171539961013,1010.6140350877193,525,988,555,1035
3,588.1522012578616,1022.4553459119497,575,1003,602,1043
4,612.3972081218274,1123.958121827411,595,1107,631,1142
5,871.5446009389672,568.6629107981221,852,551,893,589
6,879.7321937321938,353.46096866096866,854,330,909,380
7,923.6774869109947,711.6785340314136,898,685,950,744
8,953.2406832298136,448.62111801242236,939,435,969,464
