label,Centroid-0,Centroid-1,bbox-0,bbox-1,bbox-2,bbox-3
1,260.5878442545109,768.9639126305793,247,744,276,795
2,428.7097345132743,864.7663716814159,412,845,450,889
3,561.1933701657458,1024.0773480662983,546,1008,577,1041
4,607.5472440944882,1037.3832020997374,592,1023,625,1054
5,614.6945945945946,1115.7013513513514,597,1101,633,1131
6,906.4815106215578,756.1369000786782,887,737,929,777
7,935.203187250996,719.1464143426294,918,697,953,743
