label,Centroid-0,Centroid-1,bbox-0,bbox-1,bbox-2,bbox-3
1,327.4416826003824,726.0,305,710,352,745
2,571.7882547559967,1072.7063688999174,551,1056,597,1095
3,694.003,152.996,676,136,715,173
4,891.4031007751938,804.4532299741602,859,785,928,825
5,964.9307228915662,971.355421686747,951,957,980,987
6,995.6990049751244,203.476368159204,980,188,1014,221
