label,Centroid-0,Centroid-1,bbox-0,bbox-1,bbox-2,bbox-3
1,107.64395229982964,126.29301533219761,87,108,131,147
2,259.2101090188305,770.619425173439,246,748,274,795
3,686.7765567765567,1209.6312576312575,670,1194,705,1227
4,784.0818181818182,1018.1429752066116,767,997,802,1041
5,878.1850424055513,1031.8087895142637,859,1011,900,1054
6,881.9519797809604,974.6242628475147,863,956,904,996
7,955.047619047619,723.2833723653396,938,702,977,749
