label,Centroid-0,Centroid-1,bbox-0,bbox-1,bbox-2,bbox-3
1,263.31957928802586,768.049352750809,247,745,282,795
2,586.4549071618037,1019.6087533156499,574,1001,600,1039
3,610.9224629418472,1124.0866590649944,591,1106,631,1142
4,871.9947735191638,570.2203832752613,852,553,893,590
5,907.875238701464,350.1171228516868,884,329,934,375
6,932.7258964143426,715.6980079681275,914,688,952,745
7,954.5873261205564,446.82998454404947,940,433,971,462
