label,Centroid-0,Centroid-1,bbox-0,bbox-1,bbox-2,bbox-3
1,258.52772808586764,770.7531305903399,245,745,273,798
2,271.89942528735634,323.60536398467434,252,307,295,340
3,652.4073170731707,1167.2569105691057,637,1141,669,1194
4,683.8335766423357,1127.061313868613,670,1111,699,1144
5,736.8049052396879,1249.196209587514,718,1233,757,1266
6,937.7558644656821,615.0590790616855,921,595,958,639
7,946.1182170542636,723.0452196382429,928,697,967,751
