label,Centroid-0,Centroid-1,bbox-0,bbox-1,bbox-2,bbox-3
1,285.77908025247973,748.678088367899,265,731,309,767
2,568.5915697674419,1258.4389534883721,553,1243,585,1274
3,584.0,1058.0585161964473,567,1041,604,1079
4,630.8789346246973,1153.2510088781275,611,1133,650,1177
5,767.0094674556213,1008.5420118343195,751,992,784,1027
6,913.3719512195122,745.8634146341464,900,726,928,767
7,997.8514150943396,201.13325471698113,981,186,1017,218
