label,Centroid-0,Centroid-1,bbox-0,bbox-1,bbox-2,bbox-3
1,322.64121338912133,730.5742677824268,302,714,345,749
2,658.9728773584906,844.3867924528302,643,829,677,862
3,679.5428571428571,26.622857142857143,659,11,701,43
4,995.786231884058,202.43236714975845,980,187,1015,221
5,1018.6251768033947,695.3748231966053,1001,683,1037,708
