label,Centroid-0,Centroid-1,bbox-0,bbox-1,bbox-2,bbox-3
1,260.5009225092251,769.1660516605166,247,744,276,795
2,539.6911595866819,1013.2663605051665,526,993,554,1035
3,588.5018181818182,1023.4606060606061,575,1003,603,1045
4,871.6130198915009,568.5289330922242,852,551,894,589
5,879.2638436482084,346.47774158523345,860,330,900,364
6,931.9463253509497,717.9141205615194,914,691,951,746
7,952.8023774145616,449.5111441307578,939,435,969,465
