label,Centroid-0,Centroid-1,bbox-0,bbox-1,bbox-2,bbox-3
1,97.39460370994941,547.2293423271501,82,526,118,573
2,373.18662747979425,1245.2292432035267,351,1225,397,1267
3,595.3465396188566,1048.6449348044132,567,1022,622,1076
4,694.508064516129,997.7108294930875,679,981,712,1017
5,914.1283950617284,734.7098765432099,902,714,927,756
