label,Centroid-0,Centroid-1,bbox-0,bbox-1,bbox-2,bbox-3
1,258.59148936170214,771.1276595744681,246,750,273,794
2,463.93295454545455,1373.1386363636364,435,1349,491,1392
3,531.9439834024896,1125.716804979253,516,1108,553,1146
4,558.7742857142857,989.9757142857143,542,976,577,1003
5,746.1938911022577,1245.2749003984063,730,1228,762,1263
6,947.2020129403307,721.0639827462257,930,699,968,749
