label,Centroid-0,Centroid-1,bbox-0,bbox-1,bbox-2,bbox-3
1,69.6855614973262,411.26844919786095,52,396,91,431
2,257.74493062966917,769.5016008537887,245,748,272,793
3,422.33987603305786,208.33471074380165,405,192,443,228
4,457.00600600600603,948.7252252252252,444,932,470,966
5,541.28370554177,998.9611248966088,523,981,564,1022
6,722.0080106809079,966.0547396528705,706,950,739,982
7,948.0462508759636,727.1184302733006,929,706,970,753
