label,Centroid-0,Centroid-1,bbox-0,bbox-1,bbox-2,bbox-3
1,263.3348174532502,767.1415850400713,247,748,283,791
2,561.927536231884,1005.7246376811594,550,988,575,1024
3,605.9233576642335,1126.2445255474452,587,1109,625,1144
4,838.6780487804878,1167.5743902439024,822,1150,855,1187
5,931.8228228228228,717.1388888888889,912,688,953,747
