label,Centroid-0,Centroid-1,bbox-0,bbox-1,bbox-2,bbox-3
1,260.38928571428573,346.79375,245,326,279,370
2,258.96984924623115,767.7075376884422,245,745,274,792
3,933.5352676338169,720.4112056028014,909,689,959,750
4,948.5454545454545,1093.7704160246533,934,1080,964,1108
5,996.705317577548,599.7067946824225,978,578,1018,623
