label,Centroid-0,Centroid-1,bbox-0,bbox-1,bbox-2,bbox-3
1,261.84696823869103,769.2252165543792,248,747,278,793
2,609.0237324703344,1124.673139158576,588,1106,630,1143
3,834.5659851301115,729.6756505576208,813,711,858,749
4,922.4419410745234,347.32495667244365,902,327,944,369
5,932.5937749401437,715.8276137270551,914,688,952,745
