label,Centroid-0,Centroid-1,bbox-0,bbox-1,bbox-2,bbox-3
1,18.158597662771285,795.5191986644408,1,774,39,819
2,140.9047120418848,212.50471204188483,121,198,164,230
3,188.63833477883782,567.7588898525586,169,550,213,590
4,263.84057971014494,768.6721014492754,247,749,283,792
5,571.3127590971902,1013.9884845693228,538,986,599,1042
6,931.2388167388167,717.1572871572871,910,688,953,748
7,955.6806966618287,441.75616835994197,942,427,971,459
