label,Centroid-0,Centroid-1,bbox-0,bbox-1,bbox-2,bbox-3
1,17.15655577299413,795.0978473581214,0,776,37,817
2,139.5640516385303,216.57994041708045,121,199,162,238
3,263.66146788990824,768.8449541284403,247,750,283,792
4,573.9469483568075,1013.8657276995306,541,987,601,1041
5,930.0560747663551,715.4809489575845,909,686,952,746
