label,Centroid-0,Centroid-1,bbox-0,bbox-1,bbox-2,bbox-3
1,325.8258122743682,728.3799638989169,303,710,351,749
2,738.2070098576123,940.4852135815992,722,925,757,959
3,939.9235150528885,798.8161106590724,913,785,968,813
4,996.5154639175257,201.48911798396335,979,186,1016,219
