label,Centroid-0,Centroid-1,bbox-0,bbox-1,bbox-2,bbox-3
1,322.2582076308784,728.5190771960959,298,712,349,748
2,396.33921302578017,1282.8331071913162,381,1268,414,1300
3,572.0864197530864,1072.856790123457,551,1057,598,1094
4,695.7994100294985,150.76991150442478,680,132,716,173
5,902.0266757865937,803.6067031463748,869,789,936,820
6,967.7205882352941,967.7710084033613,951,950,987,987
7,975.28515625,1379.9921875,955,1366,995,1392
8,996.0,203.08465608465607,981,188,1014,220
