label,Centroid-0,Centroid-1,bbox-0,bbox-1,bbox-2,bbox-3
1,71.9913544668588,412.01633045148895,54,395,94,433
2,223.7564534231201,348.35016835016836,208,332,243,369
3,258.1678908709339,769.2539349422875,245,747,272,793
4,539.6744639376218,999.995126705653,523,981,558,1021
5,580.9002433090025,948.0916463909165,559,930,606,968
6,611.9331450094162,277.8672316384181,594,260,633,298
7,737.285324232082,1276.813651877133,713,1259,763,1297
8,945.7494935854153,724.9466576637407,927,700,966,752
