label,Centroid-0,Centroid-1,bbox-0,bbox-1,bbox-2,bbox-3
1,258.9023638232271,768.7255909558068,246,746,273,793
2,558.1757575757575,1026.551515151515,542,1009,575,1045
3,620.3423645320197,1114.5812807881773,602,1098,639,1131
4,626.5063897763579,1045.5007987220447,610,1021,646,1073
5,929.7266380236305,725.1734693877551,905,698,956,751
