label,Centroid-0,Centroid-1,bbox-0,bbox-1,bbox-2,bbox-3
1,259.5322441960447,767.226139294927,245,741,275,795
2,583.4520900321544,1027.282958199357,562,1005,606,1051
3,622.6847073631214,1137.9238514789176,598,1112,650,1165
4,682.483993902439,1093.876524390244,659,1075,706,1112
5,930.0098383696416,733.5565706254392,909,710,953,757
6,945.3566229985444,457.25036390101894,931,443,962,473
