label,Centroid-0,Centroid-1,bbox-0,bbox-1,bbox-2,bbox-3
1,17.555822328931573,37.87515006002401,0,23,38,55
2,259.7802491103203,767.3585409252669,246,742,275,794
3,518.2528160200251,978.9893617021277,497,957,542,1006
4,582.8565941101152,1025.4359795134444,562,1003,605,1049
5,611.8718487394958,1149.5483193277312,595,1133,630,1168
6,633.1962962962963,1069.112962962963,616,1050,653,1091
7,658.6744696415508,1109.2611558156548,635,1091,685,1130
8,889.602169197397,543.8013015184382,857,514,921,568
9,933.0652557319224,736.5564373897707,914,718,953,757
