label,Centroid-0,Centroid-1,bbox-0,bbox-1,bbox-2,bbox-3
1,596.4662327095199,1052.0105777054516,579,1031,616,1075
2,690.9186390532544,989.1545857988166,669,969,712,1013
3,889.238377843719,1337.8615232443126,872,1321,909,1357
