label,Centroid-0,Centroid-1,bbox-0,bbox-1,bbox-2,bbox-3
1,31.00910931174089,594.8805668016195,13,578,52,615
2,266.1964097148891,771.324181626188,250,755,286,791
3,313.3751295336788,356.0476683937824,295,340,335,374
4,633.2177215189873,1013.1222784810127,582,980,684,1053
5,742.7571508693213,1244.4413909141895,714,1225,774,1266
6,880.573484069887,612.3042137718397,860,595,899,634
7,932.0667367314766,719.7540725170783,908,695,958,746
