label,Centroid-0,Centroid-1,bbox-0,bbox-1,bbox-2,bbox-3
1,259.9186256781193,768.6130198915009,246,743,275,795
2,590.391971664699,1026.1605667060212,576,1006,605,1048
3,911.2922954725973,583.4336775218427,890,566,935,604
4,923.1063607924922,724.6871741397289,897,696,952,750
5,950.9648093841643,453.86070381231673,937,439,967,470
