label,Centroid-0,Centroid-1,bbox-0,bbox-1,bbox-2,bbox-3
1,328.701652892562,729.2297520661157,304,710,356,751
2,421.05797101449275,225.67391304347825,403,209,441,245
3,577.5500794912559,1274.0333863275039,554,1247,600,1301
4,613.85969738652,1154.493810178817,598,1139,631,1171
5,791.3112078346028,999.1501632208923,774,982,810,1017
6,931.1497366440933,784.7351392024078,908,764,956,808
7,997.1831626848692,201.95221843003412,980,186,1017,220
