label,Centroid-0,Centroid-1,bbox-0,bbox-1,bbox-2,bbox-3
1,595.6360792492179,1054.036496350365,579,1037,615,1074
2,668.6781354051054,991.5305216426193,651,975,688,1008
3,889.2136910268271,1338.6447733580019,869,1322,911,1356
4,947.4463190184049,693.6710122699386,927,674,970,716
