label,Centroid-0,Centroid-1,bbox-0,bbox-1,bbox-2,bbox-3
1,261.0890804597701,774.8908045977012,247,760,276,792
2,601.3295583238958,1050.0192525481314,585,1033,619,1069
3,660.9264392324094,995.5074626865671,645,978,679,1014
4,685.6872998932764,56.65635005336179,665,42,708,73
5,890.3111111111111,1338.1923076923076,870,1319,912,1362
