label,Centroid-0,Centroid-1,bbox-0,bbox-1,bbox-2,bbox-3
1,321.90218522372527,729.9084287200833,301,713,344,748
2,560.6790865384615,705.2548076923077,545,689,579,724
3,678.4926829268293,23.695121951219512,661,6,696,42
4,995.8321342925659,201.8872901678657,980,186,1015,220
5,1018.6919945725916,695.4803256445048,1000,684,1038,708
