label,Centroid-0,Centroid-1,bbox-0,bbox-1,bbox-2,bbox-3
1,321.114406779661,730.6716101694915,301,714,343,749
2,591.1457109283197,752.4770857814336,576,736,609,771
3,677.0047169811321,25.535377358490567,659,8,696,44
4,995.8014354066986,202.60645933014354,980,187,1015,221
5,1017.8527777777778,695.5916666666667,1000,684,1037,708
