label,Centroid-0,Centroid-1,bbox-0,bbox-1,bbox-2,bbox-3
1,259.09655172413795,346.2206896551724,245,326,277,370
2,259.9640427599611,769.44703595724,246,746,275,794
3,637.6013245033113,1103.5655629139073,623,1087,654,1122
4,749.2382495948136,1238.77471636953,735,1225,764,1253
5,932.7673836918459,719.192596298149,908,687,957,748
6,949.1590214067278,1094.8761467889908,935,1081,965,1110
7,995.4153605015674,601.4992163009405,976,581,1017,624
