label,Centroid-0,Centroid-1,bbox-0,bbox-1,bbox-2,bbox-3
1,327.75924170616116,724.5440758293839,305,709,353,743
2,575.2125,1068.490625,554,1054,597,1085
3,913.9933920704846,809.2698237885462,883,792,949,830
4,996.1285714285714,203.52380952380952,980,188,1015,222
