label,Centroid-0,Centroid-1,bbox-0,bbox-1,bbox-2,bbox-3
1,294.19251336898395,744.8003565062388,271,730,319,762
2,568.4295580110497,1259.3204419889503,553,1244,585,1275
3,583.0889348500517,1060.794208893485,567,1045,604,1081
4,630.1462035541196,1160.7285945072697,609,1142,651,1181
5,774.3875,1004.784375,757,987,793,1023
6,981.4236526946107,883.7125748502993,967,870,997,900
7,997.2083832335329,200.82994011976047,980,185,1016,218
