label,Centroid-0,Centroid-1,bbox-0,bbox-1,bbox-2,bbox-3
1,316.6425211665099,734.203198494826,294,718,341,752
2,415.5238095238095,222.01378446115288,397,209,435,237
3,578.3930348258707,1264.5412935323384,553,1237,607,1295
4,621.0612788632327,1164.7326820603907,602,1146,643,1186
5,721.6280120481928,1044.183734939759,707,1028,735,1061
6,790.853199498118,1003.9259723964868,774,989,809,1020
7,888.2444076222038,606.9154929577464,869,587,910,627
8,921.9526627218935,770.758875739645,906,757,939,786
9,997.4338983050848,201.2870056497175,980,186,1017,219
