label,Centroid-0,Centroid-1,bbox-0,bbox-1,bbox-2,bbox-3
1,330.5618345618346,727.5077805077805,305,708,358,749
2,571.7628390075015,1268.4979803808424,549,1243,595,1293
3,614.59,1152.9928571428572,599,1139,632,1169
4,729.8380386329866,1040.9866270430907,717,1024,742,1059
5,791.0811724915445,1001.2266065388951,774,985,810,1019
6,927.0836189170665,785.1315969842358,906,765,952,810
7,997.0767356881852,201.31790499390988,981,186,1016,219
