label,Centroid-0,Centroid-1,bbox-0,bbox-1,bbox-2,bbox-3
1,232.8777459407832,288.8872970391595,217,270,252,312
2,329.6788908765653,727.8389982110913,307,709,355,749
3,718.1903846153846,1035.6134615384615,698,1012,740,1059
4,794.6328320802005,1002.1265664160401,779,987,812,1019
5,997.1445929526124,201.408262454435,981,186,1016,219
