label,Centroid-0,Centroid-1,bbox-0,bbox-1,bbox-2,bbox-3
1,259.09864253393664,770.4986425339366,246,745,273,797
2,272.74342105263156,327.65695488721803,255,309,294,348
3,317.06048387096774,277.69354838709677,301,264,335,294
4,555.9950495049505,1003.6608910891089,537,987,575,1020
5,599.1927710843373,1176.1633199464525,584,1161,617,1194
6,652.3214578214578,1154.7448812448813,623,1127,683,1189
7,737.4300847457627,1250.457627118644,719,1233,758,1268
8,937.1863247863248,613.8384615384615,919,595,958,636
9,946.8119001919385,723.5214331413947,928,697,967,752
