label,Centroid-0,Centroid-1,bbox-0,bbox-1,bbox-2,bbox-3
1,262.868,770.854,247,753,282,792
2,689.6590909090909,1165.7022727272727,664,1146,716,1187
3,760.2742514970059,1023.3353293413173,743,1009,780,1039
4,852.0798403193613,636.4820359281437,830,622,877,651
5,862.829268292683,175.99319342030628,842,148,887,206
6,898.7183622828784,617.4069478908189,877,595,924,642
7,950.0814035087719,733.3824561403509,930,712,973,757
8,1012.4485798237023,718.6787463271303,1000,694,1027,745
