label,Centroid-0,Centroid-1,bbox-0,bbox-1,bbox-2,bbox-3
1,234.96345514950167,284.80730897009965,218,269,255,303
2,326.2798076923077,728.4701923076923,305,711,350,748
3,715.559336099585,1033.5792531120333,697,1014,737,1056
4,787.3391812865497,1001.2768031189083,769,985,808,1020
5,930.9415363698165,802.5805574439157,909,783,957,827
6,996.7768878718535,201.72425629290618,980,186,1016,220
