label,Centroid-0,Centroid-1,bbox-0,bbox-1,bbox-2,bbox-3
1,312.8558823529412,737.1833333333333,291,722,337,755
2,579.949780789159,1264.912315663611,553,1234,608,1295
3,620.1188271604939,1165.7608024691358,600,1145,643,1188
4,715.0214446952596,1049.1738148984198,696,1032,734,1065
5,787.4803149606299,1005.4735658042745,770,989,806,1024
6,918.8322824716267,769.7364438839849,899,756,939,785
7,997.3772727272727,201.68295454545455,980,186,1017,219
