label,Centroid-0,Centroid-1,bbox-0,bbox-1,bbox-2,bbox-3
1,258.8351254480287,767.5268817204301,245,742,274,794
2,524.9211653813196,1009.3843187660668,495,984,559,1038
3,603.2549668874173,1160.7251655629138,587,1144,622,1179
4,890.6023738872403,548.1750741839762,876,534,907,564
5,938.6955810147299,1279.1088379705402,918,1261,961,1298
6,946.9355539464157,721.4395365677045,926,701,971,744
