label,Centroid-0,Centroid-1,bbox-0,bbox-1,bbox-2,bbox-3
1,179.9078014184397,1377.4581560283689,167,1360,197,1392
2,259.46878198567043,346.33162743091094,243,329,280,367
3,259.6299045599152,769.5535524920466,246,748,274,793
4,653.530701754386,1012.0236842105263,631,996,679,1031
5,755.7519260400617,1244.506933744222,740,1231,772,1258
6,889.3176229508197,627.3022540983607,875,607,908,650
7,935.5485338725986,725.6026289180991,912,694,962,753
8,952.5221518987341,1093.85917721519,939,1080,968,1109
