label,Centroid-0,Centroid-1,bbox-0,bbox-1,bbox-2,bbox-3
1,327.180608365019,726.018060836502,305,710,352,745
2,571.7525423728814,1072.463559322034,551,1056,597,1094
3,688.707100591716,155.32396449704143,675,140,702,173
4,894.0993377483444,801.7105960264901,860,786,929,819
5,995.6927860696518,204.1007462686567,980,189,1014,222
