label,Centroid-0,Centroid-1,bbox-0,bbox-1,bbox-2,bbox-3
1,325.66722972972974,730.4712837837837,301,712,352,751
2,418.5349056603774,223.0009433962264,398,207,442,242
3,579.2382478632478,1272.8365384615386,553,1250,607,1297
4,615.2855517633675,1155.3321956769055,598,1138,634,1174
5,725.939179632249,1042.5063649222066,713,1025,739,1061
6,791.5139353400223,1003.680044593088,774,988,811,1022
7,892.2540494458653,608.6035805626599,874,589,913,630
8,925.3855140186915,772.1510903426791,904,753,948,791
9,997.3813273340833,201.3824521934758,980,186,1017,219
