label,Centroid-0,Centroid-1,bbox-0,bbox-1,bbox-2,bbox-3
1,272.04413239719156,759.0571715145436,255,741,292,780
2,621.8781014023732,1137.3807982740022,608,1115,636,1161
3,738.3770197486535,1009.3662477558348,719,991,759,1028
4,912.1332574031891,737.632118451025,901,716,925,761
5,997.3964577656676,197.92234332425068,981,184,1016,214
