label,Centroid-0,Centroid-1,bbox-0,bbox-1,bbox-2,bbox-3
1,271.52935779816517,758.4550458715596,253,740,293,781
2,723.5148423005566,1013.5621521335808,704,996,745,1030
3,912.6343457943925,737.4030373831775,901,716,926,760
