label,Centroid-0,Centroid-1,bbox-0,bbox-1,bbox-2,bbox-3
1,327.25047984644914,724.3771593090211,305,708,352,743
2,575.3319371727748,1068.2094240837696,555,1053,597,1085
3,668.42397336293,32.074361820199776,651,16,689,51
4,913.492125984252,808.9021372328459,883,791,948,830
5,995.6231343283582,203.1218905472637,980,188,1014,221
