label,Centroid-0,Centroid-1,bbox-0,bbox-1,bbox-2,bbox-3
1,326.13799621928166,724.9357277882798,303,709,351,743
2,573.7787114845938,1069.450980392157,552,1054,597,1087
3,659.8666666666667,28.812121212121212,644,13,679,48
4,906.5801603206413,807.9844689378757,873,789,944,829
5,996.7399497487437,202.4321608040201,981,188,1015,220
