label,Centroid-0,Centroid-1,bbox-0,bbox-1,bbox-2,bbox-3
1,261.11717171717174,769.8707070707071,247,747,276,794
2,609.3226495726495,1124.3728632478633,588,1106,631,1143
3,837.0622537431049,731.6493301812451,816,712,859,752
4,933.1707882534776,717.6051004636785,914,689,954,747
5,955.4976599063963,445.0717628705148,942,431,971,461
