label,Centroid-0,Centroid-1,bbox-0,bbox-1,bbox-2,bbox-3
1,263.6257359125315,767.9764507989908,247,748,283,792
2,638.0497512437811,1102.634328358209,623,1085,655,1122
3,666.1929382093316,1025.935687263556,646,1013,687,1040
4,752.1246056782335,1238.8611987381703,738,1225,767,1254
5,928.9133514986376,710.8228882833788,905,681,953,736
6,949.1700154559505,1094.1282843894899,935,1080,965,1109
7,994.6014285714285,602.885,975,580,1016,627
