label,Centroid-0,Centroid-1,bbox-0,bbox-1,bbox-2,bbox-3
1,268.2351885098743,760.5152603231597,249,742,291,783
2,582.8258536585366,1035.4004878048781,554,1011,607,1067
3,714.3409506398538,1011.9506398537477,695,994,735,1030
4,911.5226804123712,740.8051546391753,900,717,925,766
