label,Centroid-0,Centroid-1,bbox-0,bbox-1,bbox-2,bbox-3
1,184.20112781954887,1382.8214285714287,168,1372,201,1392
2,259.93064182194615,770.6542443064183,245,749,275,794
3,314.8008658008658,355.6287878787879,294,343,338,371
4,650.0702936928262,1014.9003370245547,620,994,685,1045
5,892.6588145896657,627.1945288753799,875,605,915,650
6,935.8269972451791,727.1057851239669,912,700,962,752
