label,Centroid-0,Centroid-1,bbox-0,bbox-1,bbox-2,bbox-3
1,308.07379375591296,737.1135288552507,285,722,333,754
2,576.0497041420118,1270.3627218934912,552,1247,604,1294
3,581.8957446808511,1063.354255319149,564,1048,603,1083
4,623.0817142857143,1170.826857142857,598,1147,649,1195
5,783.4654545454546,1004.9503030303031,768,989,801,1023
6,913.51,756.4533333333334,894,740,935,773
7,984.0297397769517,881.4349442379182,964,863,1005,901
8,996.9699769053118,201.44919168591224,980,186,1016,219
