label,Centroid-0,Centroid-1,bbox-0,bbox-1,bbox-2,bbox-3
1,260.3612099644128,767.6690391459075,246,742,275,795
2,583.2035928143713,70.78243512974052,566,52,604,92
3,591.6329966329967,1026.1391694725028,577,1005,606,1049
4,617.6325411334552,1126.2632541133455,600,1108,640,1149
5,911.4416666666667,575.8392857142857,891,562,933,591
6,923.3174762143215,720.2123184777166,898,691,952,747
7,947.5497835497836,454.85714285714283,933,440,964,471
