label,Centroid-0,Centroid-1,bbox-0,bbox-1,bbox-2,bbox-3
1,140.45035105315947,215.59578736208627,121,200,164,235
2,263.4075508228461,767.1287512100678,247,749,283,789
3,586.7602996254682,1013.5099875156055,564,991,609,1043
4,722.4696132596686,932.7750591949487,699,916,751,950
5,934.6281368821293,723.2083650190114,913,696,957,752
