label,Centroid-0,Centroid-1,bbox-0,bbox-1,bbox-2,bbox-3
1,259.53717277486913,768.6083769633508,246,747,274,792
2,556.9249676584735,1028.2975420439845,542,1011,573,1047
3,629.8784284655301,1107.5826538176427,605,1083,655,1133
4,640.6207571801566,1037.4060052219322,622,1012,663,1069
5,929.9910464465585,721.8041410184667,906,696,956,747
6,998.6690763052209,599.1036144578313,979,580,1019,618
