label,Centroid-0,Centroid-1,bbox-0,bbox-1,bbox-2,bbox-3
1,17.007415254237287,39.21610169491525,0,23,39,59
2,259.7287694974003,767.605719237435,246,741,275,795
3,582.8497713912476,1026.3729588504245,562,1004,605,1049
4,643.1598414795244,1124.9540951122854,601,1087,688,1167
5,628.0024509803922,1071.7205882352941,614,1052,643,1093
6,922.054226475279,726.8181818181819,902,708,944,748
7,942.8372434017596,459.6407624633431,928,446,960,475
