label,Centroid-0,Centroid-1,bbox-0,bbox-1,bbox-2,bbox-3
1,18.5129265770424,39.39503619441572,0,23,40,60
2,259.58978873239437,766.987676056338,246,741,275,794
3,583.1315965263861,1026.9144956579826,562,1005,605,1050
4,642.4234538695505,1124.998310239946,600,1090,688,1166
5,923.9440715883669,726.296047725578,903,706,946,748
6,943.3869565217391,459.1463768115942,929,445,960,475
