label,Centroid-0,Centroid-1,bbox-0,bbox-1,bbox-2,bbox-3
1,260.2780898876405,768.9082397003746,247,744,275,795
2,538.8766788766789,1012.5225885225885,525,993,553,1034
3,590.046398046398,1025.5152625152625,576,1006,604,1047
4,868.1624737945492,570.4496855345911,850,554,888,588
5,913.1782178217821,585.5022502250225,894,568,934,606
6,927.2670068027211,729.2936507936508,905,701,954,753
7,951.764880952381,451.33482142857144,938,437,968,467
