label,Centroid-0,Centroid-1,bbox-0,bbox-1,bbox-2,bbox-3
1,65.47491995731056,110.82710779082177,47,96,88,129
2,259.66327568667344,771.7171922685657,246,750,274,796
3,593.9943342776204,993.3810198300283,580,977,610,1011
4,954.0423921271764,721.1453444360333,936,700,978,747
