label,Centroid-0,Centroid-1,bbox-0,bbox-1,bbox-2,bbox-3
1,54.59832635983263,108.97071129707113,37,93,76,129
2,104.00967351874245,128.043530834341,87,114,124,145
3,259.1525076765609,770.7072671443193,246,749,274,794
4,560.0649717514125,988.5861581920904,544,974,578,1003
5,593.3604294478528,993.3374233128834,580,978,608,1010
6,952.6741741741741,720.8558558558559,935,699,974,747
