label,Centroid-0,Centroid-1,bbox-0,bbox-1,bbox-2,bbox-3
1,260.79675572519085,768.5314885496183,247,745,276,794
2,586.4614379084967,1010.8078431372548,571,996,604,1028
3,716.2934518997574,930.1818916734034,695,913,740,950
4,928.5651237890205,723.0909580193756,902,696,957,751
