label,Centroid-0,Centroid-1,bbox-0,bbox-1,bbox-2,bbox-3
1,311.10610328638495,736.2075117370892,288,721,336,754
2,575.061143984221,1270.1158777120315,549,1242,605,1295
3,582.4969604863222,1060.8632218844984,567,1048,600,1075
4,622.432863274065,1167.4304107909259,599,1144,648,1192
5,784.8772874058127,1003.6049515608181,767,987,804,1021
6,991.3522123893805,877.1867256637169,973,859,1013,898
7,996.9049826187718,201.04287369640787,980,186,1016,219
