label,Centroid-0,Centroid-1,bbox-0,bbox-1,bbox-2,bbox-3
1,324.1752475247525,726.1564356435644,302,710,348,744
2,574.7974276527331,1068.4962486602358,555,1053,595,1086
3,909.1492537313433,807.3075692963753,877,790,945,829
4,996.9837019790453,202.81024447031433,981,187,1016,221
