label,Centroid-0,Centroid-1,bbox-0,bbox-1,bbox-2,bbox-3
1,334.25989672977624,706.2444061962134,315,688,357,726
2,550.5628803245436,1130.476673427992,531,1116,572,1146
3,836.5718901453959,965.6906300484653,816,947,859,987
4,866.2683937823834,254.50051813471504,845,241,889,268
5,979.106728538283,977.0672853828306,963,961,997,995
