label,Centroid-0,Centroid-1,bbox-0,bbox-1,bbox-2,bbox-3
1,220.1270207852194,994.9853733641263,199,973,242,1017
2,338.5700934579439,879.7794392523365,321,862,359,901
3,536.057761732852,151.4717208182912,519,137,555,168
4,710.1733053808525,898.7365478686233,692,876,730,923
5,716.8577291381669,12.09439124487004,699,0,736,27
6,849.7136879856545,1022.3448894202032,827,990,874,1054
7,1011.0788770053476,1002.379679144385,993,989,1030,1016
8,1020.2769028871392,137.15748031496062,1006,119,1036,156
