label,Centroid-0,Centroid-1,bbox-0,bbox-1,bbox-2,bbox-3
1,47.68360277136259,786.036181678214,28,766,70,809
2,183.9656050955414,1365.9910828025477,167,1349,201,1385
3,308.65763052208837,877.6495983935743,291,860,329,898
4,608.301824212272,225.83333333333334,591,204,630,251
5,725.1140142517814,601.6520190023753,709,584,741,622
6,763.5364705882353,955.2117647058824,748,938,781,975
7,877.4876847290641,768.9667487684729,863,751,894,788
8,1010.2076411960132,1019.1395348837209,990,999,1031,1040
