label,Centroid-0,Centroid-1,bbox-0,bbox-1,bbox-2,bbox-3
1,178.43821510297482,637.8569794050343,161,622,198,656
2,324.51063829787233,892.7981947130884,300,871,350,917
3,860.7964757709251,533.6061674008811,842,516,884,556
4,876.5380116959064,156.51169590643275,862,142,894,172
5,993.4428571428572,972.8415584415584,980,954,1007,993
