label,Centroid-0,Centroid-1,bbox-0,bbox-1,bbox-2,bbox-3
1,292.07308160779536,846.2777101096224,276,830,310,864
2,336.5629139072848,882.317880794702,319,865,356,902
3,583.5951417004048,143.06983805668017,565,127,605,162
4,723.9479418886199,19.99636803874092,706,5,743,37
5,731.5256869772999,900.8303464755078,716,881,748,922
6,850.344262295082,1021.3120608899297,827,989,877,1054
7,1006.83961352657,143.3024154589372,990,125,1027,164
