label,Centroid-0,Centroid-1,bbox-0,bbox-1,bbox-2,bbox-3
1,53.73343605546995,1371.6163328197226,38,1360,71,1386
2,343.7090909090909,876.5793388429752,324,858,366,897
3,511.96613190730835,808.9215686274509,493,790,534,832
4,848.3039906103286,1024.7241784037558,822,992,874,1054
5,878.0775119617225,1187.6354066985646,862,1163,895,1213
6,884.2059533386966,783.5164923572004,865,765,907,805
7,1019.3748691099477,1004.2670157068063,998,989,1040,1020
