label,Centroid-0,Centroid-1,bbox-0,bbox-1,bbox-2,bbox-3
1,345.82805907172997,884.0590717299579,326,868,367,902
2,857.5899814471243,231.72634508348793,842,208,875,257
3,866.6253746253747,520.1228771228771,845,507,891,535
