label,Centroid-0,Centroid-1,bbox-0,bbox-1,bbox-2,bbox-3
1,240.36477382098172,27.750721847930702,223,9,261,50
2,259.10737704918034,735.1991803278688,238,717,284,757
3,256.52,953.5093333333333,243,935,272,972
4,287.3461249059443,890.6659142212189,267,869,309,915
5,525.4220183486239,1171.8872870249018,508,1157,544,1188
6,598.5795246800732,1246.1142595978063,580,1228,619,1266
7,821.1521068859198,608.0996916752313,801,589,840,626
8,925.3624856156501,818.7617951668584,912,797,939,839
9,987.4430501930502,111.42277992277992,962,100,1014,124
