label,Centroid-0,Centroid-1,bbox-0,bbox-1,bbox-2,bbox-3
1,103.25138888888888,880.6333333333333,86,868,122,896
2,194.24590163934425,466.20127504553733,175,448,216,487
3,335.1699421965318,881.7872832369942,320,865,352,901
4,675.596015936255,480.65498007968125,659,455,695,508
5,725.4899732620321,1370.6377005347595,703,1348,749,1392
6,725.7167464114832,59.19712918660287,710,40,745,82
7,841.2301204819277,1035.6361445783132,822,1022,862,1050
8,883.6745783885071,972.0037476577139,864,948,905,998
9,977.2389189189189,114.26810810810811,960,98,997,133
