label,Centroid-0,Centroid-1,bbox-0,bbox-1,bbox-2,bbox-3
1,833.658591975776,966.7274791824375,815,946,856,990
2,863.5915863277827,536.3514460999123,844,518,885,557
3,980.9840674789128,973.7778819119026,964,954,999,996
