label,Centroid-0,Centroid-1,bbox-0,bbox-1,bbox-2,bbox-3
1,337.70383522727275,914.7379261363636,314,893,360,939
2,535.9765853658537,1138.1570731707318,518,1119,554,1160
3,837.0276434001382,968.1831375259156,816,947,859,992
4,859.8151658767772,541.2286729857819,844,525,878,559
5,978.9558390578999,974.1040235525024,962,955,997,995
