label,Centroid-0,Centroid-1,bbox-0,bbox-1,bbox-2,bbox-3
1,541.9587123862841,1135.4282715185445,518,1111,565,1158
2,832.7368421052631,965.885816235504,814,948,853,987
3,856.097609561753,260.453187250996,835,242,874,278
4,859.1469534050179,538.9641577060931,840,521,882,560
5,975.6307007786429,974.8798665183538,959,958,993,993
