label,Centroid-0,Centroid-1,bbox-0,bbox-1,bbox-2,bbox-3
1,337.1174743024963,914.5315712187959,315,893,359,938
2,542.438560760353,1136.9137813985064,520,1113,566,1160
3,833.1004115226337,963.9341563786008,814,944,854,986
4,858.7379162191193,539.9602577873254,842,524,879,559
5,975.7787610619469,973.3340707964602,959,957,994,992
