label,Centroid-0,Centroid-1,bbox-0,bbox-1,bbox-2,bbox-3
1,333.39581256231304,887.0219341974077,317,866,351,909
2,711.8125874125874,1038.9636363636364,695,1024,730,1054
3,861.1277719112989,521.1805702217529,842,507,884,537
