label,Centroid-0,Centroid-1,bbox-0,bbox-1,bbox-2,bbox-3
1,325.18286814244465,897.9586140519731,308,878,345,920
2,708.84625,1027.87125,695,1008,724,1048
3,760.8867313915857,429.78155339805824,740,411,784,450
4,765.3807471264367,212.42816091954023,751,197,781,229
5,864.9271457085829,520.9201596806387,844,507,889,536
