label,Centroid-0,Centroid-1,bbox-0,bbox-1,bbox-2,bbox-3
1,76.01794145420207,261.85080264400375,60,242,94,286
2,337.4628514056225,876.9588353413654,320,860,357,896
3,842.4430538172716,1036.5269086357948,825,1023,861,1052
4,875.6753056234719,983.9398533007335,846,956,907,1015
5,956.9369127516778,115.4738255033557,942,101,975,133
6,981.5061559507524,973.1497948016416,960,951,1005,997
