label,Centroid-0,Centroid-1,bbox-0,bbox-1,bbox-2,bbox-3
1,105.65981308411214,887.5448598130841,88,870,126,908
2,192.26947754353804,463.06966086159485,174,445,214,484
3,335.61242603550295,877.9082840236687,317,861,356,897
4,685.0371621621622,481.9203667953668,657,456,712,513
5,724.7316831683169,60.65841584158416,705,44,746,78
6,726.3667443667443,1368.2789432789432,706,1347,746,1391
7,839.9802890932983,1036.3429697766098,823,1022,859,1052
8,882.6809360730593,971.2283105022831,864,945,904,1000
9,973.8810325476992,117.76543209876543,957,102,993,137
