label,Centroid-0,Centroid-1,bbox-0,bbox-1,bbox-2,bbox-3
1,335.4954128440367,893.1467889908257,317,875,357,913
2,841.3732590529248,1034.7799442896935,825,1020,858,1050
3,856.9158016147636,508.441753171857,838,491,877,527
4,873.5139275766016,1197.3690807799444,859,1181,891,1213
5,985.151948051948,80.36883116883116,971,62,1001,100
