label,Centroid-0,Centroid-1,bbox-0,bbox-1,bbox-2,bbox-3
1,73.85151856017998,889.1754780652418,58,873,92,908
2,205.02027027027026,895.0364864864865,193,877,218,915
3,335.6031746031746,892.3373015873016,316,876,357,911
4,576.2965271593945,821.3018699910953,559,803,598,844
5,581.6498599439776,233.85854341736695,567,219,598,251
6,710.5157329240214,1062.1135840368381,689,1043,734,1083
7,866.3769152196119,519.6567926455567,846,505,890,534
8,1012.6127819548872,71.8734335839599,994,58,1031,87
