label,Centroid-0,Centroid-1,bbox-0,bbox-1,bbox-2,bbox-3
1,828.4348290598291,946.0448717948718,814,924,843,967
2,864.2693173293324,535.1297824456115,844,516,886,555
3,987.7827324478178,971.6935483870968,967,954,1006,994
