label,Centroid-0,Centroid-1,bbox-0,bbox-1,bbox-2,bbox-3
1,332.97886540600666,918.8854282536151,315,899,353,939
2,542.7446808510638,1135.1798215511324,519,1111,566,1157
3,832.3953279424977,964.0233602875112,815,946,853,985
4,849.9985611510791,263.8661870503597,833,250,868,278
5,859.0277280858676,539.6833631484794,840,522,881,560
6,976.1877880184331,974.0403225806451,960,958,995,992
