label,Centroid-0,Centroid-1,bbox-0,bbox-1,bbox-2,bbox-3
1,834.2042467138524,962.9292214357937,816,946,853,981
2,859.628,538.5586666666667,845,523,877,556
3,980.4736337488015,973.2147651006711,964,954,999,995
