label,Centroid-0,Centroid-1,bbox-0,bbox-1,bbox-2,bbox-3
1,302.11764705882354,611.2217806041335,280,593,326,632
2,325.22831325301206,889.8704819277109,299,868,352,913
3,861.8395989974937,517.5714285714286,843,505,882,531
4,977.7602179836513,962.7029972752043,959,950,997,976
