label,Centroid-0,Centroid-1,bbox-0,bbox-1,bbox-2,bbox-3
1,338.4532751091703,707.2069868995633,318,690,361,725
2,736.6058495821727,388.97353760445685,721,375,754,405
3,840.1091703056769,964.3598253275109,821,946,862,984
4,856.3760330578513,544.0433884297521,839,527,876,563
5,869.1452894438138,253.55959137343928,849,239,891,269
6,976.0578313253012,980.6096385542169,960,965,994,998
