label,Centroid-0,Centroid-1,bbox-0,bbox-1,bbox-2,bbox-3
1,335.05405405405406,894.0689655172414,317,876,355,915
2,642.2936772046589,1188.6863560732113,622,1168,667,1206
3,718.3301549463647,959.2789034564959,700,942,736,976
4,873.3506355932203,1193.2870762711864,855,1177,893,1211
