label,Centroid-0,Centroid-1,bbox-0,bbox-1,bbox-2,bbox-3
1,341.379821958457,879.5044510385757,324,862,362,899
2,597.6359411309063,1262.3470178156467,578,1241,619,1285
3,828.7715019255455,103.61232349165597,811,90,849,120
4,841.0831435079726,1037.0410022779042,822,1023,862,1053
5,959.4152823920266,72.49169435215947,942,57,979,90
6,993.266836086404,222.03176620076238,978,206,1011,240
