label,Centroid-0,Centroid-1,bbox-0,bbox-1,bbox-2,bbox-3
1,336.6963788300836,892.9777158774373,319,875,357,914
2,449.17190506735085,759.5304682488775,425,738,476,781
3,637.3045234248789,1181.36591276252,619,1161,658,1204
4,854.927392739274,1025.4114411441144,836,1007,873,1044
5,910.4666095890411,1157.6395547945206,892,1139,931,1178
