label,Centroid-0,Centroid-1,bbox-0,bbox-1,bbox-2,bbox-3
1,337.9398496240602,892.2124060150376,319,875,359,912
2,443.4060606060606,750.5454545454545,422,729,466,773
3,639.4937176644494,1185.550628233555,620,1164,660,1209
4,717.142150803461,962.6526576019777,701,945,734,981
5,845.5010288065844,1032.0751028806585,825,1018,868,1048
6,892.4984984984985,1174.7397397397397,876,1157,912,1195
