label,Centroid-0,Centroid-1,bbox-0,bbox-1,bbox-2,bbox-3
1,335.70448307410794,705.131747483989,316,688,358,723
2,554.6477157360406,1129.8659898477158,536,1113,574,1147
3,837.9122641509434,965.2207547169811,820,948,859,985
4,862.4952456418383,256.42076069730587,840,240,890,277
5,858.8578947368421,547.6947368421053,842,531,878,566
6,976.614136732329,978.9710312862109,960,963,995,997
