label,Centroid-0,Centroid-1,bbox-0,bbox-1,bbox-2,bbox-3
1,68.71834061135371,885.3689956331878,53,869,87,905
2,330.93766233766235,894.0285714285715,311,876,354,915
3,572.030701754386,817.436403508772,546,790,602,845
4,574.9797160243407,237.89553752535497,555,223,597,256
5,714.3887399463807,1051.6930294906167,696,1038,734,1066
6,865.8727615457116,520.1658812441093,845,504,891,537
7,1009.8042813455658,82.05300713557594,995,63,1028,104
