label,Centroid-0,Centroid-1,bbox-0,bbox-1,bbox-2,bbox-3
1,335.42348008385744,879.8050314465409,319,863,355,899
2,607.5003494060098,1264.747030048917,585,1243,631,1287
3,842.5259095920618,1035.9647188533627,823,1022,864,1052
4,876.9395306859205,402.6823104693141,859,385,899,424
5,961.1418918918919,67.73648648648648,944,52,980,86
6,991.8931677018634,225.85093167701862,977,210,1010,244
