label,Centroid-0,Centroid-1,bbox-0,bbox-1,bbox-2,bbox-3
1,829.239946380697,273.0938337801609,812,258,847,290
2,844.3390928725702,972.3714902807775,829,951,859,994
3,980.6136363636364,974.6236363636364,963,956,1000,997
