label,Centroid-0,Centroid-1,bbox-0,bbox-1,bbox-2,bbox-3
1,331.0709090909091,887.3509090909091,305,866,358,910
2,864.5332555425904,518.2310385064177,844,506,886,531
