label,Centroid-0,Centroid-1,bbox-0,bbox-1,bbox-2,bbox-3
1,347.75322703113136,707.9248291571754,326,689,372,729
2,737.6489971346705,388.15616045845275,723,374,754,405
3,841.1541244573083,966.0397973950796,820,946,862,988
4,855.2377622377622,543.2097902097902,838,526,875,563
5,864.5127362366475,256.90304026294166,843,240,891,277
6,976.4154411764706,978.7585784313726,961,963,994,996
