label,Centroid-0,Centroid-1,bbox-0,bbox-1,bbox-2,bbox-3
1,344.9273356401384,710.9354094579008,329,694,363,729
2,546.3987804878049,1132.5146341463415,530,1117,564,1149
3,837.6758893280632,961.4199604743083,820,944,858,983
4,852.977973568282,546.9834801762114,836,531,872,565
5,867.6810126582278,255.47341772151898,846,239,893,274
6,975.9821852731592,979.5083135391924,960,964,994,997
