label,Centroid-0,Centroid-1,bbox-0,bbox-1,bbox-2,bbox-3
1,312.3464955577493,889.812438302073,295,872,333,911
2,765.4930467762326,1005.6485461441214,741,985,791,1028
3,866.5403141361256,518.848167539267,845,506,890,532
