label,Centroid-0,Centroid-1,bbox-0,bbox-1,bbox-2,bbox-3
1,125.67811158798283,576.3167381974249,104,560,151,596
2,337.64040404040406,880.2888888888889,321,862,356,901
3,678.670244484198,496.9206917113894,657,473,702,524
4,724.6342229199372,1373.6978021978023,703,1354,746,1392
5,735.0557729941291,60.31213307240704,716,43,756,78
6,841.5841121495328,1036.9007009345794,823,1023,862,1053
7,969.4850828729282,101.8011049723757,952,86,989,120
