label,Centroid-0,Centroid-1,bbox-0,bbox-1,bbox-2,bbox-3
1,241.3414264036419,421.6555386949924,228,408,257,438
2,282.9689366786141,891.4671445639187,267,876,301,909
3,706.1897810218978,213.53357664233576,682,196,734,233
4,907.1018437225637,261.34152765583843,888,243,930,282
5,943.8919288645691,284.0834473324213,927,272,963,298
6,977.6913002806361,112.01683816651075,952,100,1005,124
7,1031.9021956087824,96.93213572854292,1022,79,1040,115
