label,Centroid-0,Centroid-1,bbox-0,bbox-1,bbox-2,bbox-3
1,336.09657947686117,888.0573440643864,318,872,357,908
2,625.7464195450716,322.0513900589722,607,303,648,344
3,866.5801838610828,520.1246169560776,845,507,890,534
4,1013.3402868318123,1104.7731421121252,997,1087,1029,1122
5,1021.0738434163701,562.952846975089,1003,544,1040,583
