label,Centroid-0,Centroid-1,bbox-0,bbox-1,bbox-2,bbox-3
1,328.52611218568666,895.0425531914893,312,874,347,918
2,711.6307106598985,1038.3642131979695,695,1022,730,1055
3,861.4839378238343,521.7284974093265,843,507,884,539
4,943.5085085085085,65.27227227227228,922,50,967,83
