label,Centroid-0,Centroid-1,bbox-0,bbox-1,bbox-2,bbox-3
1,328.9484103179364,888.1163767246551,303,866,356,911
2,862.6492220650637,518.6478076379067,846,506,881,532
