label,Centroid-0,Centroid-1,bbox-0,bbox-1,bbox-2,bbox-3
1,188.28774617067833,1352.1477024070023,175,1332,203,1374
2,340.3558052434457,881.3342696629213,322,865,361,901
3,415.2544103992572,561.5422469823584,397,544,436,582
4,711.207100591716,892.8491124260355,689,872,732,916
5,850.6816608996539,1023.0092272202999,826,989,877,1056
6,1018.0404814004377,142.80853391684903,1001,126,1038,161
