label,Centroid-0,Centroid-1,bbox-0,bbox-1,bbox-2,bbox-3
1,302.89045643153526,610.7244813278008,282,593,326,631
2,327.89028776978415,888.2835731414868,301,867,355,911
3,861.1631853785901,516.5600522193212,842,504,881,530
4,977.6,962.4246753246754,958,950,998,976
