label,Centroid-0,Centroid-1,bbox-0,bbox-1,bbox-2,bbox-3
1,13.28005657708628,1379.1541725601132,0,1365,30,1392
2,101.35089209855565,1354.214953271028,81,1337,124,1373
3,202.28801843317973,1156.3824884792627,182,1137,224,1179
4,321.2238398544131,890.8371246587807,303,873,341,911
5,609.6860282574569,568.3375196232339,596,554,625,584
6,920.8824681684623,57.38197845249755,901,38,939,76
7,953.4483960948396,858.2796373779637,930,840,980,880
8,990.815158546017,348.91724671307037,970,330,1016,372
9,1021.0685131195336,1027.5743440233236,1007,1011,1035,1044
