label,Centroid-0,Centroid-1,bbox-0,bbox-1,bbox-2,bbox-3
1,337.27684441197954,914.4346238130022,315,892,359,939
2,536.4579533941236,1138.6889564336373,519,1120,554,1160
3,836.8257006151744,967.7060833902939,815,946,860,992
4,860.0728021978022,540.1208791208791,845,526,878,556
5,978.9780658025923,973.8903290129612,962,956,997,995
