label,Centroid-0,Centroid-1,bbox-0,bbox-1,bbox-2,bbox-3
1,329.04914933837426,887.4593572778828,303,867,355,909
2,865.433257918552,517.6391402714933,844,506,888,531
