label,Centroid-0,Centroid-1,bbox-0,bbox-1,bbox-2,bbox-3
1,331.8958707360862,886.5655296229803,306,863,359,910
2,984.199391171994,986.1065449010655,969,972,1001,1001
3,1011.1467025572006,1092.0013458950202,994,1078,1029,1107
4,1020.8221083455344,346.1617862371889,1001,322,1040,371
