label,Centroid-0,Centroid-1,bbox-0,bbox-1,bbox-2,bbox-3
1,317.3318661971831,886.2508802816901,295,868,342,906
2,534.1568535091851,1182.9533678756477,509,1153,562,1210
3,814.8313627878034,1011.2476664592408,792,990,839,1034
4,864.4350721420644,518.3806881243063,844,506,887,532
