label,Centroid-0,Centroid-1,bbox-0,bbox-1,bbox-2,bbox-3
1,57.903307888040715,1367.0203562340967,40,1351,75,1384
2,164.63145161290322,1349.842741935484,144,1332,190,1373
3,343.4704276615105,876.5950864422202,325,859,365,897
4,520.5364032358432,814.6359676415682,494,790,547,837
5,652.878813559322,944.3322033898305,635,925,673,966
6,837.4751773049645,1127.7683215130023,820,1110,856,1147
7,846.7330202312139,1018.9703757225434,824,977,874,1068
8,878.6663326653306,1192.2815631262524,863,1169,895,1217
