label,Centroid-0,Centroid-1,bbox-0,bbox-1,bbox-2,bbox-3
1,337.06708407871196,892.695885509839,318,875,360,914
2,864.0702970297029,520.5514851485149,844,505,888,537
