label,Centroid-0,Centroid-1,bbox-0,bbox-1,bbox-2,bbox-3
1,349.2696316886727,890.0375260597638,326,869,373,910
2,771.5864592863678,224.59560841720037,752,206,794,246
3,861.3061650992686,240.78474399164054,843,224,881,258
4,867.5059760956175,520.534860557769,845,507,892,535
