label,Centroid-0,Centroid-1,bbox-0,bbox-1,bbox-2,bbox-3
1,335.46016949152545,697.193220338983,314,679,359,717
2,540.7594936708861,1129.0424954792043,524,1109,560,1150
3,834.4512922465209,964.2962226640159,817,947,854,985
4,865.4032815198618,257.28065630397236,841,241,892,276
5,977.9128094725511,973.9978471474705,961,958,997,992
