label,Centroid-0,Centroid-1,bbox-0,bbox-1,bbox-2,bbox-3
1,329.03787195671777,896.380522993688,310,877,350,919
2,710.7259953161592,1036.7248243559718,694,1018,730,1055
3,861.5811467444121,521.9757045675414,842,507,886,540
4,943.6962247585601,63.343283582089555,923,46,968,84
