label,Centroid-0,Centroid-1,bbox-0,bbox-1,bbox-2,bbox-3
1,8.595238095238095,1340.1320346320347,0,1327,21,1354
2,201.61246348588122,1187.8792599805258,186,1167,218,1210
3,234.6361301369863,846.3279109589041,215,829,258,866
4,287.8646986469865,891.3382533825338,271,877,307,907
5,911.32,815.7072222222222,885,789,939,843
6,982.3015075376884,111.54170854271356,958,100,1008,124
