label,Centroid-0,Centroid-1,bbox-0,bbox-1,bbox-2,bbox-3
1,301.9155844155844,610.4512987012987,280,594,327,630
2,321.8083038869258,884.7871024734982,299,868,347,904
