label,Centroid-0,Centroid-1,bbox-0,bbox-1,bbox-2,bbox-3
1,323.7530402245089,887.8091674462114,300,874,349,903
2,865.934693877551,519.7775510204082,844,506,890,533
3,1019.1180124223603,1113.3392857142858,996,1090,1040,1132
4,1030.6828528072838,249.71927162367223,1020,229,1040,270
