label,Centroid-0,Centroid-1,bbox-0,bbox-1,bbox-2,bbox-3
1,324.3781818181818,889.189090909091,299,867,351,912
2,858.887591240876,521.2540145985402,842,508,877,535
3,1020.8149847094801,341.1345565749235,1000,320,1040,362
