label,Centroid-0,Centroid-1,bbox-0,bbox-1,bbox-2,bbox-3
1,316.63323782234954,886.3457497612226,298,868,338,908
2,474.69465648854964,727.6259541984733,452,705,500,749
3,762.6033007334963,1005.9132029339853,737,984,788,1029
4,865.1986970684039,518.6590662323562,844,506,888,532
