label,Centroid-0,Centroid-1,bbox-0,bbox-1,bbox-2,bbox-3
1,127.89019279128249,1168.5305951383068,111,1148,147,1191
2,256.02461799660443,632.792869269949,239,612,275,656
3,333.69462770970785,894.4137606032045,316,877,354,914
4,457.8639514731369,613.9020797227037,441,594,478,636
5,718.700887198986,962.5652724968314,704,943,734,983
6,778.4580209895053,907.6379310344828,757,888,804,930
7,843.0680918448139,1032.9588281868566,823,1013,866,1055
8,866.9270346117867,517.2170252572498,843,502,893,533
