label,Centroid-0,Centroid-1,bbox-0,bbox-1,bbox-2,bbox-3
1,124.29982668977469,575.7660311958406,103,560,149,596
2,336.39447513812155,879.1469613259668,321,862,355,899
3,676.6790450928382,497.7811671087533,656,475,700,525
4,722.2905692438403,1372.7383177570093,703,1355,744,1392
5,840.8632075471698,1036.375,822,1022,861,1052
6,966.9854260089686,102.55381165919283,950,86,986,121
7,1023.8032407407408,1251.5590277777778,1010,1230,1039,1274
