label,Centroid-0,Centroid-1,bbox-0,bbox-1,bbox-2,bbox-3
1,344.6061349693251,711.6503067484663,329,695,362,729
2,544.7757100881489,1134.79236043095,528,1116,564,1156
3,837.5740561471442,962.729912875121,820,945,858,984
4,853.3130434782609,545.4478260869565,837,529,872,564
5,866.6117247238742,255.77824978759557,845,240,892,274
6,976.0482509047044,979.8854041013269,960,964,994,997
