label,Centroid-0,Centroid-1,bbox-0,bbox-1,bbox-2,bbox-3
1,345.9338129496403,925.4395683453238,323,904,369,949
2,344.32814371257484,703.0251497005988,327,688,364,719
3,542.4393420150789,1135.6696367374914,520,1111,565,1158
4,833.5156537753223,966.2421731123388,815,949,854,987
5,859.1868910540301,538.8627103631533,840,521,882,560
6,859.1628498727736,259.55725190839695,842,243,875,277
7,975.8573059360731,975.2956621004566,960,960,994,993
