label,Centroid-0,Centroid-1,bbox-0,bbox-1,bbox-2,bbox-3
1,130.36902654867257,1169.1725663716813,111,1151,152,1190
2,211.39885057471264,892.7942528735632,196,875,229,913
3,263.41563393708293,642.4957102001906,246,625,284,663
4,336.12133072407045,894.6066536203523,318,878,356,914
5,778.7475582268971,909.2546957175057,757,889,802,931
6,843.3881578947369,1033.9761513157894,824,1015,865,1056
7,866.6344497607655,517.1636363636363,843,502,892,533
