label,Centroid-0,Centroid-1,bbox-0,bbox-1,bbox-2,bbox-3
1,325.58512599877076,888.5402581438229,300,866,353,911
2,858.9817415730337,521.5449438202247,842,508,877,536
3,979.627569528416,981.1100362756953,963,963,998,999
4,1018.712890625,337.3408203125,1000,320,1040,358
