label,Centroid-0,Centroid-1,bbox-0,bbox-1,bbox-2,bbox-3
1,174.955185659411,638.3226632522408,156,625,195,653
2,323.49012109623965,893.4047163798598,299,871,349,918
3,861.336974789916,533.818487394958,842,516,885,556
4,875.7425742574258,158.62517680339462,862,144,893,175
5,1020.4834437086092,1095.7569536423841,999,1072,1040,1119
