label,Centroid-0,Centroid-1,bbox-0,bbox-1,bbox-2,bbox-3
1,201.61530815109344,1187.9284294234592,186,1167,218,1210
2,236.30658591975777,848.7698713096139,217,828,259,871
3,286.67973856209153,890.7945845004668,268,873,308,911
4,913.5654281098546,813.1572428648358,889,789,940,841
5,985.031712473573,110.94186046511628,961,100,1010,123
