label,Centroid-0,Centroid-1,bbox-0,bbox-1,bbox-2,bbox-3
1,14.46618106139438,1336.5723204994797,0,1320,33,1357
2,22.473447344734474,917.4005400540054,5,898,42,940
3,226.68006700167504,522.6557788944724,207,504,250,545
4,283.7518493611298,890.5857431069267,262,868,306,915
5,854.1575418994413,1052.9944134078212,842,1031,867,1076
6,897.4666666666667,839.9875,882,824,914,857
7,937.6679012345679,778.3061728395062,922,760,955,798
