label,Centroid-0,Centroid-1,bbox-0,bbox-1,bbox-2,bbox-3
1,347.1911894273128,704.6555066079295,328,687,368,724
2,546.3604294478528,1133.5628834355828,532,1120,562,1149
3,838.2818991097923,962.7220573689416,821,945,859,984
4,855.2630541871921,544.7783251231527,838,527,875,564
5,866.6001788908766,255.31216457960645,843,240,892,271
6,974.9832735961768,980.3560334528077,959,965,993,998
