label,Centroid-0,Centroid-1,bbox-0,bbox-1,bbox-2,bbox-3
1,337.82314814814816,890.1314814814815,320,872,358,911
2,657.3665814151748,391.21824381926683,639,372,679,413
3,841.9386574074074,1035.78125,823,1021,862,1051
4,857.2494199535963,506.2853828306265,839,488,877,525
5,982.8801652892562,154.8229043683589,959,133,1014,178
6,983.1594036697247,76.19495412844037,967,60,1002,95
7,1026.1069330199764,338.73560517038777,1011,321,1040,358
