label,Centroid-0,Centroid-1,bbox-0,bbox-1,bbox-2,bbox-3
1,215.9490538573508,685.410480349345,200,672,233,700
2,245.71150442477875,416.8150442477876,230,396,266,442
3,704.0351692103517,211.76642335766422,681,191,732,235
4,946.6817733990148,289.1064039408867,928,271,967,309
5,980.3662239089184,111.98956356736242,955,100,1007,125
