label,Centroid-0,Centroid-1,bbox-0,bbox-1,bbox-2,bbox-3
1,341.6,890.5117408906883,321,873,365,911
2,774.53216374269,225.24477861319966,754,207,797,246
3,864.9728682170543,519.9961240310078,843,506,890,535
