label,Centroid-0,Centroid-1,bbox-0,bbox-1,bbox-2,bbox-3
1,335.9357707509881,892.2638339920949,318,876,356,911
2,452.51510333863274,760.560413354531,433,741,474,783
3,705.973137973138,1081.2014652014652,686,1069,727,1094
4,836.7988422575977,1032.1997105643993,823,1018,853,1049
5,867.0241492864983,515.5708013172338,846,499,889,533
6,1030.7307692307693,1090.5064102564102,1020,1076,1040,1105
