label,Centroid-0,Centroid-1,bbox-0,bbox-1,bbox-2,bbox-3
1,13.065721649484535,1377.3324742268042,0,1362,30,1392
2,103.47553093259465,1353.639889196676,84,1337,126,1374
3,201.90117647058824,1155.2650980392157,182,1135,224,1178
4,318.25558035714283,885.7220982142857,302,869,337,905
5,377.4588045234249,1027.8998384491115,364,1014,393,1043
6,920.4323094425483,56.334470989761094,902,40,941,75
7,956.7489019033675,858.2035139092241,934,840,981,879
8,990.2533333333333,346.281568627451,972,325,1014,372
9,1021.1605504587156,1026.961773700306,1007,1011,1035,1043
