label,Centroid-0,Centroid-1,bbox-0,bbox-1,bbox-2,bbox-3
1,326.0507996237065,887.7356538099717,305,872,349,906
2,752.211590296496,1005.622641509434,738,990,769,1022
3,865.374251497006,518.7135728542914,843,505,890,532
4,896.9001623376623,1037.4082792207791,878,1018,918,1059
