label,Centroid-0,Centroid-1,bbox-0,bbox-1,bbox-2,bbox-3
1,328.04173228346457,891.0425196850393,306,873,352,912
2,864.7725409836065,519.298155737705,843,506,888,533
3,897.6938159879336,1047.3755656108597,884,1032,913,1064
4,925.8014796547473,919.8717632552405,901,900,953,942
5,1027.2584963954687,1112.5108135942328,1012,1092,1040,1134
