label,Centroid-0,Centroid-1,bbox-0,bbox-1,bbox-2,bbox-3
1,321.5659494855005,885.7745556594948,301,870,345,904
2,472.3574120603015,732.5131909547739,448,712,499,757
3,866.3236514522822,519.2085062240664,844,506,890,533
