label,Centroid-0,Centroid-1,bbox-0,bbox-1,bbox-2,bbox-3
1,213.10271903323263,886.4697885196375,199,873,230,902
2,258.18738898756664,632.0737122557726,239,614,279,653
3,337.4222668004012,892.9959879638917,320,876,357,912
4,714.0319573901464,1071.6065246338217,694,1047,740,1094
5,780.1885038038885,910.0245139475909,762,891,801,931
6,867.7373134328358,518.4437810945274,845,504,893,533
