label,Centroid-0,Centroid-1,bbox-0,bbox-1,bbox-2,bbox-3
1,323.2302977232925,892.0437828371279,303,874,345,914
2,865.6718426501035,518.2691511387163,844,505,889,532
