label,Centroid-0,Centroid-1,bbox-0,bbox-1,bbox-2,bbox-3
1,336.5325558794947,890.041788143829,319,873,357,910
2,638.8219858156028,1187.6148936170214,618,1165,661,1211
3,718.1055979643766,961.7684478371501,702,945,735,980
4,891.779257849667,1176.501427212179,874,1158,912,1196
