label,Centroid-0,Centroid-1,bbox-0,bbox-1,bbox-2,bbox-3
1,589.2242582897034,346.71815008726,572,325,612,368
2,860.1262425447316,534.7157057654075,843,518,881,556
3,947.5492662473795,1081.907756813417,926,1058,973,1105
