label,Centroid-0,Centroid-1,bbox-0,bbox-1,bbox-2,bbox-3
1,71.22867513611615,339.47731397459165,52,322,94,360
2,102.7243735763098,1099.8553530751708,83,1086,124,1114
3,193.10705596107056,847.1265206812652,173,828,215,869
4,328.2794701986755,883.0139072847683,305,859,353,906
5,864.3255567338282,519.5365853658536,843,507,888,534
6,1022.4524469067405,1375.8882733148662,1004,1358,1040,1392
