label,Centroid-0,Centroid-1,bbox-0,bbox-1,bbox-2,bbox-3
1,323.8539944903581,882.2465564738292,306,868,342,897
2,801.9609483960949,291.67224546722457,784,279,821,306
3,859.7769516728624,533.3531598513011,843,515,882,556
4,982.9654178674351,966.1945244956772,966,954,1001,979
