label,Centroid-0,Centroid-1,bbox-0,bbox-1,bbox-2,bbox-3
1,328.1201219512195,887.5426829268292,302,865,355,910
2,858.9760319573901,521.6058588548602,842,508,878,537
3,979.9293981481482,980.5613425925926,963,962,999,999
