label,Centroid-0,Centroid-1,bbox-0,bbox-1,bbox-2,bbox-3
1,334.63012295081967,918.7448770491803,315,898,356,940
2,536.5485175202157,1133.7035040431267,519,1119,553,1148
3,837.7238158772515,966.4069379586391,816,944,859,991
4,859.5627376425856,539.4207858048162,843,525,878,556
5,978.5313131313131,974.5393939393939,962,957,997,995
