label,Centroid-0,Centroid-1,bbox-0,bbox-1,bbox-2,bbox-3
1,828.5134770889488,272.19272237196765,813,255,844,291
2,834.2603550295858,964.6331360946746,816,945,855,985
3,979.8449612403101,973.1308139534884,963,954,998,995
