label,Centroid-0,Centroid-1,bbox-0,bbox-1,bbox-2,bbox-3
1,35.98093587521664,1050.797227036395,17,1033,58,1072
2,170.73953488372092,726.939534883721,151,711,194,747
3,188.33752417794972,1345.8742746615087,171,1327,206,1368
4,345.1459854014599,878.0447080291971,327,860,366,899
5,525.2433132010353,813.655737704918,505,796,548,833
6,850.4179548156956,1023.2068965517242,824,991,876,1053
7,875.8731082654249,1180.059371362049,863,1159,890,1202
8,884.608560311284,789.7416342412452,864,770,907,811
9,1018.1545372866127,1007.4330637915543,1000,989,1039,1028
