label,Centroid-0,Centroid-1,bbox-0,bbox-1,bbox-2,bbox-3
1,241.23224568138195,28.348368522072935,224,10,262,50
2,262.188679245283,734.3162623539982,243,716,285,756
3,260.82952815829526,954.072298325723,244,932,282,978
4,286.8034682080925,891.7030346820809,266,872,309,915
5,526.0540540540541,1171.9391891891892,509,1157,544,1188
6,598.9349816849817,1246.2326007326008,581,1228,619,1266
7,817.0774240231549,604.0246020260493,797,582,840,626
8,925.7958236658933,818.284222737819,913,797,939,840
9,988.3723404255319,111.60058027079303,963,100,1015,124
