label,Centroid-0,Centroid-1,bbox-0,bbox-1,bbox-2,bbox-3
1,45.06698853349427,789.852745926373,23,762,69,817
2,308.926213592233,878.6563106796117,291,861,329,898
3,606.5979166666667,226.22916666666666,591,205,624,248
4,789.7884057971014,957.4705314009661,773,935,810,979
5,863.2945508100147,992.6774668630338,849,977,878,1010
6,875.2621082621083,764.6752136752136,860,749,892,781
