label,Centroid-0,Centroid-1,bbox-0,bbox-1,bbox-2,bbox-3
1,185.5180897250362,1363.2416787264833,174,1346,198,1382
2,316.12896825396825,876.2996031746031,299,858,336,896
3,883.786312849162,931.4832402234637,867,916,900,947
4,965.8655462184873,852.1964285714286,943,840,990,865
5,982.7458617332035,182.03310613437196,965,164,1002,202
6,985.8334630350195,343.9400778210117,966,324,1008,366
7,1023.0,1027.4845105328377,1007,1010,1040,1044
