label,Centroid-0,Centroid-1,bbox-0,bbox-1,bbox-2,bbox-3
1,115.531669865643,689.7204094689699,92,669,143,713
2,306.8152173913044,895.1572463768116,286,875,329,919
3,766.784892086331,1007.9158273381295,745,988,789,1031
4,865.7182320441989,518.2342541436464,845,505,888,532
