label,Centroid-0,Centroid-1,bbox-0,bbox-1,bbox-2,bbox-3
1,321.95051194539246,884.7568259385665,303,866,345,907
2,472.78463747307967,731.4228284278536,452,711,496,753
3,759.7204161248375,1004.7067620286086,733,986,788,1026
4,865.6349557522124,518.6681415929204,845,506,888,532
