label,Centroid-0,Centroid-1,bbox-0,bbox-1,bbox-2,bbox-3
1,239.40074557315936,26.71295433364399,223,7,260,50
2,261.3892068683565,735.4562551103843,241,716,285,758
3,256.9710867397807,954.4047856430708,244,931,271,978
4,285.67960426179604,892.3432267884323,267,872,306,915
5,599.0317028985507,1246.0298913043478,581,1228,620,1266
6,771.5299401197605,948.3952095808384,756,934,788,964
7,817.1984069514845,604.4402606806661,797,583,840,626
8,925.7139807897545,817.3308431163288,912,794,939,840
9,988.0749027237354,112.01459143968872,963,100,1014,125
