label,Centroid-0,Centroid-1,bbox-0,bbox-1,bbox-2,bbox-3
1,8.833671399594321,1340.1764705882354,0,1327,21,1355
2,202.6628242074928,1179.5951008645534,188,1165,220,1195
3,237.40505226480838,847.0749128919861,218,830,260,867
4,287.22639484978544,892.8057939914163,270,876,307,911
5,837.7590221187427,929.8440046565775,817,917,859,944
6,854.4667571234735,1050.0244233378562,843,1031,867,1070
7,906.5045296167248,819.7094076655052,885,796,928,844
8,981.4714566929134,111.28543307086615,956,99,1008,124
