label,Centroid-0,Centroid-1,bbox-0,bbox-1,bbox-2,bbox-3
1,211.7856093979442,884.1541850220265,196,872,229,899
2,339.9536842105263,894.3157894736842,322,879,360,912
3,597.4181818181818,216.55064935064934,583,200,614,235
4,713.1878631375081,1070.0819883795998,693,1047,738,1096
5,867.5187007874016,518.6190944881889,845,504,893,533
