label,Centroid-0,Centroid-1,bbox-0,bbox-1,bbox-2,bbox-3
1,48.42201834862385,787.0344036697247,28,767,72,810
2,183.84699453551912,1364.3224043715848,167,1349,200,1382
3,312.35394862036156,875.6498572787821,293,859,333,895
4,609.398654331371,223.95037846930194,592,202,631,249
5,770.4688826025459,953.0940594059406,748,935,797,976
6,878.5849297573435,769.2234993614304,865,751,895,788
7,1004.9836552748885,1011.2154531946508,989,998,1022,1025
