label,Centroid-0,Centroid-1,bbox-0,bbox-1,bbox-2,bbox-3
1,335.470297029703,891.9821782178218,318,875,355,911
2,452.29855537720704,761.4638844301766,433,742,474,783
3,704.5448113207547,1082.073113207547,684,1069,726,1095
4,867.4914712153518,516.591684434968,846,500,890,534
5,886.4356568364611,892.4624664879357,869,879,906,906
