label,Centroid-0,Centroid-1,bbox-0,bbox-1,bbox-2,bbox-3
1,348.76980428704564,709.8853681267474,330,693,371,729
2,842.4172248803827,960.0306220095694,823,943,863,978
3,855.5409292035398,547.4634955752213,839,531,874,566
4,870.4263374485597,256.4954732510288,851,237,894,278
5,976.093896713615,979.5223004694835,960,964,994,997
