label,Centroid-0,Centroid-1,bbox-0,bbox-1,bbox-2,bbox-3
1,333.7495378927911,894.7153419593345,316,876,354,915
2,641.6724709784411,1189.688225538972,621,1169,667,1207
3,717.2862108922363,960.9026651216686,698,943,735,978
4,861.0012853470437,511.98329048843186,843,496,880,529
5,875.1925925925926,1192.4010582010583,859,1175,894,1211
