label,Centroid-0,Centroid-1,bbox-0,bbox-1,bbox-2,bbox-3
1,299.96717948717946,905.1579487179487,283,888,320,924
2,538.8913705583757,1119.5593908629442,520,1101,559,1139
3,664.6949559647718,77.52762209767815,645,59,689,100
4,823.2520944402132,1089.6626047220107,806,1066,844,1116
5,887.1525735294117,1260.6994485294117,865,1242,909,1279
6,895.3658243080625,942.3200962695547,878,926,914,960
7,1017.2348367029549,990.2768273716952,1003,977,1032,1005
