label,Centroid-0,Centroid-1,bbox-0,bbox-1,bbox-2,bbox-3
1,329.46418338108884,892.9608404966572,308,877,353,911
2,785.4667988107037,36.35084241823588,772,13,799,61
3,863.8408408408409,520.941941941942,844,506,888,537
