label,Centroid-0,Centroid-1,bbox-0,bbox-1,bbox-2,bbox-3
1,328.837376460018,898.7646001796945,312,876,347,924
2,710.4454976303317,1031.3684834123223,695,1012,726,1052
3,759.5061378659112,426.3135033050047,740,409,782,446
4,863.449504950495,521.2742574257426,843,507,888,538
5,918.7404580152672,486.07251908396944,900,469,940,506
6,955.8590350047303,50.05771050141911,937,33,978,70
7,966.2873082287308,974.2914923291493,951,958,982,992
