label,Centroid-0,Centroid-1,bbox-0,bbox-1,bbox-2,bbox-3
1,335.8807531380753,890.4654811715482,319,874,355,909
2,702.4111675126903,1065.9733502538072,686,1048,719,1085
3,707.4481658692185,969.1977671451356,689,949,729,992
4,781.8060836501901,899.1216730038022,764,884,800,914
5,813.9434523809524,1358.876488095238,792,1339,837,1380
6,846.6581409856519,1028.3474734872116,826,1005,868,1054
7,864.4684684684685,516.4914004914004,837,501,893,534
