label,Centroid-0,Centroid-1,bbox-0,bbox-1,bbox-2,bbox-3
1,340.14733840304183,705.2633079847909,321,688,361,723
2,344.1779788838612,924.2760180995475,321,904,367,947
3,542.6318273769386,1133.9777478084964,520,1109,565,1156
4,833.5736505032022,965.4638609332113,816,948,854,987
5,858.587138863001,538.4743709226468,841,521,880,560
6,859.7689133425034,258.91196698762036,844,243,875,276
7,975.639040348964,973.701199563795,959,958,994,992
