label,Centroid-0,Centroid-1,bbox-0,bbox-1,bbox-2,bbox-3
1,115.20083974807558,688.1812456263121,96,667,139,715
2,314.47425742574256,888.4326732673268,293,873,338,906
3,865.957928802589,519.0140237324704,845,506,889,532
