label,Centroid-0,Centroid-1,bbox-0,bbox-1,bbox-2,bbox-3
1,324.97287299630085,889.6855733662145,299,868,350,912
2,685.851304347826,354.18,669,334,708,379
3,859.4293785310734,519.2022598870057,840,506,881,534
