label,Centroid-0,Centroid-1,bbox-0,bbox-1,bbox-2,bbox-3
1,244.69329896907217,416.3651202749141,228,395,264,442
2,283.0998668442077,891.5286284953396,268,877,301,908
3,705.6530475552579,213.21634293369056,683,193,733,236
4,906.7164444444444,257.6631111111111,889,239,929,280
5,944.9952774498229,286.2432113341204,926,272,965,302
6,979.3336355394379,112.49592021758839,953,101,1007,125
7,1006.9333333333333,990.7620915032679,993,972,1021,1011
