label,Centroid-0,Centroid-1,bbox-0,bbox-1,bbox-2,bbox-3
1,329.4570707070707,888.5340909090909,304,866,355,912
2,863.2179627601314,528.9791894852136,844,515,885,545
3,1020.3637048192771,1093.5730421686746,999,1074,1040,1113
