label,Centroid-0,Centroid-1,bbox-0,bbox-1,bbox-2,bbox-3
1,102.95833333333333,1099.5008865248226,85,1081,124,1121
2,319.10170562223624,890.2545799115603,294,869,345,914
3,534.7386964180857,1182.8725778038754,513,1153,555,1211
4,806.6759036144579,1002.8927710843374,787,991,827,1017
5,864.7288317256163,518.6130760986066,843,506,888,532
6,1011.156807511737,1372.7530516431925,992,1355,1034,1392
