label,Centroid-0,Centroid-1,bbox-0,bbox-1,bbox-2,bbox-3
1,328.3990147783251,889.3571428571429,302,867,355,914
2,860.4766619519095,527.5035360678925,845,514,878,543
3,984.2477064220184,965.15749235474,968,953,1002,978
4,1020.0339985218034,1093.8595713229859,999,1075,1040,1113
