label,Centroid-0,Centroid-1,bbox-0,bbox-1,bbox-2,bbox-3
1,123.46745562130178,455.1825866441251,105,436,146,477
2,139.0981308411215,969.6892523364486,122,948,159,994
3,574.8780804150454,337.77821011673154,557,324,594,352
4,800.0928308823529,278.49172794117646,782,260,821,299
5,859.6564299424184,534.9385796545106,843,517,881,557
6,983.1236802413273,965.9819004524887,967,954,1001,979
