label,Centroid-0,Centroid-1,bbox-0,bbox-1,bbox-2,bbox-3
1,336.2733148661126,698.932594644506,317,681,358,719
2,540.1749555950266,1129.7646536412078,522,1110,561,1151
3,834.8391959798995,964.9306532663317,817,949,855,985
4,859.0674556213017,259.08284023668637,841,243,878,277
5,857.2119944211994,542.2259414225941,843,527,873,559
6,977.6655092592592,975.1527777777778,962,959,996,993
