label,Centroid-0,Centroid-1,bbox-0,bbox-1,bbox-2,bbox-3
1,861.4919966301601,532.5004212299916,843,515,885,554
