label,Centroid-0,Centroid-1,bbox-0,bbox-1,bbox-2,bbox-3
1,331.30591900311526,886.185046728972,305,864,358,909
2,984.212030075188,986.1233082706767,969,972,1001,1001
3,1020.5193008011653,344.95994173343047,1001,323,1040,369
