label,Centroid-0,Centroid-1,bbox-0,bbox-1,bbox-2,bbox-3
1,180.30067001675042,631.8860971524288,162,612,202,654
2,863.9586715867159,535.1911439114391,843,516,887,555
3,875.1954484605087,155.00803212851406,857,141,894,169
4,981.2518450184502,972.7158671586716,964,954,1001,995
