label,Centroid-0,Centroid-1,bbox-0,bbox-1,bbox-2,bbox-3
1,322.56704645048205,893.250657318142,302,876,346,913
2,751.1320987654321,1005.8555555555556,736,990,769,1022
3,864.3605720122574,519.2492339121552,843,506,888,533
4,897.919587628866,1039.841237113402,876,1019,922,1063
