label,Centroid-0,Centroid-1,bbox-0,bbox-1,bbox-2,bbox-3
1,310.92474226804126,906.5381443298969,294,889,330,925
2,535.0385154061624,1125.7850140056023,513,1105,558,1149
3,794.1966580976864,958.646529562982,776,944,811,973
4,826.151171579743,1092.8412698412699,807,1071,848,1117
5,894.2108382726503,1248.398814563929,872,1233,919,1269
6,894.1836734693877,942.9910714285714,878,927,912,961
7,959.6330882352942,374.4360294117647,944,345,975,405
8,1017.227414330218,990.4158878504672,1003,977,1032,1005
