label,Centroid-0,Centroid-1,bbox-0,bbox-1,bbox-2,bbox-3
1,18.179621848739497,1338.2542016806722,1,1321,37,1358
2,282.7386848847139,885.866780529462,262,869,306,904
3,716.8232421875,396.0439453125,689,366,741,430
4,852.9114942528736,1058.010344827586,842,1036,866,1081
5,906.2224316682375,821.2554194156456,886,798,926,844
