label,Centroid-0,Centroid-1,bbox-0,bbox-1,bbox-2,bbox-3
1,343.92037914691946,879.8890995260664,326,862,364,900
2,824.636695018226,103.42405832320777,806,90,845,120
3,841.578073089701,1037.0697674418604,823,1022,862,1053
4,927.5639853747715,293.473491773309,908,276,949,313
5,959.360655737705,68.18469945355191,943,52,979,87
6,992.7692307692307,219.68620268620268,978,202,1009,239
