label,Centroid-0,Centroid-1,bbox-0,bbox-1,bbox-2,bbox-3
1,340.41978866474545,880.3102785782901,322,863,360,900
2,820.849240780911,99.53904555314534,805,82,841,119
3,841.79,1036.8955555555556,823,1023,862,1053
4,925.1929092805005,287.11678832116786,908,271,945,306
5,968.3048192771084,67.0566265060241,953,51,987,86
6,989.2577319587629,222.39046391752578,974,205,1006,241
