label,Centroid-0,Centroid-1,bbox-0,bbox-1,bbox-2,bbox-3
1,125.35890878090366,457.89599317988063,107,439,147,480
2,138.28108108108108,967.5559845559845,121,946,160,993
3,799.072373540856,277.6536964980545,779,256,820,301
4,861.9400684931506,534.0958904109589,842,517,886,555
5,982.280487804878,966.0884146341464,966,954,1000,979
