label,Centroid-0,Centroid-1,bbox-0,bbox-1,bbox-2,bbox-3
1,123.17992766726944,575.6781193490054,103,559,147,596
2,336.04692387904066,881.422314911366,319,864,355,901
3,602.9853300733496,1269.606356968215,583,1256,621,1285
4,655.0378310214376,198.81967213114754,637,185,675,214
5,677.0085022890778,499.0595160235448,657,476,700,526
6,721.1309620048504,1373.5553759094585,700,1356,743,1392
7,841.0352526439483,1036.3325499412456,822,1022,862,1052
8,966.6549145299145,95.65491452991454,950,79,986,115
9,1024.4216459977451,1251.7790304396842,1010,1230,1039,1275
