label,Centroid-0,Centroid-1,bbox-0,bbox-1,bbox-2,bbox-3
1,284.18482252141985,890.9816401468788,268,876,302,908
2,706.9977341389728,212.6978851963746,683,197,735,231
3,909.0756901157614,264.826357969724,890,247,931,285
4,977.9180790960452,112.22975517890772,952,100,1005,125
5,1030.7359454855196,94.60477001703578,1020,77,1040,113
