label,Centroid-0,Centroid-1,bbox-0,bbox-1,bbox-2,bbox-3
1,335.3996082272282,703.4926542605289,316,688,356,720
2,547.3005366726297,1131.3640429338104,529,1113,567,1151
3,837.71875,964.0986328125,818,948,859,982
4,861.7588652482269,257.5200945626477,840,240,889,279
5,859.4359961501443,548.6246390760347,842,531,880,568
6,976.3188405797101,979.524154589372,960,964,994,997
