label,Centroid-0,Centroid-1,bbox-0,bbox-1,bbox-2,bbox-3
1,75.87049659201558,261.6835443037975,60,242,95,285
2,237.8809756097561,917.9453658536586,220,901,259,938
3,335.62818003913895,878.1819960861056,318,860,355,898
4,843.0940721649484,1037.1121134020618,826,1024,862,1053
5,889.6409155937052,969.1645207439199,874,955,906,985
6,959.3628140703518,115.47638190954774,942,98,979,135
7,984.9014529374605,973.5767530006317,965,946,1007,999
