label,Centroid-0,Centroid-1,bbox-0,bbox-1,bbox-2,bbox-3
1,26.7279843444227,1334.8023483365948,9,1317,47,1355
2,282.1612627986348,886.4411262798635,261,870,306,905
3,684.6968599033817,130.98067632850243,666,118,705,146
4,714.8796428571428,396.8342857142857,690,360,742,434
5,852.4813979706877,1063.1826381059752,841,1041,865,1086
6,901.130266075388,302.0648558758315,865,287,939,320
7,910.9753086419753,813.406378600823,891,793,931,834
