label,Centroid-0,Centroid-1,bbox-0,bbox-1,bbox-2,bbox-3
1,333.3515283842795,919.5262008733624,315,900,354,939
2,535.3964435146444,1138.5543933054394,518,1120,552,1160
3,835.7126654064273,965.6345305608065,814,943,859,990
4,859.7872807017544,540.843201754386,843,525,879,559
5,977.1528340080972,974.8157894736842,960,957,996,995
