label,Centroid-0,Centroid-1,bbox-0,bbox-1,bbox-2,bbox-3
1,124.20280373831775,508.5738317757009,105,491,147,529
2,343.92329020332716,887.3530499075786,320,873,368,902
3,624.1353550295858,322.1102071005917,600,301,648,343
4,866.3431771894094,519.5661914460285,845,506,890,534
5,1006.9117021276596,549.8531914893617,991,532,1026,570
