label,Centroid-0,Centroid-1,bbox-0,bbox-1,bbox-2,bbox-3
1,327.04300385109116,890.6007702182285,301,869,353,914
2,860.6996434937612,533.3591800356506,842,516,884,555
3,1019.5434623813002,1092.7779401022644,999,1071,1040,1115
