label,Centroid-0,Centroid-1,bbox-0,bbox-1,bbox-2,bbox-3
1,272.779463243874,924.3838973162194,257,907,290,943
2,282.82247191011237,882.0056179775281,268,865,301,902
3,699.1165530068196,235.70799752014878,675,216,727,257
4,985.890368852459,111.47950819672131,962,100,1011,124
5,1026.3954116059379,420.01214574898785,1012,404,1040,437
