label,Centroid-0,Centroid-1,bbox-0,bbox-1,bbox-2,bbox-3
1,331.59161676646704,885.9449101796407,305,864,359,909
2,859.1220159151194,521.920424403183,842,508,878,538
3,979.364896073903,980.0057736720554,963,961,998,999
