label,Centroid-0,Centroid-1,bbox-0,bbox-1,bbox-2,bbox-3
1,322.82637571157494,883.9240986717267,303,866,345,905
2,864.5960698689956,517.231441048035,843,505,888,531
