label,Centroid-0,Centroid-1,bbox-0,bbox-1,bbox-2,bbox-3
1,329.5308411214953,886.8218068535825,302,866,357,908
2,687.467417538214,362.6814159292035,669,343,710,387
3,858.7497291440953,519.237269772481,839,505,881,535
