label,Centroid-0,Centroid-1,bbox-0,bbox-1,bbox-2,bbox-3
1,43.361206305688825,788.0849897189856,24,765,64,816
2,309.64102564102564,875.2307692307693,291,857,331,895
3,606.6202143950995,227.48698315467075,592,213,623,243
4,792.3734776725305,958.3667117726658,775,944,811,974
5,873.5833333333334,764.3997175141243,858,749,890,781
6,985.2977815699659,329.0964163822526,966,311,1008,350
7,1023.1075794621026,1025.9022004889976,1006,1010,1040,1042
