label,Centroid-0,Centroid-1,bbox-0,bbox-1,bbox-2,bbox-3
1,338.28303249097473,915.9234657039711,315,895,361,940
2,536.3449720670391,1134.1857541899442,519,1120,553,1149
3,837.0394922425952,967.0860366713681,816,946,860,990
4,858.9434416365824,539.7352587244284,842,525,878,557
5,977.9158004158004,974.0353430353431,961,957,996,994
