label,Centroid-0,Centroid-1,bbox-0,bbox-1,bbox-2,bbox-3
1,336.633147113594,892.0530726256983,318,874,357,913
2,452.84015444015444,760.8826254826255,430,737,476,780
3,641.5201612903226,1178.5677419354838,623,1158,662,1201
4,716.9817945383616,962.3550065019506,702,945,733,981
5,794.9916317991632,1330.5327754532775,782,1314,810,1347
6,848.7362204724409,1027.6787401574802,825,1007,872,1047
7,895.7157980456026,1169.0586319218241,879,1148,915,1192
