label,Centroid-0,Centroid-1,bbox-0,bbox-1,bbox-2,bbox-3
1,93.06796875,735.13203125,73,715,115,758
2,171.07569011576135,1367.4844167408726,149,1351,195,1386
3,342.3219696969697,878.7339015151515,325,860,361,901
4,654.6393789696542,942.8849682427664,633,923,679,962
5,839.9462254395036,1127.918304033092,822,1108,858,1149
6,845.0185701021355,1039.6341689879293,826,1022,865,1059
7,859.625087108014,994.4348432055749,837,975,884,1017
8,914.5030120481928,53.22389558232932,897,35,935,75
