label,Centroid-0,Centroid-1,bbox-0,bbox-1,bbox-2,bbox-3
1,330.7600502512563,913.6180904522613,314,896,349,932
2,828.4428934010152,273.6104060913706,811,259,847,290
3,843.3723284589427,972.0269966254218,828,952,859,993
4,859.9213333333333,541.084,845,526,877,558
5,979.9934148635936,973.3527751646284,963,955,999,995
