label,Centroid-0,Centroid-1,bbox-0,bbox-1,bbox-2,bbox-3
1,323.44625850340134,882.3891156462585,306,868,342,898
2,801.5155195681511,291.60188933873144,783,279,821,306
3,861.7688442211055,533.1959798994975,843,515,885,555
4,987.0498561840843,970.9712368168744,966,954,1006,993
