label,Centroid-0,Centroid-1,bbox-0,bbox-1,bbox-2,bbox-3
1,319.65980498374864,883.7345612134344,303,866,339,904
2,471.5222295952223,734.5401459854014,449,712,496,758
3,758.2216494845361,1001.3873343151694,732,984,786,1021
4,865.6177083333333,519.321875,844,506,889,533
