label,Centroid-0,Centroid-1,bbox-0,bbox-1,bbox-2,bbox-3
1,335.0364025695931,921.4004282655246,316,901,356,942
2,541.9921930447125,1135.3811213626686,518,1112,565,1157
3,832.4789615040287,965.6114592658907,814,947,853,987
4,852.8831658291457,264.0288944723618,834,251,873,278
5,858.133152173913,539.0307971014493,839,522,881,560
6,976.0148936170212,974.327659574468,959,957,994,993
