label,Centroid-0,Centroid-1,bbox-0,bbox-1,bbox-2,bbox-3
1,827.7720994475138,271.73342541436466,813,255,843,290
2,831.8702892199825,962.3479404031551,813,943,851,983
3,980.3867924528302,973.1688679245283,963,954,999,995
