label,Centroid-0,Centroid-1,bbox-0,bbox-1,bbox-2,bbox-3
1,334.04228329809723,920.453488372093,315,900,355,941
2,542.2014676450967,1136.0306871247499,518,1111,565,1159
3,831.9266304347826,964.8405797101449,814,947,853,986
4,851.1307692307693,263.9294871794872,832,250,871,278
5,857.8447814451383,539.7100802854594,839,522,880,560
6,974.6566844919786,972.7925133689839,958,956,994,991
