label,Centroid-0,Centroid-1,bbox-0,bbox-1,bbox-2,bbox-3
1,328.5764631843927,886.6897419760855,302,866,354,909
2,859.7434944237918,517.8488228004957,841,505,880,531
