label,Centroid-0,Centroid-1,bbox-0,bbox-1,bbox-2,bbox-3
1,586.1612184249628,346.28306092124814,565,326,611,368
2,859.7632898696088,535.5406218655968,843,518,880,557
3,947.4404609475032,1082.49423815621,934,1066,963,1101
4,982.5279034690799,966.1357466063348,966,954,1000,980
