label,Centroid-0,Centroid-1,bbox-0,bbox-1,bbox-2,bbox-3
1,334.765478424015,890.6697936210131,316,874,356,910
2,606.5355987055016,402.4296116504854,590,376,625,427
3,646.7602094240838,237.63979057591624,626,220,669,257
4,731.1721611721612,509.17765567765565,713,492,754,530
5,765.7629427792915,153.06721162579473,747,135,787,174
6,843.0316939890711,1038.4142076502733,825,1023,861,1056
7,857.5875299760191,506.0059952038369,840,488,876,525
8,986.6958002270147,73.09988649262202,970,57,1006,91
