label,Centroid-0,Centroid-1,bbox-0,bbox-1,bbox-2,bbox-3
1,335.78502879078695,704.7341650671785,317,688,357,723
2,553.9678530424799,1130.1021814006888,537,1114,572,1147
3,837.9927927927928,965.4828828828829,819,948,860,986
4,863.2400932400932,256.42035742035745,840,239,891,277
5,859.619387755102,548.2969387755102,842,531,879,567
6,977.0452920143027,978.6877234803337,961,963,995,996
