label,Centroid-0,Centroid-1,bbox-0,bbox-1,bbox-2,bbox-3
1,333.54802259887003,892.5103578154426,317,874,353,914
2,606.4709219858156,405.72836879432623,589,382,627,431
3,728.6403903903904,512.5382882882883,709,491,752,535
4,758.3176583493282,155.26679462571977,740,137,780,176
5,847.1361403508772,1044.6449122807016,826,1023,870,1068
6,858.1572769953052,506.9154929577465,840,489,877,526
7,986.0765957446808,77.44787234042553,969,61,1006,96
8,997.1207224334601,155.62262357414448,979,137,1019,178
