label,Centroid-0,Centroid-1,bbox-0,bbox-1,bbox-2,bbox-3
1,11.206463195691203,1379.2890484739678,0,1366,25,1392
2,65.71479185119574,1299.2559787422497,47,1281,88,1320
3,100.01523545706371,1347.7839335180056,85,1332,114,1365
4,321.2735751295337,885.2673575129534,304,868,341,905
5,860.2492046659597,1174.171792152704,837,1147,884,1203
6,886.6471449487555,945.7510980966325,874,929,900,963
7,955.8767772511849,851.8744075829384,938,838,975,868
8,1017.093799682035,989.8982511923689,1003,976,1032,1004
