label,Centroid-0,Centroid-1,bbox-0,bbox-1,bbox-2,bbox-3
1,60.045848822800494,539.3246592317224,44,525,79,557
2,322.4329044117647,885.9329044117648,302,870,346,905
3,622.0485829959514,322.0323886639676,607,305,636,340
4,865.4789422135161,520.2184133202743,843,507,890,535
