label,Centroid-0,Centroid-1,bbox-0,bbox-1,bbox-2,bbox-3
1,102.44111776447106,1099.497005988024,85,1082,124,1120
2,318.34958601655933,885.7010119595216,296,869,343,904
3,534.8926206244087,1181.3287606433303,512,1153,561,1210
4,815.8439024390244,1010.6487804878049,790,989,840,1035
5,864.1567567567567,519.2421621621621,843,506,887,533
