label,Centroid-0,Centroid-1,bbox-0,bbox-1,bbox-2,bbox-3
1,337.59133126934984,887.0959752321982,319,869,357,907
2,626.0415065334358,323.9123750960799,606,303,648,347
3,865.6990972918757,520.1063189568706,844,507,890,534
4,1013.5027624309392,555.9871086556169,995,539,1035,575
