label,Centroid-0,Centroid-1,bbox-0,bbox-1,bbox-2,bbox-3
1,82.77234401349072,1187.8170320404722,62,1170,106,1207
2,234.43356643356643,735.9401709401709,216,715,256,760
3,335.06040268456377,892.1255992329818,318,874,355,913
4,707.225884244373,971.2853697749196,688,951,729,995
5,842.1614678899083,1338.1348623853212,822,1321,864,1357
6,840.5169988276671,1029.556858147714,826,1013,859,1048
7,867.1979553903345,516.3652416356878,843,501,893,533
8,903.7069486404833,73.23867069486406,886,56,924,92
9,907.1943048576214,888.3232830820771,888,870,929,909
