label,Centroid-0,Centroid-1,bbox-0,bbox-1,bbox-2,bbox-3
1,826.7367325702394,961.2747138397502,809,945,846,980
2,860.5325714285714,538.456,844,522,879,557
3,979.7574906367041,973.8361423220974,963,954,998,996
