label,Centroid-0,Centroid-1,bbox-0,bbox-1,bbox-2,bbox-3
1,828.7708049113234,273.37653478854025,814,256,844,292
2,843.2993130520118,970.631010794897,829,947,858,994
3,860.1074829931973,541.7115646258503,845,527,877,558
4,980.0935453695042,973.8624883068288,963,955,999,996
