label,Centroid-0,Centroid-1,bbox-0,bbox-1,bbox-2,bbox-3
1,208.43357933579335,685.1688191881918,189,667,230,706
2,335.20283018867923,891.8990566037736,317,874,355,912
3,454.29549114331724,760.3268921095008,435,742,476,782
4,704.8348519362187,1081.0990888382687,684,1069,727,1094
5,868.292735042735,515.8963675213676,847,499,891,533
6,894.1483568075117,890.7474178403755,870,876,917,909
7,1033.189054726368,1093.8059701492537,1025,1077,1040,1112
