label,Centroid-0,Centroid-1,bbox-0,bbox-1,bbox-2,bbox-3
1,344.5967741935484,713.5,329,694,362,735
2,547.8402625820569,1134.921225382932,531,1118,566,1153
3,838.5611285266458,961.2131661442006,820,945,859,979
4,854.036717062635,545.1673866090713,837,529,873,564
5,866.2984949832776,256.9264214046823,844,241,892,276
6,976.5722819593788,979.7108721624851,961,964,994,997
