label,Centroid-0,Centroid-1,bbox-0,bbox-1,bbox-2,bbox-3
1,330.92746113989637,895.1165803108809,311,878,354,916
2,785.4141630901288,36.66094420600859,774,13,798,61
3,863.37890625,521.4560546875,844,506,887,539
