label,Centroid-0,Centroid-1,bbox-0,bbox-1,bbox-2,bbox-3
1,7.907715582450832,747.2768532526475,0,728,20,770
2,282.48358585858585,889.770202020202,267,874,300,907
3,696.6362492133417,761.8319697923222,672,743,725,784
4,705.0435132957292,211.88315874294923,684,195,731,233
5,784.6505717916137,926.8449809402796,766,913,804,942
6,907.0106761565836,272.3594306049822,887,256,931,293
7,978.1868544600939,111.87511737089201,953,100,1005,124
8,1030.476821192053,95.28145695364239,1019,78,1040,114
