label,Centroid-0,Centroid-1,bbox-0,bbox-1,bbox-2,bbox-3
1,67.32455315145813,882.9350893697084,51,864,87,905
2,333.311780336581,895.5597874224978,314,877,355,916
3,570.492903930131,816.579694323144,543,790,599,843
4,573.4320297951583,243.5540037243948,554,226,596,264
5,835.9842726081258,1024.8191349934468,824,1005,848,1045
6,866.6486486486486,520.3117760617761,846,505,891,537
7,1011.9901088031652,80.27695351137487,995,62,1032,101
