label,Centroid-0,Centroid-1,bbox-0,bbox-1,bbox-2,bbox-3
1,332.99664804469273,919.536312849162,315,900,353,939
2,542.6754270696453,1136.1452036793692,519,1111,566,1159
3,831.29203539823,964.0973451327434,814,945,851,986
4,859.3458417849898,540.6085192697768,842,524,880,560
5,975.3167898627244,975.9757127771911,959,959,994,995
