label,Centroid-0,Centroid-1,bbox-0,bbox-1,bbox-2,bbox-3
1,304.9948364888124,609.3149741824441,285,591,327,630
2,330.5918246445498,887.0171800947867,303,865,359,909
3,862.1187335092349,516.4722955145119,843,504,882,530
