label,Centroid-0,Centroid-1,bbox-0,bbox-1,bbox-2,bbox-3
1,340.82924435721293,884.8331697742885,323,868,361,904
2,730.2954755309325,243.58633425669436,712,225,750,265
3,818.1605571847507,97.38782991202346,795,79,844,117
4,839.6887816646562,1036.8130277442701,822,1023,859,1052
5,911.391061452514,256.340782122905,891,241,935,275
6,971.6513452914799,64.7432735426009,955,49,991,83
7,981.567679558011,223.74861878453038,968,207,997,242
8,984.0861581920904,807.7132768361582,968,794,1000,824
