label,Centroid-0,Centroid-1,bbox-0,bbox-1,bbox-2,bbox-3
1,862.1478117258464,533.2609413707679,842,515,886,554
2,982.2594670406733,966.2454417952314,965,954,1001,980
