label,Centroid-0,Centroid-1,bbox-0,bbox-1,bbox-2,bbox-3
1,345.194544149318,924.440775305097,322,903,368,948
2,541.5985714285714,1135.26,519,1111,564,1158
3,833.0440900562852,965.2223264540338,814,948,853,985
4,858.2592920353982,538.0433628318584,839,521,881,559
5,859.8756684491979,258.918449197861,844,242,875,277
6,975.799356223176,974.7478540772532,959,958,994,993
