label,Centroid-0,Centroid-1,bbox-0,bbox-1,bbox-2,bbox-3
1,333.986562150056,919.488241881299,316,900,354,939
2,543.0467289719626,1135.6268357810413,519,1111,567,1158
3,831.427374301676,963.6852886405959,814,945,852,985
4,849.072135785007,266.75530410183876,834,251,865,284
5,859.2829268292683,540.4868292682927,842,523,880,561
6,975.7532188841202,974.519313304721,960,958,994,993
