label,Centroid-0,Centroid-1,bbox-0,bbox-1,bbox-2,bbox-3
1,105.98165137614679,888.3596330275229,88,871,127,909
2,191.62099644128114,462.65124555160145,173,444,214,484
3,336.1547131147541,876.9928278688525,319,860,356,896
4,677.8593023255814,472.8058139534884,662,454,694,492
5,724.0086621751684,56.82771896053898,703,39,746,75
6,726.9038461538462,1367.4326923076924,706,1347,747,1389
7,839.5214477211796,1036.156836461126,822,1023,858,1051
8,883.4107238605898,970.5769436997319,863,943,907,1000
9,972.5440476190477,116.84166666666667,956,102,992,134
