label,Centroid-0,Centroid-1,bbox-0,bbox-1,bbox-2,bbox-3
1,327.85769230769233,887.4326923076923,301,867,353,909
2,860.3478260869565,519.2989130434783,840,506,883,534
