label,Centroid-0,Centroid-1,bbox-0,bbox-1,bbox-2,bbox-3
1,327.189898989899,899.4878787878788,311,879,345,922
2,708.8210197710717,1027.942767950052,694,1005,725,1051
3,762.0712643678161,429.64521072796936,741,411,786,450
4,864.1170731707317,521.7141463414634,843,508,889,537
5,920.0847127555988,487.41382667964945,902,470,940,507
6,966.7032520325204,976.4024390243902,950,961,984,994
