label,Centroid-0,Centroid-1,bbox-0,bbox-1,bbox-2,bbox-3
1,46.870063694267515,789.6210191082803,26,766,70,816
2,182.41857142857143,1361.1671428571428,169,1344,197,1379
3,311.4581458145815,875.2979297929793,293,857,333,896
4,606.7506925207756,227.92936288088643,592,212,624,245
5,792.3572359843546,959.245110821382,775,944,811,975
6,875.4714494875549,765.1317715959004,860,750,892,781
7,992.0662122687439,307.2288218111003,973,287,1013,329
8,1023.1192771084337,1025.5518072289155,1005,1010,1040,1042
