label,Centroid-0,Centroid-1,bbox-0,bbox-1,bbox-2,bbox-3
1,331.32987747408106,893.5523091423186,313,876,353,914
2,863.732663316583,521.043216080402,844,505,887,537
