label,Centroid-0,Centroid-1,bbox-0,bbox-1,bbox-2,bbox-3
1,334.8998091603053,893.6240458015267,317,876,355,913
2,498.10604805302404,1295.4258492129245,480,1275,518,1317
3,627.3541963015647,1160.0284495021338,610,1148,646,1174
4,843.0198830409357,1035.9497076023392,825,1022,863,1052
5,856.41483198146,507.0486674391657,838,489,876,526
6,855.4796163069544,993.6918465227818,838,977,873,1010
7,976.3794940079894,146.68641810918774,956,124,999,171
8,984.107072691552,75.34675834970531,966,59,1006,96
