label,Centroid-0,Centroid-1,bbox-0,bbox-1,bbox-2,bbox-3
1,94.51040391676867,991.3255813953489,80,975,112,1010
2,215.5904392764858,685.6912144702842,197,671,235,701
3,248.94678492239467,416.80044345898006,231,395,270,441
4,700.2736462093862,210.54296028880867,677,191,728,230
5,905.276563677468,839.4393368500376,876,824,935,857
6,952.0430769230769,284.81948717948717,935,267,972,305
7,979.3982889733841,112.46007604562737,954,101,1006,125
