label,Centroid-0,Centroid-1,bbox-0,bbox-1,bbox-2,bbox-3
1,323.8218793828892,882.687237026648,307,868,342,898
2,797.8490566037735,293.23947750362845,781,281,816,306
3,828.4978118161926,942.4967177242888,815,921,843,964
4,863.4859967051071,533.4802306425041,844,515,887,554
5,876.4601677148847,173.39832285115304,857,154,895,196
