label,Centroid-0,Centroid-1,bbox-0,bbox-1,bbox-2,bbox-3
1,335.12698412698415,889.8095238095239,314,874,358,908
2,774.5417017691659,225.46335299073294,753,209,799,246
3,860.5404699738904,243.62140992167102,842,231,880,257
4,865.800792864222,520.8999008919723,844,507,890,536
