label,Centroid-0,Centroid-1,bbox-0,bbox-1,bbox-2,bbox-3
1,180.0729865771812,633.9177852348994,160,615,203,657
2,325.2780026990553,883.3292847503374,308,868,343,899
3,863.8870099923136,535.4296694850116,843,517,887,556
4,876.8360215053764,154.5228494623656,859,141,896,169
