label,Centroid-0,Centroid-1,bbox-0,bbox-1,bbox-2,bbox-3
1,335.4053308823529,885.6727941176471,312,871,361,903
2,866.1490196078431,519.606862745098,844,506,891,534
3,898.9987980769231,1051.1995192307693,881,1036,919,1069
4,924.0577864838393,914.0714985308521,885,895,958,938
5,992.3658536585366,898.829268292683,973,879,1013,920
6,1022.5117493472585,250.91993037423848,1005,231,1040,273
7,1025.163133640553,1112.9170506912442,1007,1093,1040,1135
