label,Centroid-0,Centroid-1,bbox-0,bbox-1,bbox-2,bbox-3
1,836.8736263736264,960.7692307692307,815,939,860,981
2,862.9059829059829,534.6692307692308,843,517,887,556
3,935.8806818181819,1094.392857142857,916,1076,957,1115
