label,Centroid-0,Centroid-1,bbox-0,bbox-1,bbox-2,bbox-3
1,331.56948551153164,886.9059727971614,304,865,360,909
