label,Centroid-0,Centroid-1,bbox-0,bbox-1,bbox-2,bbox-3
1,344.87454412837343,711.1604668125456,322,692,370,732
2,551.4593607305936,1131.323287671233,531,1116,575,1150
3,737.2694848084544,388.36195508586525,721,374,755,405
4,840.4428571428572,965.1547619047619,820,946,862,985
5,855.4912109375,544.224609375,838,526,875,564
6,864.8037007240547,257.40949316170554,844,240,891,279
7,975.5879458794587,979.2915129151291,960,964,993,997
