label,Centroid-0,Centroid-1,bbox-0,bbox-1,bbox-2,bbox-3
1,334.6669588080631,705.3374233128834,315,688,357,724
2,547.3667546174142,1133.96218117854,530,1114,567,1155
3,836.0679277730009,965.1745485812554,817,947,858,986
4,862.6566558441558,256.68425324675326,840,241,890,277
5,978.006920415225,976.9838523644752,962,961,996,995
