label,Centroid-0,Centroid-1,bbox-0,bbox-1,bbox-2,bbox-3
1,335.75113122171945,892.4796380090497,317,875,357,913
2,472.4283980582524,791.2560679611651,455,777,493,809
3,587.9777424483307,1206.5596184419715,569,1187,609,1230
4,844.9783845278725,1034.703071672355,826,1021,866,1051
5,857.1657010428737,507.80996523754345,839,490,877,526
6,880.639713408393,1199.675537359263,863,1182,901,1218
7,991.2644526445265,70.14268142681426,973,57,1012,86
