label,Centroid-0,Centroid-1,bbox-0,bbox-1,bbox-2,bbox-3
1,349.1604609929078,710.802304964539,330,694,372,731
2,545.0,1131.9179004037685,531,1115,560,1150
3,841.6795112781955,960.7443609022556,823,943,863,980
4,857.5359550561798,550.347191011236,841,534,876,568
5,871.1389121338913,256.9556485355649,851,238,895,278
6,918.1614814814815,1053.3096296296296,904,1038,933,1071
7,975.832175925926,980.3599537037037,959,964,994,998
