label,Centroid-0,Centroid-1,bbox-0,bbox-1,bbox-2,bbox-3
1,336.42429737080687,890.5675430643699,318,872,356,911
2,641.0361281526925,1185.1561008861622,619,1163,667,1211
3,718.5436241610738,961.510067114094,703,945,735,979
4,894.5357894736842,1179.6105263157895,877,1164,914,1198
5,1030.9066666666668,1043.7488888888888,1020,1029,1040,1058
