label,Centroid-0,Centroid-1,bbox-0,bbox-1,bbox-2,bbox-3
1,20.519467213114755,1336.251024590164,3,1319,40,1356
2,282.446567586695,889.8018400566172,261,869,305,913
3,714.9473889321902,395.4922057677319,688,362,742,433
4,852.6133333333333,1058.3066666666666,841,1039,865,1078
5,910.7975543478261,814.25,896,797,927,833
6,984.0230680507497,111.87427912341407,962,101,1007,124
