label,Centroid-0,Centroid-1,bbox-0,bbox-1,bbox-2,bbox-3
1,798.7663551401869,279.99532710280374,784,257,818,303
2,861.154356846473,532.0580912863071,842,514,885,553
