label,Centroid-0,Centroid-1,bbox-0,bbox-1,bbox-2,bbox-3
1,320.1169176262179,886.5296722763508,298,869,345,907
2,865.4580152671756,517.7001090512541,844,506,889,531
