label,Centroid-0,Centroid-1,bbox-0,bbox-1,bbox-2,bbox-3
1,337.1231079717457,891.619576185671,320,874,357,911
2,728.5748560460653,239.43186180422265,711,221,749,260
3,818.8474737845568,97.94184938036226,800,81,841,118
4,841.3035143769968,1038.0724174653888,823,1023,862,1056
5,909.4756218905472,255.55522388059703,892,239,930,275
6,940.2419898819561,221.30691399662732,919,204,965,242
7,973.320253164557,69.0632911392405,958,54,992,87
8,987.7697594501718,813.3436426116839,967,798,1012,832
