label,Centroid-0,Centroid-1,bbox-0,bbox-1,bbox-2,bbox-3
1,122.18313253012049,568.744578313253,105,552,141,587
2,336.56893203883493,883.173786407767,319,866,357,903
3,600.9254327563249,1271.0159786950733,583,1258,619,1285
4,840.2157303370786,1036.5314606741574,821,1022,861,1053
5,963.2371134020618,82.62772050400916,947,67,983,101
6,1025.9231738035264,1248.545340050378,1012,1229,1040,1269
