label,Centroid-0,Centroid-1,bbox-0,bbox-1,bbox-2,bbox-3
1,333.2223439211391,919.2650602409639,315,899,353,940
2,542.6902173913044,1136.124320652174,518,1112,566,1158
3,832.2590866728798,964.7548928238583,815,947,853,985
4,850.9214876033058,264.25895316804406,833,251,870,278
5,858.902790279028,539.9648964896489,840,522,881,561
6,976.0172413793103,973.5484913793103,959,957,995,992
