label,Centroid-0,Centroid-1,bbox-0,bbox-1,bbox-2,bbox-3
1,336.2541776605101,706.5400175901495,316,689,358,724
2,837.8856243441763,963.5026232948584,821,947,857,983
3,856.5688748685594,543.8096740273396,840,527,876,563
4,868.0154525386314,252.63796909492274,848,238,890,268
5,975.8205741626795,980.2404306220096,959,965,994,997
