label,Centroid-0,Centroid-1,bbox-0,bbox-1,bbox-2,bbox-3
1,324.73084677419354,888.2832661290323,303,874,348,904
2,866.4688128772635,519.7736418511066,844,507,891,533
3,1004.1897321428571,906.4654017857143,990,885,1018,928
4,1023.5310596833131,1110.8465286236296,1007,1094,1040,1127
5,1024.2838983050847,246.3040254237288,1008,228,1040,266
