label,Centroid-0,Centroid-1,bbox-0,bbox-1,bbox-2,bbox-3
1,333.51806167400883,894.3074889867842,315,875,354,915
2,641.1445680068434,1189.2540633019676,622,1168,664,1208
3,717.7304452466907,961.3429602888086,699,944,735,978
4,879.5755693581781,1190.5186335403728,862,1172,899,1209
