label,Centroid-0,Centroid-1,bbox-0,bbox-1,bbox-2,bbox-3
1,12.139513108614231,1338.7762172284645,0,1317,29,1363
2,23.970911949685533,917.1163522012579,6,895,43,941
3,198.31173380035025,1182.739054290718,180,1163,219,1204
4,226.50242718446603,521.2936893203884,207,501,250,546
5,262.6666666666667,854.7257575757576,248,841,279,870
6,283.4110301768991,889.5702393340271,264,873,304,906
7,854.697699890471,1054.4184008762322,843,1032,868,1078
8,898.8049560351718,843.4988009592327,880,815,915,871
9,976.476386036961,110.96714579055441,952,99,1002,123
