label,Centroid-0,Centroid-1,bbox-0,bbox-1,bbox-2,bbox-3
1,329.374686716792,886.7199248120301,302,866,356,908
2,861.5562987736901,518.1226309921963,841,505,884,531
