label,Centroid-0,Centroid-1,bbox-0,bbox-1,bbox-2,bbox-3
1,150.9265944645006,265.81227436823104,136,247,167,286
2,477.0377358490566,1148.9374379344588,460,1131,496,1168
3,528.5542635658915,118.27131782945736,513,103,546,136
4,801.8893360160965,677.5402414486922,780,663,823,694
5,875.5768688293371,882.5232722143865,855,861,897,905
