label,Centroid-0,Centroid-1,bbox-0,bbox-1,bbox-2,bbox-3
1,46.456663560111835,1353.054054054054,27,1335,69,1373
2,151.97625329815304,265.1345646437995,138,247,167,285
3,464.4984615384615,1153.5528205128205,447,1136,484,1173
4,794.0921305182342,675.6391554702495,774,659,817,693
5,874.9433701657458,882.9751381215469,854,861,897,906
6,883.6100917431193,498.54701834862385,867,483,903,517
