label,Centroid-0,Centroid-1,bbox-0,bbox-1,bbox-2,bbox-3
1,152.2688172043011,267.7108721624851,137,250,169,288
2,216.65207100591715,518.1633136094674,201,502,235,537
3,476.06846473029043,1141.6141078838175,459,1125,495,1161
4,620.0140474100087,505.05355575065846,601,486,642,527
5,615.426336375489,590.1512385919166,601,575,633,609
6,650.4049295774648,871.5887323943662,629,851,673,893
7,807.1514878268711,680.8403967538322,788,663,828,700
8,882.7173144876325,893.5123674911661,869,873,897,914
