label,Centroid-0,Centroid-1,bbox-0,bbox-1,bbox-2,bbox-3
1,258.3244837758112,422.08161258603735,241,405,279,443
2,404.50791556728234,1043.8456464379947,387,1031,424,1057
3,441.90625,1200.1145833333333,421,1182,465,1221
4,875.663687150838,448.16201117318434,858,432,896,466
