label,Centroid-0,Centroid-1,bbox-0,bbox-1,bbox-2,bbox-3
1,49.34288121314238,143.98230834035382,31,119,68,170
2,145.75081699346404,983.8390522875817,125,966,169,1004
3,439.5719523373052,1193.3363886342804,423,1174,459,1214
4,990.3385146804836,629.63298791019,971,612,1013,651
