label,Centroid-0,Centroid-1,bbox-0,bbox-1,bbox-2,bbox-3
1,14.352537722908094,107.50205761316873,0,93,32,125
2,366.319309600863,1078.6569579288025,353,1058,382,1101
3,438.88839568801524,1193.733671528218,415,1174,467,1216
4,682.0294478527608,423.5312883435583,666,408,701,442
5,705.7234042553191,486.15602836879435,688,467,726,508
6,737.8328912466843,962.3978779840849,719,945,759,982
