label,Centroid-0,Centroid-1,bbox-0,bbox-1,bbox-2,bbox-3
1,259.7914798206278,1047.7892376681614,246,1028,276,1069
2,347.3513084853291,1151.1744647105472,329,1131,370,1176
3,470.33101265822785,1193.7424050632912,448,1171,495,1219
4,592.0,1341.0854472630174,577,1325,607,1358
5,846.7630465444288,1122.2849083215797,832,1108,863,1138
6,966.563882063882,848.7579852579853,946,836,988,863
