label,Centroid-0,Centroid-1,bbox-0,bbox-1,bbox-2,bbox-3
1,50.98896551724138,151.9406896551724,37,135,66,170
2,269.61611876988337,1068.6723223753977,255,1049,285,1090
3,444.6271186440678,1172.063336306869,426,1154,466,1193
4,493.50715137067937,1251.0327771156137,468,1230,521,1274
5,531.8103651354535,1075.73851590106,515,1058,551,1095
6,737.6009122006842,443.4994298745724,725,423,752,465
7,789.9202657807309,645.0249169435216,772,621,807,669
8,897.5098406747891,577.2577319587629,880,560,919,598
9,918.0600150037509,836.0382595648912,889,820,948,854
