label,Centroid-0,Centroid-1,bbox-0,bbox-1,bbox-2,bbox-3
1,63.603503184713375,139.0214968152866,45,119,88,165
2,413.6741016109046,1087.824039653036,394,1075,435,1102
3,445.80939226519337,1188.4116022099447,427,1170,467,1209
4,640.2063591022444,567.5673316708229,618,544,664,594
5,669.9591029023746,861.1728232189973,654,844,687,878
