label,Centroid-0,Centroid-1,bbox-0,bbox-1,bbox-2,bbox-3
1,258.50077041602464,1047.3929121725732,246,1031,272,1064
2,475.2340126493324,1191.0238931834153,456,1169,497,1216
3,530.3358547655068,409.4538577912254,518,393,543,427
4,845.7976501305483,1121.1488250652742,831,1106,863,1138
5,967.0474406991261,848.41822721598,947,835,988,862
