label,Centroid-0,Centroid-1,bbox-0,bbox-1,bbox-2,bbox-3
1,440.31534569983137,1205.7403035413154,422,1186,460,1227
