label,Centroid-0,Centroid-1,bbox-0,bbox-1,bbox-2,bbox-3
1,65.54941551540914,280.0425079702444,48,264,87,299
2,152.92220969560316,374.7012401352875,137,357,172,395
3,216.588,1232.2346666666667,198,1220,236,1246
4,239.04601769911505,1313.9345132743363,219,1297,263,1335
5,266.79553903345726,1049.7806691449814,251,1033,284,1067
6,445.4344335414808,1201.0472792149867,426,1183,467,1219
7,739.6179952644042,871.1065509076559,721,851,760,894
