label,Centroid-0,Centroid-1,bbox-0,bbox-1,bbox-2,bbox-3
1,57.09030347890452,1166.8719467061435,36,1146,80,1190
2,441.17853658536586,1195.6741463414635,425,1177,461,1216
3,870.4644616467276,1203.7902885292049,851,1182,894,1228
4,996.4116094986807,620.6029023746702,978,608,1016,633
5,1031.5675213675213,981.9521367521368,1021,962,1040,1002
