label,Centroid-0,Centroid-1,bbox-0,bbox-1,bbox-2,bbox-3
1,152.01724137931035,268.2389162561576,137,251,169,288
2,216.46075949367088,508.206329113924,200,493,235,525
3,475.8680203045685,1141.6467005076142,458,1124,495,1161
4,620.0905096660808,505.23989455184534,601,487,643,527
5,653.3000845308537,874.9771766694844,634,856,673,894
6,806.542404473439,681.2684063373719,788,664,827,701
7,882.7985697258641,893.1620977353992,870,873,897,914
