label,Centroid-0,Centroid-1,bbox-0,bbox-1,bbox-2,bbox-3
1,258.22738095238094,1046.2214285714285,246,1026,271,1068
2,311.8021978021978,637.6275946275946,296,621,330,657
3,344.92537313432837,1167.863184079602,333,1148,359,1189
4,468.1039697542533,1202.1688720856962,441,1184,500,1223
5,551.0072522159548,1243.3255439161967,531,1224,574,1265
6,846.4068965517241,1122.5862068965516,831,1108,863,1139
7,966.5986055776892,848.7878486055777,942,836,992,863
