label,Centroid-0,Centroid-1,bbox-0,bbox-1,bbox-2,bbox-3
1,69.45965270684371,1225.0551583248212,53,1207,89,1247
2,436.16483516483515,1169.018981018981,418,1152,456,1188
3,635.121565934066,1071.9237637362637,611,1050,660,1095
