label,Centroid-0,Centroid-1,bbox-0,bbox-1,bbox-2,bbox-3
1,45.56550802139037,1194.4465240641712,30,1178,62,1212
2,327.46243739565944,1183.8363939899832,307,1165,350,1205
3,433.19614417435037,1196.2699077954735,415,1175,453,1219
4,446.533462657614,490.4219204655674,430,472,468,513
5,476.5981432360743,1380.129973474801,459,1366,495,1392
6,777.7556109725685,695.5785536159601,756,679,802,714
