label,Centroid-0,Centroid-1,bbox-0,bbox-1,bbox-2,bbox-3
1,440.45915492957744,1187.8807511737089,421,1170,461,1207
2,604.9491666666667,492.0933333333333,586,472,626,514
3,639.4561855670103,1059.7925257731958,624,1043,656,1078
4,763.3800259403372,768.5226977950713,748,751,779,788
5,896.9958217270195,1009.4442896935933,879,996,915,1023
