label,Centroid-0,Centroid-1,bbox-0,bbox-1,bbox-2,bbox-3
1,413.09375,1059.7766203703704,396,1043,433,1079
2,446.43070539419085,1199.1535269709543,428,1177,467,1220
3,594.5279931093885,826.0645994832041,578,806,616,850
4,699.3315972222222,801.2977430555555,678,785,723,819
