label,Centroid-0,Centroid-1,bbox-0,bbox-1,bbox-2,bbox-3
1,376.3530183727034,1072.8267716535433,362,1057,394,1091
2,432.1388888888889,1201.0444444444445,416,1184,450,1220
3,614.1805433829974,887.230499561788,595,869,637,909
4,679.4097222222222,638.5269097222222,660,620,702,660
5,748.9899845916796,1293.7265023112482,731,1272,770,1317
6,769.9705357142857,995.0223214285714,752,976,791,1016
7,813.3748925193465,1016.0421324161651,795,996,834,1038
