label,Centroid-0,Centroid-1,bbox-0,bbox-1,bbox-2,bbox-3
1,447.33012512030797,1180.4850818094321,430,1162,466,1200
2,622.4533333333334,507.830303030303,608,489,639,527
