label,Centroid-0,Centroid-1,bbox-0,bbox-1,bbox-2,bbox-3
1,157.2712815715622,450.71468662301214,139,432,179,473
2,430.7812197483059,1161.515972894482,413,1144,451,1181
