label,Centroid-0,Centroid-1,bbox-0,bbox-1,bbox-2,bbox-3
1,258.226148409894,1046.6148409893992,245,1026,271,1068
2,357.3969097054563,1177.481892805408,334,1143,390,1211
3,463.9385307346327,1198.616191904048,442,1180,490,1220
4,587.7445820433436,1340.6269349845202,573,1326,603,1355
5,846.4159779614325,1122.4972451790634,831,1108,863,1138
6,965.4774869109948,848.4921465968587,942,835,990,863
