label,Centroid-0,Centroid-1,bbox-0,bbox-1,bbox-2,bbox-3
1,153.1291108404385,376.78562728380024,139,360,170,397
2,232.87997107736805,1316.0751988430948,210,1299,258,1336
3,266.275,1052.9315217391304,251,1034,284,1074
4,402.64591977869986,1217.0525587828492,385,1205,421,1231
5,443.1280133000831,1198.9418121363258,423,1181,464,1219
6,738.8828058169375,872.5483319076134,720,853,760,894
7,941.2160864345739,1266.9723889555823,923,1254,962,1283
