label,Centroid-0,Centroid-1,bbox-0,bbox-1,bbox-2,bbox-3
1,119.95771878072763,1373.5486725663716,102,1355,140,1392
2,406.6818830242511,1063.5435092724679,392,1047,422,1081
3,440.4287072243346,1205.9600760456274,422,1189,461,1225
4,592.8544303797469,822.7748643761302,575,801,613,844
5,815.9047210300429,842.0188841201717,795,824,839,863
