label,Centroid-0,Centroid-1,bbox-0,bbox-1,bbox-2,bbox-3
1,118.64007782101167,1372.353112840467,99,1355,140,1391
2,407.31019036954086,1066.481522956327,392,1047,424,1088
3,442.0321739130435,1209.2278260869566,423,1191,463,1230
4,592.4703703703703,821.8787037037036,575,800,613,843
5,790.0897435897435,1355.4395604395604,770,1330,811,1381
