label,Centroid-0,Centroid-1,bbox-0,bbox-1,bbox-2,bbox-3
1,380.2022900763359,1045.151717557252,364,1026,399,1068
2,434.5162827640985,1200.5178713264495,418,1176,456,1224
3,616.5826155050901,606.6515270164448,595,588,641,629
