label,Centroid-0,Centroid-1,bbox-0,bbox-1,bbox-2,bbox-3
1,429.99116781158,1168.233562315996,413,1150,448,1188
2,635.7456073338426,1074.951871657754,613,1056,660,1096
