label,Centroid-0,Centroid-1,bbox-0,bbox-1,bbox-2,bbox-3
1,374.348054679285,1071.6098843322818,353,1058,397,1085
2,438.47095435684645,1198.2510373443984,422,1180,457,1218
3,675.3893805309734,644.37069813176,659,624,694,667
4,750.5990909090909,1291.7463636363636,733,1273,771,1313
5,767.2291666666666,994.3310185185185,751,979,786,1012
