label,Centroid-0,Centroid-1,bbox-0,bbox-1,bbox-2,bbox-3
1,259.3924794359577,1048.7015276145712,246,1030,274,1069
2,484.47639182522903,1207.553911205074,463,1189,509,1230
3,846.6599526066351,1123.351895734597,830,1108,865,1141
4,966.2312444836716,151.77493380406003,944,136,991,170
5,968.5949612403101,850.5203488372093,944,837,994,865
6,1020.6889661164205,378.3336229365769,1002,360,1040,400
