label,Centroid-0,Centroid-1,bbox-0,bbox-1,bbox-2,bbox-3
1,290.35751295336786,1292.669689119171,278,1274,305,1312
2,452.7002997002997,1175.7492507492507,435,1159,472,1194
