label,Centroid-0,Centroid-1,bbox-0,bbox-1,bbox-2,bbox-3
1,150.61818181818182,266.8363636363636,136,249,168,287
2,479.5568181818182,1146.5630165289256,462,1130,498,1164
3,802.8711721224921,677.6251319957761,782,663,824,693
4,875.6008037508373,884.0415271265907,855,862,897,907
