label,Centroid-0,Centroid-1,bbox-0,bbox-1,bbox-2,bbox-3
1,150.8098676293622,266.5800240673887,136,248,167,287
2,477.84375,1142.8782327586207,462,1125,496,1163
3,804.1090146750524,677.7955974842768,784,662,824,694
4,835.7801047120419,435.7107329842932,820,421,854,451
5,876.221852098601,883.2038640906063,855,861,898,907
