label,Centroid-0,Centroid-1,bbox-0,bbox-1,bbox-2,bbox-3
1,117.15807962529274,151.11007025761126,105,130,130,173
2,376.5364741641337,1069.998480243161,362,1055,392,1086
3,430.4890310786106,1200.8647166361975,413,1182,452,1222
4,617.3654587509637,889.6252891287587,596,870,640,910
5,680.0650980392157,637.7545098039216,659,620,704,658
6,749.2074425969913,1294.0229612034839,731,1273,770,1317
7,767.8346855983773,994.9594320486815,752,975,785,1016
8,812.6036745406824,1016.9466316710411,794,998,833,1039
