label,Centroid-0,Centroid-1,bbox-0,bbox-1,bbox-2,bbox-3
1,131.30048309178744,199.2096618357488,115,179,151,223
2,195.2566765578635,367.6439169139466,183,353,210,385
3,253.42729591836735,265.5599489795918,237,252,273,282
4,268.2028169014084,1049.1887323943663,254,1034,284,1066
5,410.7298578199052,1278.4628751974724,396,1266,427,1293
6,426.70271710175814,1204.4432605221098,399,1176,452,1231
7,575.3043103448276,914.6655172413793,557,897,598,937
8,644.6053067993366,628.8457711442786,624,611,668,647
9,1017.3040293040293,1383.1043956043957,1000,1373,1035,1392
