label,Centroid-0,Centroid-1,bbox-0,bbox-1,bbox-2,bbox-3
1,65.58874458874459,280.74891774891773,48,265,86,300
2,155.69078947368422,372.88345864661653,137,354,177,394
3,221.08604206500956,1240.6625239005737,203,1223,242,1261
4,235.66883116883116,1316.702380952381,219,1299,254,1337
5,265.5637663885578,1049.9082240762814,250,1032,282,1068
6,447.7184054283291,1198.576759966073,428,1180,471,1216
7,738.5436598329537,868.8762338648444,722,845,759,893
