label,Centroid-0,Centroid-1,bbox-0,bbox-1,bbox-2,bbox-3
1,269.963963963964,1065.8758758758759,253,1049,290,1086
2,482.2043010752688,1226.105083088954,453,1200,509,1250
3,522.2931596091205,1048.8026058631922,499,1029,550,1071
4,734.4686156491831,1045.8392089423903,715,1028,757,1067
5,748.9827715355805,547.501872659176,725,530,775,567
6,900.6445595854922,598.0,885,579,918,619
7,933.1979218208808,845.0935180603661,904,823,968,868
