label,Centroid-0,Centroid-1,bbox-0,bbox-1,bbox-2,bbox-3
1,61.42407553107789,137.4012588512982,42,118,86,163
2,442.5258449304175,1191.5387673956263,424,1175,462,1210
3,638.946992257296,565.7587849910661,615,543,665,592
