label,Centroid-0,Centroid-1,bbox-0,bbox-1,bbox-2,bbox-3
1,152.81588902900378,263.98738965952083,139,245,168,284
2,219.70982839313572,502.6271450858034,205,489,236,518
3,465.8895966029724,1159.8460721868364,448,1143,485,1177
4,776.6074646074646,683.9137709137709,762,667,793,702
5,829.59477124183,438.4782135076253,815,420,846,460
6,876.4792060491493,878.2920604914934,857,860,895,900
