label,Centroid-0,Centroid-1,bbox-0,bbox-1,bbox-2,bbox-3
1,121.84745762711864,1243.433615819209,107,1229,139,1260
2,153.98698481561823,266.36225596529283,137,249,174,287
3,216.83860414394766,513.9847328244275,200,498,237,533
4,471.99894625922025,1152.4994731296101,455,1136,491,1172
5,620.379679144385,504.4830659536542,601,487,644,525
6,807.3142076502733,681.6102003642987,789,664,828,701
7,833.5704225352113,438.3360160965795,817,420,854,460
8,879.1902439024391,894.5385365853658,859,873,897,914
