label,Centroid-0,Centroid-1,bbox-0,bbox-1,bbox-2,bbox-3
1,152.9318181818182,286.0426136363636,135,274,172,298
2,436.8515699333968,1179.2997145575641,419,1162,458,1199
3,661.0931239848403,871.1115322144017,636,846,687,901
4,736.3248451479698,964.5299380591879,715,942,758,989
