label,Centroid-0,Centroid-1,bbox-0,bbox-1,bbox-2,bbox-3
1,17.107830551989732,120.58279845956355,2,105,35,139
2,374.16970802919707,1074.5802919708028,354,1059,399,1094
3,436.0529270248597,1192.2028869286287,414,1173,459,1213
4,712.3663060278207,492.07650695517776,693,468,733,516
5,748.1689351481185,1297.181745396317,729,1278,771,1320
6,764.4446786090622,992.9346680716544,748,976,783,1012
