label,Centroid-0,Centroid-1,bbox-0,bbox-1,bbox-2,bbox-3
1,151.82875,265.6425,137,247,168,286
2,474.1095041322314,1156.9504132231405,456,1140,493,1175
3,651.5718518518519,892.4385185185185,638,876,666,910
4,669.2706964520368,248.59789750328514,654,234,687,266
5,799.7770491803278,677.616393442623,779,664,822,691
6,875.7255717255717,883.0956340956341,855,861,897,906
