label,Centroid-0,Centroid-1,bbox-0,bbox-1,bbox-2,bbox-3
1,71.2354570637119,283.8157894736842,57,269,89,301
2,260.57800224466894,1049.3198653198654,245,1031,278,1069
3,456.0576923076923,1197.4807692307693,435,1175,478,1221
4,738.7180423666911,857.8970051132213,720,831,758,886
5,811.3188571428572,1377.8342857142857,794,1362,830,1392
