label,Centroid-0,Centroid-1,bbox-0,bbox-1,bbox-2,bbox-3
1,258.5249695493301,1047.5834348355663,246,1028,272,1068
2,358.608195902049,1180.3568215892053,332,1149,390,1211
3,465.2071960297767,1203.4249379652606,441,1184,495,1225
4,587.658692185008,1340.8277511961724,573,1327,603,1355
5,846.417004048583,1122.8731443994602,831,1108,863,1139
6,966.1122345803842,848.8463094034378,942,835,991,863
