label,Centroid-0,Centroid-1,bbox-0,bbox-1,bbox-2,bbox-3
1,407.875641025641,1061.7358974358974,390,1047,427,1078
2,439.25325884543764,1208.0232774674116,422,1189,459,1230
3,594.4794979079497,825.907949790795,575,806,615,848
4,700.3148936170213,800.8953191489362,680,783,723,821
