label,Centroid-0,Centroid-1,bbox-0,bbox-1,bbox-2,bbox-3
1,260.58546571136134,1045.82088024565,245,1026,278,1066
2,465.5771263815473,1195.6266218164344,435,1175,496,1220
3,467.33914209115284,243.41689008042894,451,230,486,259
4,530.5391304347826,403.4530434782609,510,386,553,423
5,820.6760030280091,335.45268735806206,801,314,843,360
6,846.1678035470668,1121.8594815825375,832,1106,863,1139
7,965.9924146649811,848.085967130215,946,835,987,862
