label,Centroid-0,Centroid-1,bbox-0,bbox-1,bbox-2,bbox-3
1,438.792364990689,1172.1517690875232,420,1154,458,1191
