label,Centroid-0,Centroid-1,bbox-0,bbox-1,bbox-2,bbox-3
1,158.94851657940663,1145.1483420593368,140,1127,181,1166
2,259.3782201405152,1048.8618266978922,245,1029,274,1070
3,484.32295988934993,1209.6265560165975,462,1187,508,1234
4,970.3761829652997,850.0828075709779,941,835,1001,866
5,962.5395189003436,144.43757159221076,942,131,985,160
6,1018.1627358490566,376.8380503144654,997,358,1040,398
