label,Centroid-0,Centroid-1,bbox-0,bbox-1,bbox-2,bbox-3
1,261.5263748597082,1267.3804713804714,245,1250,280,1287
2,449.34151329243355,1179.402862985685,432,1163,469,1197
3,623.1484464902186,508.81127733026466,607,490,640,529
4,665.3571428571429,874.3,649,855,683,894
