label,Centroid-0,Centroid-1,bbox-0,bbox-1,bbox-2,bbox-3
1,441.56555944055947,1185.5305944055945,421,1167,464,1205
2,549.917878528657,988.5175363558598,529,972,573,1007
3,598.1209781209781,488.2046332046332,585,469,613,508
4,640.8169761273209,1057.838196286472,626,1041,657,1076
5,662.6352793471438,865.2881355932203,639,843,690,890
