label,Centroid-0,Centroid-1,bbox-0,bbox-1,bbox-2,bbox-3
1,175.17244525547446,1308.2335766423357,157,1290,197,1330
2,355.5626477541371,1072.1213553979512,337,1051,376,1096
3,438.3920792079208,1193.009900990099,416,1175,465,1218
4,636.5404580152672,1030.4954198473283,617,1011,660,1053
5,928.7747826086957,829.5130434782609,909,812,951,850
