label,Centroid-0,Centroid-1,bbox-0,bbox-1,bbox-2,bbox-3
1,443.7533081285444,1201.01606805293,426,1183,464,1221
2,862.9325203252032,862.0349593495935,842,844,885,882
3,1030.27868852459,979.2697466467959,1019,958,1040,999
