label,Centroid-0,Centroid-1,bbox-0,bbox-1,bbox-2,bbox-3
1,153.31151832460733,265.3782722513089,138,249,171,284
2,218.062656641604,513.8671679197995,203,498,236,532
3,341.6676300578035,597.7880539499037,325,580,363,620
4,478.829185520362,1140.804298642534,462,1124,497,1159
5,620.3954081632653,504.57057823129253,601,486,644,526
6,653.7625899280575,874.1178057553957,635,856,674,893
7,805.709,679.541,788,663,826,698
8,874.7419601837672,880.0849923430321,855,859,894,902
