label,Centroid-0,Centroid-1,bbox-0,bbox-1,bbox-2,bbox-3
1,195.6379468377635,1111.3968835930339,177,1093,217,1132
2,370.9414951245937,1074.1354279523293,355,1057,390,1094
3,423.88734455010973,1197.3408924652524,402,1175,445,1218
4,621.2857142857143,1335.511544011544,600,1316,645,1358
5,651.8644610458912,851.0586979722518,628,811,676,894
6,908.9117402164862,522.9691923397169,889,505,932,544
7,959.8534405719392,540.6916890080429,939,526,985,560
8,992.2096774193549,342.53225806451616,972,330,1013,356
