label,Centroid-0,Centroid-1,bbox-0,bbox-1,bbox-2,bbox-3
1,131.34460547504025,1241.7890499194848,112,1223,156,1264
2,154.37810383747177,264.45598194130923,137,249,175,283
3,235.54589963280293,507.98408812729497,220,493,254,526
4,386.51819184123485,1114.037486218302,370,1097,405,1132
5,619.8759689922481,504.56761412575366,601,486,643,525
6,617.4950711938664,590.223439211391,601,574,637,609
7,686.5875663381349,889.9287338893101,663,872,712,911
8,806.9719806763285,681.1787439613527,788,664,828,699
9,879.0936170212766,898.3906382978723,861,874,896,923
