label,Centroid-0,Centroid-1,bbox-0,bbox-1,bbox-2,bbox-3
1,15.868187579214196,484.8238276299113,0,470,34,502
2,134.949203187251,1240.3107569721114,118,1221,154,1261
3,152.0894800483676,264.0652962515115,137,247,169,284
4,621.0208152645273,502.57502168256724,602,484,644,523
5,620.165757906216,588.485278080698,604,572,639,607
6,694.9703557312253,892.8458498023715,676,877,716,912
7,772.0622710622711,1275.8632478632478,756,1259,790,1295
8,824.7275943396227,435.00943396226415,809,419,844,454
9,852.4466154919749,888.4884856943476,831,868,875,911
