label,Centroid-0,Centroid-1,bbox-0,bbox-1,bbox-2,bbox-3
1,443.19959677419354,1179.1965725806451,426,1161,462,1197
2,551.7877813504823,980.0578778135048,537,967,567,995
3,639.7847222222222,1058.3361111111112,625,1042,656,1076
4,662.074542008844,868.3910296904611,638,847,690,893
5,737.1281588447654,965.4675090252707,719,947,758,986
