label,Centroid-0,Centroid-1,bbox-0,bbox-1,bbox-2,bbox-3
1,141.12488928255092,1135.3153232949512,123,1116,162,1157
2,152.51436031331593,265.3524804177546,139,247,167,285
3,221.59612518628913,502.9597615499255,206,489,239,518
4,467.59652928416483,1155.9869848156181,451,1140,487,1174
5,834.6505847953216,434.156432748538,818,421,852,448
6,874.843997124371,883.1114306254493,854,862,896,905
